,序号,代码,名称,现价,涨跌幅,涨跌,涨速,换手,量比,振幅,成交额,流通股,流通市值,市盈率
0,1,002371,北方华创,412.3,1.73,7.02,0.0,1.92,1.38,4.86,42.27亿,5.33亿,2196.16亿,36.94
1,2,600612,老凤祥,56.77,8.59,4.49,0.0,3.32,2.93,9.18,5.86亿,3.17亿,180.02亿,12.54
2,3,300114,中航电测,77.4,5.91,4.32,0.0,7.03,1.95,9.71,33.04亿,5.91亿,457.25亿,332.22
3,4,688297,中无人机,43.25,5.88,2.4,-0.05,5.9,2.94,7.22,6.90亿,2.72亿,117.48亿,--
4,5,688563,航材股份,57.4,4.29,2.36,-0.1,2.44,2.27,5.5,1.61亿,1.15亿,66.12亿,44.44
5,6,688543,国科军工,50.56,4.18,2.03,-0.02,6.1,2.45,6.45,2.71亿,0.88亿,44.62亿,44.64
6,7,600391,航发科技,21.78,10.0,1.98,0.0,2.19,0.9,0.0,1.58亿,3.30亿,71.90亿,101.10
7,8,300557,理工光科,34.18,5.99,1.93,0.03,8.69,1.63,9.46,2.66亿,0.91亿,31.27亿,88.87
8,9,600486,扬农化工,57.45,3.37,1.87,0.0,0.87,1.43,4.01,1.99亿,4.03亿,231.45亿,17.08
9,10,600506,统一股份,19.88,10.02,1.81,0.0,12.76,0.78,9.41,3.67亿,1.48亿,29.36亿,107.47
10,11,002778,中晟高科,18.19,9.98,1.65,0.0,8.0,2.84,10.34,1.77亿,1.23亿,22.45亿,--
11,12,002190,成飞集成,18.01,10.02,1.64,0.0,1.15,1.39,0.0,0.74亿,3.59亿,64.61亿,--
12,13,600593,大连圣亚,39.41,4.07,1.54,0.08,11.63,1.14,8.74,5.89亿,1.29亿,50.76亿,36.20
13,14,831087,秋乐种业,12.96,11.24,1.31,0.0,10.08,3.21,19.91,2.07亿,1.61亿,20.88亿,174.25
14,15,603099,长白山,44.29,3.02,1.3,-0.02,7.47,1.24,6.75,8.87亿,2.67亿,118.11亿,59.92
15,16,002552,宝鼎科技,13.63,10.01,1.24,0.0,4.2,3.29,11.22,1.79亿,3.20亿,43.65亿,37.11
16,17,300469,信息发展,24.33,5.33,1.23,-0.08,10.8,1.11,6.45,6.43亿,2.48亿,60.40亿,--
17,18,603920,世运电路,31.18,4.04,1.21,0.0,4.95,1.5,6.61,11.08亿,7.19亿,224.31亿,34.84
18,19,002265,建设工业,23.5,5.33,1.19,-0.09,34.46,1.54,17.3,32.31亿,4.03亿,94.73亿,99.38
19,20,300087,荃银高科,12.35,10.66,1.19,0.08,11.79,2.63,14.7,12.90亿,8.96亿,110.64亿,--
20,21,600519,贵州茅台,1528.97,0.08,1.18,0.0,0.17,0.97,1.08,31.70亿,12.56亿,19206.90亿,23.68
21,22,600764,中国海防,29.16,4.07,1.14,-0.03,1.77,0.93,6.46,3.62亿,7.11亿,207.22亿,104.26
22,23,002449,国星光电,12.28,10.04,1.12,0.0,39.74,1.39,10.04,29.35亿,6.16亿,75.71亿,85.39
23,24,000661,长春高新,101.31,1.11,1.11,0.01,0.96,1.16,2.48,3.88亿,4.00亿,404.76亿,11.12
24,25,000998,隆平高科,11.55,10.0,1.05,0.0,6.65,4.73,10.48,9.84亿,13.15亿,151.89亿,--
25,26,000501,武商集团,11.09,10.02,1.01,0.0,7.21,1.49,7.84,5.99亿,7.68亿,85.20亿,51.53
26,27,000759,中百集团,10.81,9.97,0.98,0.0,23.38,0.97,8.14,16.29亿,6.56亿,70.88亿,--
27,28,600104,上汽集团,19.81,5.15,0.97,0.1,1.49,1.89,9.77,33.43亿,115.75亿,2293.07亿,24.90
28,29,600316,洪都航空,31.64,3.16,0.97,-0.03,2.39,2.24,3.68,5.42亿,7.17亿,226.90亿,1196.75
29,30,601456,国联证券,14.28,7.13,0.95,-0.07,12.5,3.3,9.3,42.61亿,23.89亿,341.17亿,76.61
30,31,300470,中密控股,41.8,2.2,0.9,-0.07,4.8,0.86,4.33,3.85亿,1.93亿,80.70亿,24.09
31,32,600692,亚通股份,9.64,10.05,0.88,0.0,10.82,2.54,9.02,2.61亿,2.55亿,24.58亿,566.32
32,33,300323,华灿光电,8.66,11.17,0.87,0.0,26.21,1.72,20.92,20.30亿,8.79亿,76.13亿,--
33,34,000423,东阿阿胶,63.22,1.38,0.86,0.03,0.74,0.75,2.44,3.01亿,6.44亿,407.12亿,26.51
34,35,600760,中航沈飞,50.46,1.73,0.86,-0.08,1.57,2.4,4.6,22.10亿,27.45亿,1384.99亿,57.37
35,36,300694,蠡湖股份,16.14,5.56,0.85,0.0,10.11,1.54,8.04,3.56亿,2.15亿,34.75亿,61.61
36,37,000936,华西股份,9.25,9.99,0.84,0.0,17.34,1.45,12.72,13.57亿,8.86亿,81.94亿,47.67
37,38,300722,新余国科,28.46,3.04,0.84,0.0,3.26,2.86,4.89,2.57亿,2.77亿,78.76亿,89.84
38,39,001328,登康口腔,32.08,2.66,0.83,0.0,3.58,0.78,4.0,0.49亿,0.43亿,13.81亿,35.12
39,40,000697,炼石航空,9.02,10.0,0.82,0.0,4.19,2.03,6.22,2.09亿,5.64亿,50.87亿,--
40,41,001258,立新能源,8.31,10.07,0.76,0.0,15.9,1.4,9.93,5.94亿,4.69亿,38.95亿,44.90
41,42,301217,铜冠铜箔,11.33,7.09,0.75,-0.09,12.03,5.84,17.86,3.18亿,2.29亿,25.95亿,--
42,43,688750,金天钛业,22.26,3.49,0.75,0.0,13.42,2.63,4.7,2.31亿,0.77亿,17.23亿,66.08
43,44,833394,民士达,19.83,3.82,0.73,0.0,6.5,1.65,5.71,0.62亿,0.48亿,9.51亿,30.75
44,45,603677,奇精机械,13.29,5.73,0.72,0.0,1.66,1.43,7.88,0.42亿,1.93亿,25.60亿,37.11
45,46,000096,广聚能源,12.78,5.79,0.7,0.0,1.8,1.09,7.45,1.17亿,5.11亿,65.29亿,75.63
46,47,600449,宁夏建材,15.01,4.89,0.7,0.0,5.3,1.1,5.94,3.77亿,4.78亿,71.78亿,31.51
47,48,601798,蓝科高新,7.7,10.0,0.7,0.0,5.22,0.51,9.0,1.42亿,3.55亿,27.30亿,--
48,49,003009,中天火箭,39.98,1.76,0.69,0.03,0.98,1.53,2.04,0.61亿,1.55亿,62.13亿,271.13
49,50,000713,丰乐种业,7.5,9.97,0.68,0.0,8.04,2.53,10.7,3.63亿,6.14亿,46.05亿,--
50,51,002297,博云新材,7.44,10.06,0.68,0.0,9.67,5.7,7.99,4.06亿,5.73亿,42.64亿,--
51,52,600598,北大荒,15.05,4.66,0.67,0.0,2.71,3.37,5.01,7.14亿,17.78亿,267.54亿,14.89
52,53,600750,江中药业,22.22,3.11,0.67,0.05,1.96,1.73,3.94,2.70亿,6.27亿,139.35亿,16.53
53,54,000768,中航西飞,26.72,2.45,0.64,0.11,1.2,2.46,2.38,8.87亿,27.69亿,739.78亿,59.07
54,55,600150,中国船舶,36.44,1.79,0.64,0.03,1.55,1.83,3.02,25.24亿,44.72亿,1629.75亿,53.83
55,56,002820,桂发祥,13.71,4.82,0.63,-0.07,18.84,1.67,11.7,5.11亿,2.00亿,27.44亿,57.83
56,57,000553,安道麦A,6.81,10.02,0.62,0.0,0.61,0.55,9.53,0.89亿,21.77亿,148.26亿,--
57,58,000777,中核科技,18.07,3.55,0.62,0.0,4.31,2.04,3.32,2.95亿,3.83亿,69.28亿,44.91
58,59,300697,电工合金,11.75,5.48,0.61,-0.34,4.16,2.93,8.17,1.24亿,2.55亿,29.94亿,31.86
59,60,600097,开创国际,10.03,6.48,0.61,0.0,4.31,2.27,9.13,1.03亿,2.41亿,24.17亿,110.65
60,61,601226,华电科工,6.71,10.0,0.61,0.0,3.17,4.77,10.33,2.42亿,11.62亿,77.99亿,54.55
61,62,300290,荣科科技,19.93,3.05,0.59,-0.15,6.21,1.55,8.17,8.01亿,6.39亿,127.40亿,--
62,63,300808,久量股份,22.73,2.67,0.59,0.0,2.7,1.15,7.0,0.65亿,1.05亿,23.91亿,--
63,64,000151,中成股份,14.28,4.23,0.58,-0.07,3.57,1.14,7.45,1.57亿,3.08亿,43.97亿,--
64,65,000880,潍柴重机,19.1,3.13,0.58,0.0,52.51,1.6,14.04,16.34亿,1.62亿,30.97亿,32.86
65,66,002179,中航光电,39.8,1.48,0.58,0.0,1.14,2.02,3.31,9.43亿,20.64亿,821.36亿,25.18
66,67,600511,国药股份,34.71,1.67,0.57,0.0,0.57,0.91,2.37,1.09亿,5.53亿,192.07亿,13.26
67,68,600973,宝胜股份,6.29,9.96,0.57,0.0,13.86,0.99,3.32,11.94亿,13.71亿,86.26亿,258.91
68,69,600313,农发种业,7.27,8.02,0.54,0.0,8.23,2.44,9.81,6.34亿,10.82亿,78.68亿,106.57
69,70,601156,东航物流,17.17,3.25,0.54,-0.06,1.75,1.64,3.49,2.82亿,9.45亿,162.19亿,9.89
70,71,600584,长电科技,40.45,1.3,0.52,0.0,5.29,1.59,4.61,38.39亿,17.89亿,723.82亿,50.44
71,72,000811,冰轮环境,12.07,4.41,0.51,0.0,5.89,1.51,6.23,5.20亿,7.46亿,90.02亿,14.59
72,73,600858,银座股份,5.65,9.92,0.51,0.0,7.37,2.16,12.45,2.08亿,5.18亿,29.24亿,18.84
73,74,001338,永顺泰,11.23,4.66,0.5,-0.09,7.3,2.09,6.9,1.92亿,2.36亿,26.50亿,19.23
74,75,836892,广咨国际,11.45,4.57,0.5,0.0,1.21,1.75,5.57,0.18亿,1.34亿,15.29亿,25.27
75,76,600418,江淮汽车,39.46,1.26,0.49,0.0,3.52,1.04,3.62,30.39亿,21.84亿,861.81亿,103.40
76,77,000429,粤高速A,14.0,3.47,0.47,0.14,0.92,1.16,3.7,1.64亿,13.03亿,182.47亿,16.18
77,78,002163,海南发展,9.92,4.97,0.47,0.0,4.16,0.95,8.04,3.31亿,8.04亿,79.71亿,--
78,79,600861,北京人力,19.99,2.41,0.47,0.0,1.25,2.24,5.02,0.92亿,3.67亿,73.28亿,13.23
79,80,000733,振华科技,43.67,1.06,0.46,0.09,1.82,1.37,2.08,4.42亿,5.54亿,241.83亿,28.16
80,81,600156,华升股份,5.06,10.0,0.46,0.0,4.38,1.09,10.44,0.87亿,4.02亿,20.35亿,--
81,82,600238,海南椰岛,7.66,6.39,0.46,0.0,6.65,1.05,8.33,2.23亿,4.45亿,34.09亿,--
82,83,600378,昊华科技,29.95,1.56,0.46,-0.07,0.28,0.97,2.48,0.76亿,9.11亿,272.74亿,29.26
83,84,002304,洋河股份,84.02,0.54,0.45,0.02,0.25,0.81,1.47,3.10亿,15.03亿,1262.57亿,11.07
84,85,002393,力生制药,17.92,2.58,0.45,0.0,1.55,1.19,4.01,0.71亿,2.55亿,45.77亿,20.48
85,86,002149,西部材料,18.0,2.51,0.44,0.0,2.71,0.91,5.3,2.39亿,4.88亿,87.87亿,47.81
86,87,601952,苏垦农发,10.3,4.46,0.44,0.0,2.2,4.82,5.38,3.09亿,13.78亿,141.93亿,23.33
87,88,603395,红四方,53.15,0.83,0.44,0.0,16.23,0.78,3.7,3.49亿,0.40亿,21.45亿,71.28
88,89,002338,奥普光电,39.8,1.09,0.43,-0.03,2.59,1.25,3.02,2.49亿,2.40亿,95.52亿,157.81
89,90,301091,深城交,50.56,0.86,0.43,0.0,5.02,1.34,5.17,7.35亿,2.84亿,143.55亿,259.83
90,91,600416,湘电股份,11.27,3.97,0.43,-0.09,2.33,2.65,5.07,3.47亿,13.25亿,149.37亿,66.76
91,92,603881,数据港,19.59,2.24,0.43,0.0,10.45,1.74,8.25,12.40亿,5.99亿,117.28亿,83.70
92,93,002205,国统股份,9.25,4.76,0.42,0.0,11.86,0.75,8.27,2.04亿,1.86亿,17.19亿,--
93,94,600072,中船科技,14.94,2.89,0.42,0.07,7.98,1.03,5.03,12.84亿,10.83亿,161.85亿,--
94,95,600299,安迪苏,11.95,3.64,0.42,-0.17,0.45,1.75,3.21,1.43亿,26.82亿,320.49亿,23.96
95,96,688375,国博电子,48.42,0.88,0.42,-0.08,0.79,1.62,2.62,1.02亿,2.65亿,128.54亿,70.64
96,97,000786,北新建材,30.39,1.37,0.41,0.0,0.87,0.94,2.57,4.31亿,16.32亿,496.10亿,12.24
97,98,002232,启明信息,20.28,2.06,0.41,-0.05,4.08,0.79,4.38,3.37亿,4.09亿,82.85亿,--
98,99,300073,当升科技,41.7,0.97,0.4,0.0,1.93,0.99,2.57,4.06亿,5.05亿,210.74亿,34.12
99,100,600298,安琪酵母,36.37,1.11,0.4,-0.03,0.51,0.8,2.0,1.57亿,8.54亿,310.78亿,24.86
100,101,600969,郴电国际,6.88,6.17,0.4,0.15,4.31,2.15,6.79,1.09亿,3.70亿,25.46亿,31.59
101,102,601595,上海电影,25.6,1.59,0.4,0.04,1.91,1.1,4.68,2.18亿,4.48亿,114.74亿,80.12
102,103,603069,海汽集团,18.97,2.15,0.4,0.0,2.07,0.96,4.63,1.24亿,3.16亿,59.95亿,--
103,104,002066,瑞泰科技,10.37,3.91,0.39,-0.1,2.42,1.45,7.51,0.58亿,2.31亿,23.95亿,43.83
104,105,600377,宁沪高速,15.05,2.66,0.39,0.07,0.34,1.27,3.82,1.94亿,38.02亿,572.23亿,13.80
105,106,603329,上海雅仕,13.4,3.0,0.39,-0.08,2.12,0.94,5.84,0.45亿,1.59亿,21.27亿,49.20
106,107,830964,润农节水,7.4,5.56,0.39,0.0,7.1,1.54,10.27,0.94亿,1.79亿,13.28亿,69.89
107,108,001208,华菱线缆,9.41,4.21,0.38,-0.11,6.76,2.87,4.65,1.72亿,2.70亿,25.41亿,43.73
108,109,600218,全柴动力,8.17,4.88,0.38,0.0,3.95,2.24,7.7,1.39亿,4.36亿,35.59亿,42.88
109,110,600444,国机通用,15.39,2.53,0.38,0.07,1.5,0.84,3.8,0.34亿,1.46亿,22.53亿,57.20
110,111,000528,柳工,11.5,3.32,0.37,0.0,2.34,1.55,4.58,3.83亿,14.43亿,165.96亿,13.19
111,112,000829,天音控股,12.8,2.98,0.37,0.08,2.96,0.86,5.79,3.87亿,10.24亿,131.09亿,475.09
112,113,002670,国盛金控,13.82,2.75,0.37,0.0,6.87,1.74,5.8,15.44亿,16.23亿,224.35亿,241.31
113,114,002732,燕塘乳业,16.36,2.31,0.37,0.37,1.35,0.91,2.81,0.34亿,1.57亿,25.61亿,23.78
114,115,600129,太极集团,25.93,1.45,0.37,-0.08,1.84,1.17,4.15,2.67亿,5.57亿,144.40亿,19.87
115,116,600455,博通股份,21.57,1.75,0.37,0.0,3.23,0.74,4.58,0.44亿,0.62亿,13.47亿,44.09
116,117,600967,内蒙一机,8.85,4.36,0.37,0.0,2.47,1.61,5.31,3.67亿,16.99亿,150.35亿,31.06
117,118,600037,歌华有线,7.88,4.79,0.36,-0.13,2.95,2.42,8.91,3.28亿,13.92亿,109.67亿,--
118,119,000029,深深房A,15.41,2.32,0.35,0.0,0.4,0.99,3.59,0.54亿,8.92亿,137.41亿,2329.76
119,120,000915,华特达因,27.19,1.3,0.35,-0.04,3.48,1.37,2.38,2.20亿,2.34亿,63.68亿,13.08
120,121,002708,光洋股份,11.2,3.23,0.35,0.0,13.27,1.47,6.08,7.29亿,4.95亿,55.40亿,117.50
121,122,002912,中新赛克,26.57,1.33,0.35,-0.08,1.71,0.87,3.01,0.74亿,1.62亿,43.10亿,--
122,123,600482,中国动力,24.84,1.43,0.35,0.0,1.14,1.29,2.29,6.38亿,22.52亿,559.33亿,56.45
123,124,001965,招商公路,13.91,2.51,0.34,-0.29,0.26,1.08,3.76,2.47亿,68.20亿,948.71亿,17.10
124,125,873576,天力复合,21.35,1.62,0.34,0.0,0.8,0.69,5.28,0.18亿,1.07亿,22.87亿,39.34
125,126,000504,南华生物,8.65,3.97,0.33,0.0,1.9,1.05,6.97,0.51亿,3.11亿,26.87亿,--
126,127,000798,中水渔业,7.68,4.49,0.33,0.0,2.5,1.41,6.67,0.70亿,3.66亿,28.10亿,130.24
127,128,000860,顺鑫农业,19.29,1.74,0.33,0.0,1.92,1.23,3.75,2.73亿,7.42亿,143.09亿,28.09
128,129,002112,三变科技,11.31,3.01,0.33,-0.27,4.17,1.16,5.56,1.25亿,2.62亿,29.64亿,28.32
129,130,600633,浙数文化,10.86,3.13,0.33,0.0,2.63,1.65,8.26,3.66亿,12.68亿,137.71亿,21.76
130,131,600769,祥龙电业,9.89,3.45,0.33,-0.1,2.25,1.04,5.33,0.84亿,3.75亿,37.09亿,240.98
131,132,601236,红塔证券,8.87,3.86,0.33,0.0,1.93,5.21,6.32,8.01亿,47.17亿,418.38亿,48.13
132,133,601900,南方传媒,15.38,2.19,0.33,-0.07,1.57,0.94,4.78,2.15亿,8.96亿,137.79亿,19.53
133,134,603860,中公高科,30.03,1.11,0.33,0.0,2.31,0.55,2.59,0.46亿,0.67亿,20.02亿,266.90
134,135,000524,岭南控股,10.26,3.22,0.32,0.1,1.66,1.08,5.23,1.14亿,6.70亿,68.74亿,38.14
135,136,002336,*ST人乐,6.65,5.05,0.32,0.0,1.04,0.67,3.48,0.30亿,4.40亿,29.26亿,--
136,137,600397,安源煤业,3.49,10.1,0.32,0.0,7.22,1.82,3.47,2.49亿,9.90亿,34.55亿,--
137,138,600420,国药现代,12.35,2.66,0.32,0.0,1.24,1.9,3.91,2.03亿,13.41亿,165.63亿,13.01
138,139,600897,厦门空港,15.25,2.14,0.32,-0.2,1.03,1.89,3.01,0.66亿,4.17亿,63.58亿,12.85
139,140,000600,建投能源,6.13,5.33,0.31,0.0,10.76,1.24,8.94,7.09亿,10.90亿,66.82亿,19.07
140,141,000799,酒鬼酒,56.13,0.56,0.31,-0.02,1.13,0.93,1.63,2.05亿,3.25亿,182.38亿,242.15
141,142,300399,天利科技,27.26,1.15,0.31,-0.18,9.61,0.83,5.2,5.19亿,1.98亿,53.86亿,--
142,143,600096,云天化,22.81,1.38,0.31,0.0,1.11,0.88,1.64,4.64亿,18.34亿,418.41亿,7.09
143,144,600241,时代万恒,7.02,4.62,0.31,-0.14,1.72,1.1,8.2,0.36亿,2.94亿,20.66亿,82.40
144,145,600359,新农开发,6.73,4.83,0.31,0.0,4.12,2.21,6.54,1.04亿,3.82亿,25.68亿,46.22
145,146,600379,宝光股份,9.97,3.21,0.31,0.2,2.32,1.67,4.66,0.76亿,3.30亿,32.92亿,35.76
146,147,600579,克劳斯,11.71,2.72,0.31,0.0,20.77,1.53,18.68,11.54亿,4.95亿,57.93亿,--
147,148,600827,百联股份,11.49,2.77,0.31,0.0,1.77,1.52,4.83,3.25亿,16.04亿,184.35亿,9.49
148,149,600962,国投中鲁,13.83,2.29,0.31,-0.22,1.32,1.23,5.25,0.48亿,2.62亿,36.26亿,3124.23
149,150,000016,深康佳A,5.52,5.75,0.3,0.0,19.77,1.97,12.26,17.77亿,15.97亿,88.13亿,--
150,151,000561,烽火电子,8.55,3.64,0.3,0.0,3.54,2.28,6.42,1.83亿,6.02亿,51.47亿,--
151,152,002683,广东宏大,27.67,1.1,0.3,0.04,0.62,1.13,3.43,1.15亿,6.60亿,182.73亿,24.27
152,153,002880,卫光生物,28.1,1.08,0.3,0.0,0.39,0.94,1.98,0.25亿,2.26亿,63.51亿,26.16
153,154,003039,顺控发展,13.58,2.26,0.3,-0.15,0.53,1.1,3.31,0.44亿,6.18亿,83.86亿,30.74
154,155,600062,华润双鹤,20.13,1.51,0.3,0.05,1.01,1.22,2.42,2.08亿,10.27亿,206.78亿,11.23
155,156,600184,光电股份,10.77,2.87,0.3,0.19,1.67,1.37,4.58,0.91亿,5.09亿,54.79亿,3718.69
156,157,600756,浪潮软件,15.26,2.0,0.3,-0.13,2.96,1.16,4.88,1.47亿,3.24亿,49.46亿,--
157,158,600893,航发动力,41.19,0.73,0.3,-0.02,1.44,2.82,4.82,15.89亿,26.65亿,1097.76亿,113.40
158,159,603026,石大胜华,35.92,0.84,0.3,0.03,0.91,0.78,2.61,0.67亿,2.03亿,72.80亿,484.70
159,160,000610,西安旅游,13.48,2.2,0.29,-0.07,9.07,1.02,4.32,2.87亿,2.35亿,31.74亿,--
160,161,000791,甘肃能源,6.25,4.87,0.29,0.0,2.19,2.83,5.2,2.15亿,16.01亿,100.03亿,22.04
161,162,002911,佛燃能源,12.79,2.32,0.29,0.0,0.86,2.03,3.6,1.36亿,12.48亿,159.62亿,26.72
162,163,600012,皖通高速,16.93,1.74,0.29,0.06,0.65,1.11,3.12,1.27亿,11.66亿,197.34亿,17.25
163,164,600436,片仔癀,218.85,0.13,0.29,0.05,0.24,1.01,1.06,3.20亿,6.03亿,1320.36亿,36.86
164,165,600501,航天晨光,18.83,1.56,0.29,0.0,2.17,0.98,3.13,1.75亿,4.25亿,79.95亿,--
165,166,600900,长江电力,29.61,0.99,0.29,0.0,0.36,0.97,1.57,25.09亿,240.07亿,7108.55亿,19.39
166,167,000006,深振业A,8.02,3.62,0.28,0.0,2.46,1.03,5.3,2.65亿,13.50亿,108.27亿,--
167,168,000729,燕京啤酒,11.66,2.46,0.28,0.17,1.12,1.48,4.48,3.29亿,25.10亿,292.62亿,19.14
168,169,000886,海南高速,7.98,3.64,0.28,-0.25,5.21,0.71,9.61,4.05亿,9.78亿,78.03亿,148.00
169,170,000922,佳电股份,11.33,2.53,0.28,0.0,1.77,1.69,3.26,1.17亿,5.87亿,66.52亿,24.43
170,171,002910,庄园牧场,7.59,3.83,0.28,0.4,3.42,0.76,5.61,0.44亿,1.71亿,12.98亿,--
171,172,003013,地铁设计,15.55,1.83,0.28,0.0,0.48,1.02,2.42,0.30亿,4.00亿,62.19亿,16.06
172,173,600009,上海机场,35.24,0.8,0.28,0.06,0.35,0.85,1.34,2.34亿,19.19亿,676.15亿,54.73
173,174,600128,苏豪弘业,8.42,3.44,0.28,0.36,2.35,0.9,6.39,0.49亿,2.47亿,20.78亿,42.76
174,175,600199,金种子酒,13.42,2.13,0.28,0.0,1.91,0.94,3.27,1.68亿,6.58亿,88.28亿,--
175,176,600323,瀚蓝环境,23.4,1.21,0.28,-0.26,0.42,0.89,1.82,0.80亿,8.15亿,190.79亿,10.33
176,177,600350,山东高速,10.18,2.83,0.28,0.0,0.27,1.1,3.33,1.32亿,48.52亿,493.94亿,14.73
177,178,601038,一拖股份,15.2,1.88,0.28,0.0,1.33,0.89,3.22,1.47亿,7.32亿,111.22亿,11.64
178,179,688276,百克生物,26.09,1.08,0.28,0.0,0.35,1.04,2.6,0.38亿,4.14亿,107.92亿,33.12
179,180,000019,深粮控股,6.84,4.11,0.27,0.0,3.42,2.02,5.48,0.96亿,4.16亿,28.47亿,24.18
180,181,000993,闽东电力,8.69,3.21,0.27,0.0,1.53,1.41,3.56,0.58亿,4.40亿,38.21亿,26.08
181,182,600862,中航高科,25.29,1.08,0.27,0.0,2.8,3.07,4.92,10.09亿,13.93亿,352.30亿,28.97
182,183,603136,天目湖,11.74,2.35,0.27,0.0,1.7,0.84,3.31,0.53亿,2.70亿,31.71亿,27.84
183,184,000411,英特集团,11.03,2.41,0.26,-0.09,1.55,1.26,5.48,0.55亿,3.21亿,35.37亿,12.17
184,185,000568,泸州老窖,129.55,0.2,0.26,0.0,0.56,0.98,1.49,10.55亿,14.67亿,1900.87亿,12.34
185,186,002366,融发核电,4.92,5.58,0.26,0.0,6.77,1.91,9.87,4.21亿,12.56亿,61.82亿,--
186,187,002669,康达新材,9.82,2.72,0.26,0.0,3.25,1.18,5.33,0.97亿,3.02亿,29.62亿,--
187,188,300413,芒果超媒,27.99,0.94,0.26,0.04,0.98,0.8,2.78,2.79亿,10.22亿,285.97亿,27.19
188,189,600101,明星电力,9.36,2.86,0.26,0.0,5.4,1.64,3.85,2.74亿,5.48亿,51.28亿,17.18
189,190,600456,宝钛股份,29.37,0.89,0.26,-0.07,1.2,1.05,1.99,1.70亿,4.78亿,140.32亿,20.37
190,191,601607,上海医药,21.17,1.24,0.26,0.0,0.62,1.0,2.25,2.52亿,19.36亿,409.82亿,14.52
191,192,603153,上海建科,18.5,1.43,0.26,0.11,2.06,0.86,2.03,0.51亿,1.35亿,24.98亿,39.81
192,193,837748,路桥信息,20.58,1.28,0.26,0.0,0.95,0.72,4.38,0.12亿,0.62亿,12.83亿,--
193,194,002320,海峡股份,6.8,3.82,0.25,-0.15,1.66,1.38,5.95,2.50亿,22.29亿,151.57亿,44.77
194,195,300294,博雅生物,31.0,0.81,0.25,0.03,0.85,0.98,1.98,1.33亿,5.04亿,156.32亿,28.41
195,196,300621,维业股份,9.92,2.58,0.25,0.0,2.63,0.94,5.07,0.51亿,1.96亿,19.46亿,116.28
196,197,301136,招标股份,12.45,2.05,0.25,-0.08,2.81,0.92,4.84,0.37亿,1.04亿,12.93亿,--
197,198,600099,林海股份,9.18,2.8,0.25,0.0,1.72,0.71,4.59,0.35亿,2.19亿,20.12亿,123.35
198,199,600343,航天动力,10.71,2.39,0.25,0.0,1.7,1.44,4.88,1.18亿,6.38亿,68.35亿,--
199,200,600367,红星发展,11.91,2.14,0.25,0.08,2.31,1.17,3.0,0.88亿,3.22亿,38.35亿,53.01
200,201,600523,贵航股份,12.34,2.07,0.25,0.08,1.41,1.41,1.99,0.70亿,4.04亿,49.86亿,31.93
201,202,600697,欧亚集团,12.64,2.02,0.25,0.08,4.35,0.78,5.41,0.85亿,1.55亿,19.64亿,85.31
202,203,601611,中国核建,9.26,2.77,0.25,0.11,1.15,1.4,2.89,3.17亿,30.12亿,278.87亿,14.37
203,204,000400,许继电气,28.3,0.85,0.24,0.0,1.48,0.93,2.53,4.23亿,10.08亿,285.36亿,24.17
204,205,000985,大庆华科,19.0,1.28,0.24,-0.73,1.54,0.65,3.68,0.38亿,1.30亿,24.63亿,59.34
205,206,002423,中粮资本,13.92,1.75,0.24,0.0,1.64,1.4,3.07,5.28亿,23.04亿,320.73亿,18.83
206,207,002679,福建金森,8.49,2.91,0.24,0.0,1.39,0.76,4.73,0.28亿,2.36亿,20.02亿,--
207,208,002893,京能热力,10.42,2.36,0.24,0.1,2.71,1.08,3.44,0.57亿,2.03亿,21.13亿,48.29
208,209,300402,宝色股份,15.45,1.58,0.24,0.07,1.14,0.96,3.29,0.43亿,2.44亿,37.64亿,48.45
209,210,300516,久之洋,35.73,0.68,0.24,-0.03,1.04,0.93,2.54,0.68亿,1.80亿,64.31亿,239.41
210,211,603373,安邦护卫,31.22,0.78,0.24,-0.06,1.67,0.55,1.13,0.24亿,0.45亿,14.18亿,29.25
211,212,300340,科恒股份,10.0,2.35,0.23,0.0,3.3,0.75,3.38,0.59亿,1.80亿,17.98亿,--
212,213,300635,中达安,10.35,2.27,0.23,-0.1,4.33,0.95,4.25,0.54亿,1.20亿,12.40亿,485.00
213,214,300927,江天化学,17.37,1.34,0.23,0.35,1.21,0.91,2.74,0.30亿,1.41亿,24.47亿,55.33
214,215,301058,中粮科工,10.98,2.14,0.23,0.0,2.07,0.91,3.54,1.16亿,5.12亿,56.25亿,36.54
215,216,600119,长江投资,9.04,2.61,0.23,-0.11,2.79,0.54,4.43,0.92亿,3.65亿,33.02亿,--
216,217,600262,北方股份,18.85,1.24,0.23,0.11,1.21,0.88,1.93,0.39亿,1.70亿,32.05亿,22.18
217,218,600619,海立股份,11.69,2.01,0.23,0.09,3.59,0.92,4.89,3.32亿,7.89亿,92.25亿,414.36
218,219,600860,京城股份,10.1,2.33,0.23,0.0,1.58,0.94,4.66,0.70亿,4.35亿,43.96亿,--
219,220,601827,三峰环境,8.76,2.7,0.23,0.0,0.37,1.56,3.17,0.53亿,16.72亿,146.46亿,10.88
220,221,000032,深桑达A,17.69,1.26,0.22,-0.06,2.76,1.12,5.04,3.18亿,6.45亿,114.06亿,--
221,222,000050,深天马A,9.28,2.43,0.22,0.22,1.28,1.42,3.86,2.94亿,24.58亿,228.08亿,--
222,223,000532,华金资本,13.84,1.61,0.22,0.0,3.71,0.78,4.26,1.77亿,3.44亿,47.55亿,98.70
223,224,000968,蓝焰控股,6.65,3.42,0.22,0.0,1.29,2.03,4.2,0.82亿,9.68亿,64.34亿,15.99
224,225,002462,嘉事堂,13.35,1.68,0.22,0.0,1.03,0.78,2.67,0.40亿,2.91亿,38.91亿,12.64
225,226,300341,麦克奥迪,18.65,1.19,0.22,0.11,1.4,0.92,3.09,1.35亿,5.15亿,96.11亿,59.19
226,227,600513,联环药业,10.22,2.2,0.22,0.0,3.19,0.55,4.0,0.93亿,2.85亿,29.17亿,23.60
227,228,600941,中国移动,114.6,0.19,0.22,0.14,0.71,0.48,1.07,6.15亿,7.59亿,869.38亿,16.66
228,229,603066,音飞储存,11.05,2.03,0.22,0.18,1.69,0.79,2.68,0.55亿,2.94亿,32.51亿,22.98
229,230,603648,畅联股份,11.08,2.03,0.22,0.0,4.79,0.82,4.7,1.90亿,3.62亿,40.16亿,26.78
230,231,603698,航天工程,16.04,1.39,0.22,0.0,0.71,0.95,2.28,0.61亿,5.36亿,85.97亿,50.54
231,232,688347,华虹公司,50.03,0.44,0.22,0.0,4.64,1.35,5.94,9.21亿,3.91亿,195.84亿,111.57
232,233,688722,同益中,13.22,1.69,0.22,0.08,0.68,0.64,2.0,0.20亿,2.24亿,29.63亿,27.33
233,234,000702,正虹科技,6.94,3.12,0.21,-0.14,3.18,0.9,5.5,0.59亿,2.67亿,18.50亿,--
234,235,000756,新华制药,16.59,1.28,0.21,0.06,2.58,0.78,2.87,1.91亿,4.49亿,74.45亿,24.68
235,236,002140,东华科技,10.2,2.1,0.21,0.1,0.95,0.95,3.5,0.52亿,5.42亿,55.23亿,17.06
236,237,002564,*ST天沃,4.43,4.98,0.21,0.0,1.39,0.95,3.56,0.53亿,8.58亿,38.03亿,520.04
237,238,300004,南风股份,6.39,3.4,0.21,0.0,2.28,1.17,5.18,0.70亿,4.80亿,30.67亿,54.81
238,239,600301,华锡有色,17.86,1.19,0.21,0.06,1.49,0.88,3.63,0.73亿,2.75亿,49.17亿,15.68
239,240,600302,标准股份,5.03,4.36,0.21,-0.2,3.04,1.13,7.88,0.53亿,3.46亿,17.40亿,--
240,241,600990,四创电子,22.12,0.96,0.21,0.0,1.99,1.13,2.42,1.20亿,2.69亿,59.51亿,--
241,242,601606,长城军工,12.26,1.74,0.21,0.25,2.01,0.96,2.16,1.79亿,7.24亿,88.79亿,--
242,243,603299,苏盐井神,11.42,1.87,0.21,0.0,1.81,1.65,2.5,1.59亿,7.73亿,88.33亿,10.22
243,244,605011,杭州热电,22.34,0.95,0.21,0.0,0.88,0.73,2.12,0.79亿,4.00亿,89.38亿,39.66
244,245,688586,江航装备,9.81,2.19,0.21,-0.1,1.1,1.87,1.98,0.86亿,7.91亿,77.63亿,42.62
245,246,000505,京粮控股,6.47,3.19,0.2,-0.15,2.16,1.59,4.31,0.87亿,6.32亿,40.91亿,126.64
246,247,000550,江铃汽车,24.8,0.81,0.2,0.0,1.28,1.09,2.03,1.64亿,5.18亿,128.58亿,13.77
247,248,000685,中山公用,9.47,2.16,0.2,-0.11,1.75,1.34,2.7,2.06亿,12.54亿,118.75亿,10.25
248,249,000969,安泰科技,11.56,1.76,0.2,0.09,2.45,1.31,2.55,2.90亿,10.26亿,118.61亿,26.79
249,250,001979,招商蛇口,10.35,1.97,0.2,0.1,0.84,1.21,2.37,7.21亿,83.23亿,861.38亿,27.05
250,251,002125,湘潭电化,10.5,1.94,0.2,0.0,1.43,0.94,2.23,0.95亿,6.29亿,66.10亿,20.30
251,252,002789,建艺集团,9.76,2.09,0.2,-0.2,7.09,0.83,5.86,0.91亿,1.31亿,12.83亿,280.18
252,253,300219,鸿利智汇,8.02,2.56,0.2,0.0,4.32,1.6,6.91,2.48亿,7.07亿,56.67亿,46.61
253,254,300981,中红医疗,13.42,1.51,0.2,0.08,0.86,0.75,3.18,0.41亿,3.57亿,47.97亿,76.92
254,255,600573,惠泉啤酒,11.38,1.79,0.2,0.0,2.09,0.87,2.5,0.59亿,2.50亿,28.45亿,26.78
255,256,600592,龙溪股份,10.24,1.99,0.2,0.0,2.18,1.08,2.59,0.89亿,4.00亿,40.91亿,18.53
256,257,600685,中船防务,24.47,0.82,0.2,0.04,1.05,0.85,1.77,2.12亿,8.21亿,201.00亿,138.53
257,258,603025,大豪科技,16.06,1.26,0.2,0.13,0.97,1.21,3.66,1.73亿,11.09亿,178.13亿,27.15
258,259,000632,三木集团,3.89,5.13,0.19,0.0,3.31,1.11,7.3,0.60亿,4.65亿,18.11亿,--
259,260,002116,中国海诚,10.33,1.87,0.19,0.0,1.65,0.69,2.86,0.77亿,4.54亿,46.91亿,16.91
260,261,002254,泰和新材,9.68,2.0,0.19,0.0,1.02,1.01,3.27,0.81亿,8.19亿,79.28亿,41.48
261,262,002569,ST步森,9.51,2.04,0.19,0.11,0.93,0.92,3.33,0.12亿,1.40亿,13.30亿,--
262,263,300076,GQY视讯,7.77,2.51,0.19,0.0,5.6,0.54,6.46,1.83亿,4.24亿,32.94亿,--
263,264,300626,华瑞股份,9.64,2.01,0.19,-0.1,2.69,0.74,3.49,0.46亿,1.78亿,17.15亿,78.34
264,265,600268,国电南自,7.09,2.75,0.19,0.0,1.98,1.79,3.62,1.40亿,10.06亿,71.33亿,51.53
265,266,600463,空港股份,10.54,1.84,0.19,-0.1,1.97,1.41,4.35,0.62亿,3.00亿,31.62亿,--
266,267,600650,锦江在线,14.76,1.3,0.19,0.2,3.0,0.81,3.23,1.74亿,3.91亿,57.65亿,37.30
267,268,600689,上海三毛,11.14,1.74,0.19,0.0,4.37,0.48,4.47,0.74亿,1.52亿,16.96亿,102.79
268,269,600727,鲁北化工,7.61,2.56,0.19,0.0,2.0,1.32,3.37,0.80亿,5.29亿,40.22亿,12.72
269,270,600731,湖南海利,5.9,3.33,0.19,0.0,1.32,0.99,4.03,0.43亿,5.58亿,32.92亿,12.32
270,271,600846,同济科技,8.87,2.19,0.19,0.11,1.02,0.95,3.8,0.57亿,6.25亿,55.42亿,13.55
271,272,600975,新五丰,6.37,3.07,0.19,-0.16,3.17,1.49,4.69,2.04亿,10.17亿,64.78亿,4903.36
272,273,600980,北矿科技,15.61,1.23,0.19,0.13,1.33,0.97,2.53,0.36亿,1.76亿,27.42亿,28.12
273,274,601985,中国核电,10.38,1.86,0.19,0.1,0.8,0.93,2.85,15.48亿,188.83亿,1960.08亿,16.46
274,275,603199,九华旅游,34.62,0.55,0.19,0.12,1.43,0.79,1.69,0.55亿,1.11亿,38.32亿,18.71
275,276,603318,水发燃气,6.99,2.79,0.19,0.0,3.43,0.95,3.97,0.91亿,3.84亿,26.81亿,37.66
276,277,603909,建发合诚,9.0,2.16,0.19,0.0,0.6,0.79,3.4,0.14亿,2.61亿,23.46亿,27.77
277,278,000529,广弘控股,6.1,3.04,0.18,0.0,1.57,1.09,4.73,0.54亿,5.70亿,34.76亿,31.39
278,279,000551,创元科技,12.35,1.48,0.18,0.0,1.2,0.84,2.22,0.59亿,4.01亿,49.56亿,17.68
279,280,000554,泰山石油,6.09,3.05,0.18,0.0,3.27,1.13,3.72,0.72亿,3.63亿,22.09亿,41.19
280,281,000605,渤海股份,7.98,2.31,0.18,-0.13,5.56,1.72,8.21,1.50亿,3.33亿,26.54亿,174.55
281,282,000680,山推股份,9.66,1.9,0.18,-0.1,1.15,0.71,2.85,1.44亿,13.08亿,126.35亿,16.12
282,283,000869,张裕A,23.44,0.77,0.18,0.04,0.32,1.16,1.38,0.34亿,4.55亿,106.67亿,52.74
283,284,000885,城发环境,13.4,1.36,0.18,0.08,0.58,0.87,1.89,0.49亿,6.42亿,86.04亿,7.47
284,285,000911,广农糖业,7.47,2.47,0.18,0.13,1.85,1.02,3.57,0.44亿,3.24亿,24.21亿,--
285,286,002059,云南旅游,5.58,3.33,0.18,0.0,2.31,1.23,5.18,1.22亿,9.44亿,52.67亿,31.05
286,287,002396,星网锐捷,19.97,0.91,0.18,0.0,10.25,1.35,6.87,12.19亿,5.83亿,116.48亿,33.55
287,288,002479,富春环保,4.89,3.82,0.18,0.0,1.45,1.33,4.03,0.61亿,8.63亿,42.20亿,12.25
288,289,002883,中设股份,10.83,1.69,0.18,-0.09,2.27,0.61,4.22,0.34亿,1.36亿,14.76亿,66.24
289,290,300034,钢研高纳,16.02,1.14,0.18,0.0,2.12,1.88,2.65,2.62亿,7.66亿,122.77亿,39.65
290,291,300446,航天智造,17.38,1.05,0.18,0.0,4.8,1.33,3.37,2.62亿,3.12亿,54.15亿,20.56
291,292,300600,ST瑞科,7.6,2.43,0.18,0.26,0.98,1.02,4.85,0.18亿,2.46亿,18.71亿,--
292,293,301311,昆船智能,19.02,0.95,0.18,0.11,4.64,0.72,2.55,0.78亿,0.87亿,16.59亿,--
293,294,600056,中国医药,11.45,1.6,0.18,0.0,0.83,0.85,2.22,1.41亿,14.95亿,171.22亿,28.73
294,295,600084,中信尼雅,5.51,3.38,0.18,0.0,0.36,0.8,4.69,0.22亿,11.24亿,61.92亿,11405.80
295,296,600127,金健米业,7.04,2.62,0.18,0.0,5.35,2.18,5.39,2.40亿,6.42亿,45.18亿,5219.77
296,297,600195,中牧股份,7.02,2.63,0.18,0.0,1.17,1.16,4.24,0.83亿,10.21亿,71.68亿,65.72
297,298,600250,南京商旅,9.47,1.94,0.18,0.0,4.11,0.9,4.2,1.21亿,3.11亿,29.41亿,56.43
298,299,600422,昆药集团,16.53,1.1,0.18,-0.06,1.1,0.59,2.75,1.37亿,7.57亿,125.13亿,24.23
299,300,600628,新世界,8.56,2.15,0.18,0.0,5.41,0.99,5.49,2.99亿,6.47亿,55.37亿,63.47
300,301,600886,国投电力,16.55,1.1,0.18,0.0,0.3,0.86,2.08,3.71亿,74.54亿,1233.67亿,14.07
301,302,600894,广日股份,13.5,1.35,0.18,-0.15,0.74,1.02,2.63,0.86亿,8.60亿,116.09亿,16.23
302,303,601007,金陵饭店,7.25,2.55,0.18,0.28,2.61,0.96,3.96,0.73亿,3.90亿,28.27亿,50.71
303,304,603071,物产环能,12.55,1.46,0.18,0.08,0.34,1.26,1.46,0.24亿,5.58亿,70.02亿,9.85
304,305,603213,镇洋发展,9.06,2.03,0.18,-0.11,0.69,0.49,3.04,0.27亿,4.35亿,39.39亿,19.78
305,306,603637,镇海股份,8.57,2.15,0.18,0.23,2.91,0.75,5.36,0.60亿,2.39亿,20.46亿,27.31
306,307,688285,高铁电气,7.53,2.45,0.18,0.27,0.54,1.16,6.8,0.15亿,3.76亿,28.33亿,90.27
307,308,688334,西高院,16.77,1.08,0.18,0.0,1.12,0.73,2.41,0.29亿,1.54亿,25.78亿,24.45
308,309,000014,沙河股份,11.29,1.53,0.17,-0.09,1.91,0.67,3.33,0.52亿,2.42亿,27.33亿,43.72
309,310,000025,特力A,17.14,1.0,0.17,0.18,0.96,0.8,2.18,0.65亿,3.93亿,67.32亿,51.27
310,311,000061,农产品,7.28,2.39,0.17,-0.14,0.42,0.99,3.66,0.51亿,16.97亿,123.54亿,29.57
311,312,000417,合百集团,6.25,2.8,0.17,0.0,3.81,1.41,6.42,1.85亿,7.79亿,48.69亿,17.52
312,313,000596,古井贡酒,172.28,0.1,0.17,0.01,0.5,1.0,2.85,3.55亿,4.09亿,703.94亿,14.39
313,314,000598,兴蓉环境,7.66,2.27,0.17,0.0,0.83,0.96,3.07,1.87亿,29.75亿,227.87亿,10.54
314,315,000705,浙江震元,8.17,2.12,0.17,0.0,3.3,0.88,4.12,0.76亿,2.82亿,23.04亿,46.99
315,316,000722,湖南发展,9.96,1.74,0.17,0.1,1.39,0.8,3.06,0.64亿,4.64亿,46.23亿,56.46
316,317,000905,厦门港务,6.59,2.65,0.17,-0.15,1.55,1.68,4.52,0.76亿,7.42亿,48.89亿,19.31
317,318,002100,天康生物,6.81,2.56,0.17,0.0,2.79,1.92,4.07,2.58亿,13.65亿,92.97亿,12.33
318,319,002686,亿利达,5.65,3.1,0.17,-0.18,2.54,1.28,6.02,0.74亿,5.23亿,29.53亿,51.64
319,320,301038,深水规院,19.27,0.89,0.17,-0.21,1.58,0.66,3.77,0.53亿,1.72亿,33.07亿,--
320,321,600073,光明肉业,7.21,2.42,0.17,0.14,1.6,1.23,3.55,1.07亿,9.38亿,67.61亿,13.30
321,322,600141,兴发集团,22.13,0.77,0.17,-0.05,0.86,1.05,2.23,2.11亿,11.03亿,244.15亿,13.93
322,323,600192,长城电工,6.06,2.89,0.17,0.17,1.46,0.81,4.58,0.39亿,4.42亿,26.77亿,--
323,324,600230,沧州大化,11.09,1.56,0.17,0.27,0.79,0.77,2.47,0.36亿,4.14亿,45.91亿,162.14
324,325,600312,平高电气,19.63,0.87,0.17,-0.05,1.04,0.66,3.13,2.78亿,13.57亿,266.36亿,23.31
325,326,600458,时代新材,13.0,1.32,0.17,0.15,0.89,0.83,3.35,0.93亿,8.03亿,104.36亿,26.38
326,327,600540,新赛股份,4.12,4.3,0.17,0.24,2.19,1.05,6.08,0.52亿,5.81亿,23.95亿,--
327,328,600548,深高速,13.1,1.31,0.17,0.0,0.41,1.15,2.63,0.77亿,14.33亿,187.76亿,15.59
328,329,600638,新黄浦,5.29,3.32,0.17,0.0,1.73,0.95,5.47,0.61亿,6.73亿,35.62亿,47.81
329,330,600820,隧道股份,7.19,2.42,0.17,0.0,1.15,1.97,2.28,2.59亿,31.44亿,226.06亿,11.31
330,331,600995,南网储能,10.33,1.67,0.17,-0.1,0.77,1.22,2.07,0.87亿,11.09亿,114.57亿,23.69
331,332,603693,江苏新能,10.15,1.7,0.17,0.0,0.4,1.11,2.4,0.36亿,8.91亿,90.48亿,16.01
332,333,688552,航天南湖,17.41,0.99,0.17,0.06,2.14,0.81,2.38,0.32亿,0.84亿,14.62亿,--
333,334,000158,常山北明,21.45,0.75,0.16,-0.05,4.46,0.96,2.82,15.28亿,15.88亿,340.59亿,--
334,335,000422,湖北宜化,13.09,1.24,0.16,0.0,1.36,1.02,2.86,1.79亿,10.07亿,131.86亿,14.02
335,336,000856,冀东装备,7.38,2.22,0.16,0.14,1.86,0.59,4.16,0.31亿,2.27亿,16.75亿,111.83
336,337,000862,银星能源,5.23,3.16,0.16,0.38,1.81,1.29,3.35,0.59亿,6.28亿,32.84亿,18.90
337,338,000978,桂林旅游,6.29,2.61,0.16,0.16,2.98,0.95,3.92,0.67亿,3.60亿,22.65亿,179.68
338,339,001289,龙源电力,16.17,1.0,0.16,-0.06,4.04,1.03,1.94,0.87亿,1.33亿,21.56亿,18.52
339,340,002037,保利联合,8.13,2.01,0.16,0.0,3.8,0.59,5.77,1.52亿,4.84亿,39.34亿,--
340,341,002040,南京港,6.68,2.45,0.16,-0.15,1.1,1.21,2.91,0.35亿,4.84亿,32.33亿,19.75
341,342,002267,陕天然气,8.27,1.97,0.16,-0.12,0.75,1.44,1.97,0.69亿,11.12亿,91.97亿,13.18
342,343,002282,博深股份,7.17,2.28,0.16,0.0,1.16,1.03,3.85,0.42亿,5.02亿,35.99亿,17.2
343,344,002461,珠江啤酒,9.87,1.65,0.16,-0.1,0.43,1.04,2.99,0.94亿,22.13亿,218.46亿,20.31
344,345,002692,远程股份,4.06,4.1,0.16,0.0,1.57,1.09,5.13,0.45亿,7.18亿,29.15亿,42.56
345,346,002941,新疆交建,11.94,1.36,0.16,-0.08,1.78,0.64,3.56,1.35亿,6.40亿,76.47亿,31.88
346,347,300797,钢研纳克,12.31,1.32,0.16,-0.08,0.72,0.95,2.39,0.33亿,3.76亿,46.23亿,40.83
347,348,600004,白云机场,9.86,1.65,0.16,0.0,0.88,1.72,1.96,2.04亿,23.67亿,233.36亿,26.2
348,349,600007,中国国贸,24.43,0.66,0.16,-0.08,0.25,0.92,1.77,0.62亿,10.07亿,246.08亿,18.12
349,350,600310,广西能源,4.79,3.46,0.16,0.0,1.25,1.02,3.89,0.87亿,14.66亿,70.21亿,11.71
350,351,600459,贵研铂业,14.11,1.15,0.16,0.07,0.86,1.23,1.86,0.92亿,7.54亿,106.37亿,18.08
351,352,600508,上海能源,13.46,1.2,0.16,0.07,0.66,1.02,1.73,0.64亿,7.23亿,97.28亿,11.66
352,353,600629,华建集团,8.15,2.0,0.16,0.0,3.81,1.05,6.38,2.96亿,9.45亿,76.99亿,23.60
353,354,600648,外高桥,12.12,1.34,0.16,0.17,0.59,1.07,2.17,0.67亿,9.35亿,113.30亿,23.61
354,355,600719,大连热电,7.27,2.25,0.16,0.0,2.91,0.72,3.52,0.85亿,4.05亿,29.41亿,--
355,356,600802,福建水泥,3.86,4.32,0.16,-0.26,3.13,1.33,7.57,0.55亿,4.58亿,17.69亿,--
356,357,600819,耀皮玻璃,5.51,2.99,0.16,0.0,1.51,0.9,3.92,0.62亿,7.47亿,41.18亿,40.14
357,358,600927,永安期货,13.92,1.16,0.16,0.07,0.26,1.2,2.98,0.52亿,14.56亿,202.61亿,36.26
358,359,601022,宁波远洋,8.3,1.97,0.16,0.0,3.06,1.37,2.46,0.63亿,2.49亿,20.64亿,20.12
359,360,688439,振华风光,53.84,0.3,0.16,0.15,1.79,1.07,2.52,1.11亿,1.14亿,61.33亿,32.51
360,361,688660,电气风电,7.72,2.12,0.16,-0.13,1.64,1.08,5.69,1.69亿,13.33亿,102.93亿,--
361,362,000920,沃顿科技,9.26,1.65,0.15,-0.11,1.27,1.15,2.96,0.50亿,4.22亿,39.08亿,21.71
362,363,002047,宝鹰股份,3.28,4.79,0.15,-0.3,3.92,0.59,8.95,1.71亿,13.41亿,43.99亿,--
363,364,002207,准油股份,5.07,3.05,0.15,-0.2,3.5,0.73,3.46,0.46亿,2.61亿,13.22亿,--
364,365,002237,恒邦股份,10.41,1.46,0.15,0.19,1.23,1.54,2.44,1.16亿,9.10亿,94.78亿,19.30
365,366,002258,利尔化学,8.49,1.8,0.15,0.12,0.71,0.97,2.64,0.48亿,7.99亿,67.85亿,38.64
366,367,002302,西部建设,7.2,2.13,0.15,0.14,2.41,1.1,5.67,2.18亿,12.62亿,90.89亿,703.56
367,368,002627,三峡旅游,5.28,2.92,0.15,0.0,1.52,1.13,3.9,0.57亿,7.17亿,37.87亿,25.63
368,369,002712,思美传媒,5.5,2.8,0.15,0.0,6.58,0.86,6.73,1.96亿,5.41亿,29.75亿,--
369,370,002933,新兴装备,33.08,0.46,0.15,-0.03,5.91,1.22,3.52,2.25亿,1.14亿,37.74亿,171.82
370,381,600859,王府井,16.14,0.94,0.15,0.0,3.58,1.49,3.44,6.61亿,11.35亿,183.18亿,32.20
371,382,601069,西部黄金,11.89,1.28,0.15,0.08,0.86,0.9,2.13,0.70亿,6.84亿,81.33亿,63.62
372,383,601118,海南橡胶,5.56,2.77,0.15,-0.18,0.71,1.24,3.88,1.67亿,42.79亿,237.94亿,--
373,384,601298,青岛港,8.67,1.76,0.15,0.12,0.38,1.1,3.29,1.77亿,53.92亿,467.49亿,10.74
374,385,603053,成都燃气,9.9,1.54,0.15,0.0,0.36,1.21,2.15,0.31亿,8.89亿,88.00亿,15.72
375,386,603123,翠微股份,8.4,1.82,0.15,0.0,2.48,0.78,4.85,1.36亿,6.52亿,54.79亿,--
376,387,603689,皖天然气,9.0,1.7,0.15,0.11,0.71,1.16,2.03,0.31亿,4.82亿,43.40亿,11.68
377,388,603977,国泰集团,13.67,1.11,0.15,0.0,1.04,1.18,4.81,0.88亿,6.21亿,84.92亿,29.15
378,389,603990,麦迪科技,10.88,1.4,0.15,0.0,3.71,0.69,4.19,1.24亿,3.06亿,33.32亿,--
379,390,605599,菜百股份,11.5,1.32,0.15,0.0,0.41,0.85,2.82,0.37亿,7.78亿,89.44亿,12.11
380,371,300160,秀强股份,5.65,2.73,0.15,-0.18,1.96,1.75,4.91,0.84亿,7.59亿,42.91亿,18.02
381,372,300534,陇神戎发,8.96,1.7,0.15,0.11,1.92,0.77,3.18,0.52亿,3.02亿,27.06亿,82.31
382,373,600108,亚盛集团,3.03,5.21,0.15,-0.33,3.06,1.99,6.6,1.78亿,19.47亿,58.99亿,121.47
383,374,600388,龙净环保,12.81,1.19,0.15,0.0,0.86,1.29,3.71,1.39亿,12.70亿,162.69亿,18.85
384,375,600452,涪陵电力,11.17,1.36,0.15,0.0,1.19,1.1,4.17,2.03亿,15.37亿,171.63亿,30.64
385,376,600468,百利电气,4.95,3.12,0.15,-0.2,1.98,1.33,5.62,1.08亿,10.88亿,53.84亿,39.22
386,377,600616,金枫酒业,5.82,2.65,0.15,0.0,2.26,0.7,4.06,0.87亿,6.69亿,38.94亿,--
387,378,600618,氯碱化工,10.08,1.51,0.15,0.1,0.83,0.73,2.22,0.63亿,7.50亿,75.58亿,14.41
388,379,600724,宁波富达,6.79,2.26,0.15,0.15,1.43,0.61,4.07,1.39亿,14.45亿,98.11亿,45.99
389,380,600834,申通地铁,8.34,1.83,0.15,0.12,0.81,0.69,2.81,0.32亿,4.77亿,39.81亿,57.87
390,391,688247,宣泰医药,10.57,1.44,0.15,0.0,1.7,0.87,2.78,0.26亿,1.42亿,15.04亿,38.82
391,392,000021,深科技,20.66,0.68,0.14,-0.05,6.13,1.19,3.75,19.85亿,15.60亿,322.38亿,36.56
392,393,000028,国药一致,30.39,0.46,0.14,0.0,0.72,0.86,1.65,1.04亿,4.78亿,145.28亿,11.90
393,394,000058,深赛格,8.32,1.71,0.14,0.12,1.44,0.98,3.79,1.18亿,9.85亿,81.93亿,201.51
394,395,000155,川能动力,11.26,1.26,0.14,0.0,0.96,1.03,2.43,1.59亿,14.76亿,166.19亿,24.75
395,396,000403,派林生物,21.39,0.66,0.14,-0.05,0.71,0.67,2.17,1.03亿,6.85亿,146.46亿,21.61
396,397,000881,中广核技,7.57,1.88,0.14,0.0,1.16,1.16,2.69,0.69亿,7.90亿,59.83亿,--
397,398,000972,中基健康,2.98,4.93,0.14,0.0,2.54,1.11,7.04,0.58亿,7.71亿,22.98亿,--
398,399,001914,招商积余,10.72,1.32,0.14,-0.09,0.45,0.73,2.55,0.51亿,10.60亿,113.67亿,13.75
399,400,002039,黔源电力,15.51,0.91,0.14,0.0,0.59,0.72,1.37,0.39亿,4.28亿,66.31亿,18.74
400,401,002053,云南能投,11.74,1.21,0.14,0.0,0.48,0.63,1.72,0.51亿,9.21亿,108.09亿,14.25
401,402,002069,獐子岛,3.82,3.8,0.14,0.0,2.03,1.08,6.25,0.55亿,7.10亿,27.13亿,--
402,403,002136,安纳达,10.25,1.39,0.14,0.0,1.1,0.69,2.27,0.24亿,2.14亿,21.97亿,40.49
403,404,002186,全聚德,12.12,1.17,0.14,0.33,2.71,0.85,2.75,1.01亿,3.07亿,37.15亿,39.60
404,405,002204,大连重工,4.98,2.89,0.14,0.2,1.21,1.36,3.93,1.16亿,19.31亿,96.18亿,18.26
405,406,002312,川发龙蟒,15.02,0.94,0.14,-0.4,4.8,0.78,3.76,12.75亿,17.53亿,263.34亿,50.09
406,407,002349,精华制药,7.99,1.78,0.14,0.0,1.55,0.82,3.06,1.00亿,8.14亿,65.05亿,29.71
407,408,002696,百洋股份,4.96,2.9,0.14,0.2,2.33,0.86,5.6,0.40亿,3.44亿,17.07亿,--
408,409,002775,文科股份,3.59,4.06,0.14,0.28,2.85,0.92,6.96,0.46亿,4.48亿,16.09亿,271.59
409,410,002777,久远银海,17.97,0.79,0.14,0.0,2.26,1.06,3.48,1.65亿,4.05亿,72.69亿,292.44
410,411,002848,高斯贝尔,8.17,1.74,0.14,0.0,11.51,1.04,8.72,1.52亿,1.63亿,13.35亿,--
411,412,300266,兴源环境,2.99,4.91,0.14,0.0,3.28,1.25,8.07,1.52亿,15.53亿,46.44亿,--
412,413,300958,建工修复,11.95,1.19,0.14,-0.08,2.72,0.63,1.95,0.30亿,0.91亿,10.88亿,164.78
413,414,301370,国科恒泰,11.3,1.25,0.14,0.18,1.29,0.95,2.78,0.47亿,3.24亿,36.58亿,39.98
414,415,600029,南方航空,6.66,2.15,0.14,0.0,0.47,1.13,3.07,3.95亿,126.73亿,844.04亿,46.06
415,416,600121,郑州煤电,4.4,3.29,0.14,0.0,4.29,1.68,9.15,2.29亿,12.18亿,53.61亿,309.02
416,417,600178,东安动力,12.07,1.17,0.14,0.08,2.42,0.71,2.93,1.37亿,4.66亿,56.30亿,--
417,418,600251,冠农股份,7.54,1.89,0.14,0.0,1.29,1.73,3.51,0.75亿,7.77亿,58.59亿,13.24
418,419,600372,中航机载,12.48,1.14,0.14,0.0,0.99,2.64,2.19,5.94亿,47.57亿,593.65亿,37.65
419,420,600475,华光环能,9.18,1.55,0.14,0.0,0.76,1.57,2.88,0.65亿,9.42亿,86.51亿,13.68
420,421,600505,西昌电力,12.48,1.14,0.14,0.16,7.92,1.48,6.4,3.57亿,3.65亿,45.50亿,689.30
421,422,600630,龙头股份,10.24,1.39,0.14,0.0,4.74,0.48,3.17,2.07亿,4.25亿,43.51亿,86.41
422,423,600665,天地源,3.22,4.55,0.14,0.0,2.69,0.75,6.17,0.75亿,8.64亿,27.82亿,20.79
423,424,600668,尖峰集团,10.49,1.35,0.14,0.0,0.89,0.91,2.22,0.32亿,3.44亿,36.09亿,38.36
424,425,600678,四川金顶,6.75,2.12,0.14,0.15,4.69,0.65,4.24,1.10亿,3.49亿,23.56亿,--
425,426,600706,曲江文旅,9.96,1.43,0.14,0.0,5.3,0.63,4.48,1.34亿,2.54亿,25.30亿,--
426,427,600805,悦达投资,4.5,3.21,0.14,0.22,1.1,0.84,4.36,0.42亿,8.50亿,38.26亿,114.23
427,428,600833,第一医药,14.0,1.01,0.14,0.07,4.12,1.02,2.96,1.29亿,2.23亿,31.23亿,15.90
428,429,601083,锦江航运,9.75,1.46,0.14,-0.1,2.58,1.17,2.39,0.49亿,1.94亿,18.93亿,13.16
429,430,601700,风范股份,4.71,3.06,0.14,0.0,0.93,1.07,3.72,0.50亿,11.42亿,53.80亿,47.27
430,431,603169,兰石重装,5.59,2.57,0.14,0.0,1.07,1.27,3.49,0.78亿,13.06亿,73.02亿,56.75
431,432,603327,福蓉科技,12.88,1.1,0.14,0.23,1.1,1.08,3.3,1.09亿,7.68亿,98.93亿,52.16
432,433,688709,成都华微,33.9,0.41,0.14,0.0,11.32,0.95,6.81,2.97亿,0.77亿,26.14亿,184.09
433,434,000026,飞亚达,10.81,1.22,0.13,0.19,1.03,0.73,2.15,0.40亿,3.63亿,39.21亿,16.65
434,435,000089,深圳机场,7.07,1.87,0.13,-0.14,0.75,1.66,2.31,1.09亿,20.51亿,144.99亿,33.27
435,436,000419,通程控股,5.83,2.28,0.13,-0.17,2.9,0.91,4.91,0.92亿,5.44亿,31.69亿,16.26
436,437,000430,张家界,6.47,2.05,0.13,0.0,6.18,1.23,5.05,1.33亿,3.32亿,21.46亿,--
437,438,000548,湖南投资,5.34,2.5,0.13,0.0,2.13,0.88,3.26,0.57亿,4.99亿,26.66亿,21.78
438,439,000565,渝三峡A,5.55,2.4,0.13,0.0,1.12,0.73,6.83,0.27亿,4.34亿,24.06亿,120.05
439,440,000566,海南海药,5.04,2.65,0.13,0.0,2.38,0.97,5.7,1.40亿,11.66亿,58.76亿,--
440,441,000599,青岛双星,4.72,2.83,0.13,0.21,1.47,0.68,3.7,0.57亿,8.17亿,38.55亿,--
441,442,000637,茂化实华,3.82,3.52,0.13,0.26,2.12,0.95,5.42,0.30亿,3.68亿,14.06亿,--
442,443,000779,甘咨询,8.49,1.55,0.13,-0.24,1.57,0.63,2.15,0.62亿,4.65亿,39.46亿,16.41
443,444,000919,金陵药业,6.8,1.95,0.13,-0.15,1.92,0.67,3.45,0.77亿,5.90亿,40.14亿,44.57
444,445,000952,广济药业,5.72,2.33,0.13,0.0,1.38,0.8,4.47,0.27亿,3.44亿,19.68亿,--
445,446,000990,诚志股份,7.98,1.66,0.13,0.0,0.96,1.04,2.93,0.93亿,12.15亿,96.98亿,33.29
446,447,002490,ST墨龙,2.7,5.06,0.13,0.0,1.95,1.01,5.06,0.28亿,5.42亿,14.62亿,24.71
447,448,002578,闽发铝业,3.15,4.3,0.13,0.32,1.93,1.01,4.97,0.52亿,8.61亿,27.13亿,77.93
448,449,002722,物产金轮,14.7,0.89,0.13,0.0,1.71,0.6,2.06,0.44亿,1.75亿,25.80亿,20.09
449,450,300173,福能东方,5.78,2.3,0.13,0.17,5.32,0.78,5.84,2.28亿,7.35亿,42.47亿,470.51
450,451,600021,上海电力,9.37,1.41,0.13,0.21,1.3,0.9,1.62,3.16亿,26.17亿,245.23亿,8.05
451,452,600026,中远海能,12.05,1.09,0.13,-0.08,0.75,0.63,1.93,3.12亿,34.75亿,418.71亿,12.62
452,453,600135,乐凯胶片,6.82,1.94,0.13,0.0,1.22,0.7,3.89,0.46亿,5.53亿,37.74亿,--
453,454,600197,伊力特,17.51,0.75,0.13,0.0,0.86,0.89,2.24,0.71亿,4.72亿,82.65亿,25.71
454,455,600206,有研新材,16.62,0.79,0.13,-0.24,5.57,1.02,3.21,7.88亿,8.47亿,140.70亿,92.09
455,456,600319,亚星化学,4.96,2.69,0.13,0.61,1.07,0.59,4.97,0.17亿,3.16亿,15.65亿,--
456,457,600419,天润乳业,9.59,1.37,0.13,0.0,2.3,1.09,3.7,0.71亿,3.20亿,30.71亿,103.41
457,458,600428,中远海特,7.18,1.84,0.13,0.14,1.72,1.41,2.84,2.63亿,21.47亿,154.13亿,9.62
458,459,600483,福能股份,10.05,1.31,0.13,0.0,0.64,0.87,2.12,1.77亿,27.80亿,279.40亿,11.82
459,460,600560,金自天正,15.53,0.84,0.13,-0.19,2.76,0.51,2.34,0.96亿,2.24亿,34.73亿,68.14
460,461,600585,海螺水泥,24.03,0.54,0.13,-0.04,0.33,0.96,1.38,3.19亿,40.00亿,961.13亿,18.37
461,462,600722,金牛化工,4.89,2.73,0.13,0.0,1.76,0.86,3.78,0.59亿,6.80亿,33.27亿,64.04
462,463,600742,一汽富维,9.12,1.45,0.13,0.11,0.91,0.68,2.0,0.62亿,7.43亿,67.77亿,12.68
463,464,600822,上海物贸,10.48,1.26,0.13,-0.1,2.58,0.5,3.87,1.07亿,3.96亿,41.52亿,85.15
464,465,601136,首创证券,23.38,0.56,0.13,0.0,5.47,1.44,2.19,6.17亿,4.81亿,112.57亿,63.93
465,466,601179,中国西电,7.88,1.68,0.13,0.0,0.97,0.93,2.84,3.90亿,51.26亿,403.92亿,38.51
466,467,601666,平煤股份,9.83,1.34,0.13,-0.1,1.54,1.5,2.89,3.71亿,24.69亿,242.74亿,8.92
467,468,601727,上海电气,8.16,1.62,0.13,0.12,2.05,1.35,4.73,21.31亿,126.55亿,1032.67亿,125.74
468,469,601990,南京证券,9.05,1.46,0.13,0.22,1.2,1.01,3.25,3.97亿,36.60亿,331.21亿,35.95
469,470,603107,上海汽配,17.71,0.74,0.13,0.06,2.43,0.66,2.62,0.94亿,2.18亿,38.64亿,33.27
470,471,603167,渤海轮渡,9.1,1.45,0.13,0.22,1.57,0.75,2.23,0.66亿,4.69亿,42.69亿,12.45
471,472,603357,设计总院,9.24,1.43,0.13,0.0,1.16,0.9,1.65,0.59亿,5.51亿,50.87亿,12.36
472,473,603817,海峡环保,5.71,2.33,0.13,-0.18,1.05,1.02,3.4,0.32亿,5.34亿,30.51亿,13.39
473,474,000045,深纺织A,11.19,1.08,0.12,0.0,1.44,0.91,3.79,0.74亿,4.57亿,51.14亿,53.88
474,475,000404,长虹华意,7.78,1.57,0.12,0.0,2.14,1.18,1.96,1.15亿,6.93亿,53.91亿,10.80
475,476,000638,万方发展,4.89,2.52,0.12,0.0,3.18,0.76,4.4,0.48亿,3.10亿,15.17亿,85.90
476,477,000698,沈阳化工,3.47,3.58,0.12,0.0,2.47,0.62,5.08,0.67亿,7.86亿,27.26亿,--
477,478,000720,新能泰山,3.31,3.76,0.12,0.3,1.19,0.94,6.58,0.50亿,12.57亿,41.59亿,--
478,479,000721,西安饮食,10.02,1.21,0.12,0.0,9.85,0.88,4.04,4.33亿,4.38亿,43.84亿,--
479,480,000796,凯撒旅业,4.25,2.91,0.12,-0.24,4.27,1.03,7.26,2.43亿,13.31亿,56.56亿,--
480,481,000850,华茂股份,4.32,2.86,0.12,0.23,1.54,1.09,3.81,0.62亿,9.43亿,40.75亿,20.10
481,482,000917,电广传媒,7.38,1.65,0.12,-0.14,2.44,0.84,3.72,2.56亿,14.17亿,104.61亿,128.65
482,483,000958,电投产融,6.53,1.87,0.12,0.0,0.76,0.87,2.65,2.65亿,53.83亿,351.54亿,34.55
483,484,000966,长源电力,4.91,2.5,0.12,0.0,0.98,1.41,3.13,1.32亿,27.49亿,134.99亿,14.11
484,485,000973,佛塑科技,6.15,1.99,0.12,-0.16,3.64,0.85,4.15,2.17亿,9.67亿,59.50亿,53.61
485,486,000987,越秀资本,7.4,1.65,0.12,-0.27,0.49,1.26,3.02,1.80亿,50.15亿,371.13亿,16.20
486,487,002057,中钢天源,7.6,1.6,0.12,0.0,0.94,0.88,2.14,0.54亿,7.50亿,57.01亿,27.49
487,488,002160,常铝股份,3.86,3.21,0.12,-0.26,2.53,1.21,5.35,0.77亿,7.94亿,30.63亿,58.22
488,489,002507,涪陵榨菜,14.48,0.84,0.12,-0.07,0.79,0.94,2.09,1.32亿,11.49亿,166.36亿,18.68
489,490,002586,*ST围海,2.53,4.98,0.12,0.0,0.66,0.77,5.39,0.15亿,8.97亿,22.69亿,--
490,491,002644,佛慈制药,7.91,1.54,0.12,0.0,0.68,1.01,2.95,0.28亿,5.11亿,40.39亿,77.53
491,492,002682,龙洲股份,4.47,2.76,0.12,0.0,5.86,0.99,5.75,1.48亿,5.62亿,25.14亿,--
492,493,300011,鼎汉技术,7.76,1.57,0.12,0.0,1.79,0.69,2.62,0.69亿,5.02亿,38.93亿,206.85
493,494,300026,红日药业,3.93,3.15,0.12,0.0,2.37,1.38,5.25,2.48亿,26.86亿,105.56亿,52.59
494,495,300053,航宇微,14.02,0.86,0.12,0.0,4.89,1.08,4.53,4.44亿,6.35亿,89.09亿,--
495,496,300270,中威电子,7.78,1.57,0.12,0.13,4.81,0.62,4.44,0.96亿,2.56亿,19.95亿,--
496,497,300374,中铁装配,19.4,0.62,0.12,0.0,6.93,0.65,2.28,2.72亿,2.03亿,39.46亿,--
497,498,300569,天能重工,5.15,2.39,0.12,0.0,1.36,1.24,2.98,0.71亿,10.18亿,52.43亿,685.64
498,499,300675,建科院,15.28,0.79,0.12,-0.07,2.08,0.64,2.11,0.47亿,1.47亿,22.41亿,--
499,500,301048,金鹰重工,10.17,1.19,0.12,-0.1,2.58,0.95,4.58,1.39亿,5.33亿,54.24亿,38.84
500,501,600032,浙江新能,7.65,1.59,0.12,0.13,0.25,1.03,1.99,0.45亿,24.05亿,183.96亿,21.43
501,502,600133,东湖高新,9.73,1.25,0.12,-0.21,1.85,0.91,3.02,1.92亿,10.66亿,103.75亿,35.60
502,503,600138,中青旅,10.55,1.15,0.12,0.0,2.26,1.06,2.4,1.73亿,7.24亿,76.37亿,37.42
503,504,600202,哈空调,4.49,2.75,0.12,0.0,1.75,0.77,4.35,0.30亿,3.83亿,17.21亿,902.27
504,505,600203,福日电子,9.63,1.26,0.12,0.0,7.4,0.65,4.52,4.29亿,5.93亿,57.10亿,--
505,506,600259,广晟有色,28.58,0.42,0.12,0.0,0.73,0.93,1.55,0.69亿,3.29亿,94.17亿,--
506,507,600267,海正药业,8.4,1.45,0.12,0.0,0.9,1.21,2.29,0.91亿,11.98亿,100.65亿,14.77
507,508,600550,保变电气,8.25,1.48,0.12,-0.12,1.66,1.1,2.71,2.53亿,18.42亿,151.93亿,135.01
508,509,600559,老白干酒,21.4,0.56,0.12,0.0,1.74,0.94,2.3,3.35亿,9.04亿,193.51亿,26.40
509,510,600657,信达地产,4.43,2.78,0.12,0.23,0.83,1.08,3.71,1.04亿,28.52亿,126.34亿,--
510,511,600717,天津港,4.96,2.48,0.12,0.0,0.96,1.44,2.69,1.36亿,28.94亿,143.54亿,12.06
511,512,600739,辽宁成大,10.77,1.13,0.12,0.0,0.81,1.04,2.16,1.33亿,15.30亿,164.75亿,17.37
512,513,600783,鲁信创投,13.29,0.91,0.12,0.08,0.54,1.29,2.66,0.53亿,7.44亿,98.93亿,23.91
513,514,600784,鲁银投资,6.05,2.02,0.12,0.0,1.51,1.23,3.88,0.52亿,5.68亿,34.37亿,12.06
514,515,600789,鲁抗医药,9.28,1.31,0.12,0.0,9.62,0.66,3.71,7.99亿,8.99亿,83.40亿,18.02
515,516,600825,新华传媒,6.85,1.78,0.12,0.0,2.88,0.85,5.05,2.08亿,10.45亿,71.57亿,548.2
516,517,600874,创业环保,6.07,2.02,0.12,-0.16,0.89,1.22,2.35,0.66亿,12.30亿,74.69亿,10.55
517,518,600879,航天电子,9.27,1.31,0.12,0.0,1.99,1.94,3.61,6.01亿,32.29亿,299.34亿,40.83
518,519,600956,新天绿能,7.59,1.61,0.12,0.0,0.25,1.21,2.28,0.41亿,21.65亿,164.35亿,16.01
519,520,601188,龙江交通,3.68,3.37,0.12,-0.27,2.25,1.08,4.49,1.09亿,13.16亿,48.42亿,24.35
520,521,601368,绿城水务,4.92,2.5,0.12,0.0,0.57,0.99,3.12,0.25亿,8.83亿,43.44亿,24.30
521,522,601512,中新集团,7.8,1.56,0.12,0.0,0.18,1.04,2.08,0.22亿,14.99亿,116.91亿,13.04
522,523,603013,亚普股份,16.0,0.76,0.12,0.0,0.81,0.87,2.08,0.67亿,5.13亿,82.02亿,16.45
523,524,603227,雪峰科技,8.76,1.39,0.12,-0.11,0.82,0.48,3.47,0.70亿,9.74亿,85.33亿,11.70
524,525,831039,国义招标,8.1,1.5,0.12,0.0,0.72,0.96,3.13,0.09亿,1.54亿,12.46亿,22.73
525,526,000011,深物业A,9.03,1.23,0.11,0.0,0.8,0.8,2.35,0.38亿,5.26亿,47.54亿,1127.13
526,527,000156,华数传媒,7.49,1.49,0.11,0.0,0.91,0.93,4.88,1.17亿,17.00亿,127.32亿,29.59
527,528,000544,中原环保,8.85,1.26,0.11,0.0,0.56,1.18,1.72,0.48亿,9.75亿,86.26亿,6.48
528,529,000731,四川美丰,7.44,1.5,0.11,0.0,1.14,0.86,1.64,0.47亿,5.59亿,41.58亿,16.47
529,530,000736,中交地产,8.93,1.25,0.11,0.0,2.2,1.04,3.17,1.37亿,6.95亿,62.10亿,--
530,531,000762,西藏矿业,21.87,0.51,0.11,0.05,1.37,1.1,2.07,1.57亿,5.21亿,113.90亿,56.16
531,532,000828,东莞控股,10.93,1.02,0.11,0.0,0.67,0.93,2.31,0.76亿,10.40亿,113.62亿,11.73
532,533,000831,中国稀土,28.87,0.38,0.11,0.07,1.07,0.95,1.91,3.28亿,10.61亿,306.37亿,--
533,534,000833,粤桂股份,11.76,0.94,0.11,0.09,8.82,0.95,4.12,4.75亿,4.54亿,53.36亿,31.48
534,535,000875,吉电股份,5.48,2.05,0.11,0.0,1.54,1.35,2.23,2.34亿,27.90亿,152.89亿,10.55
535,536,001219,青岛食品,14.16,0.78,0.11,0.21,3.42,1.06,2.13,0.92亿,1.90亿,26.88亿,23.91
536,537,002051,中工国际,8.39,1.33,0.11,0.12,0.67,0.74,1.81,0.69亿,12.37亿,103.81亿,24.08
537,538,002083,孚日股份,4.98,2.26,0.11,0.0,2.88,1.22,3.08,1.35亿,9.46亿,47.13亿,10.51
538,539,002196,方正电机,5.78,1.94,0.11,-0.17,3.59,0.61,4.41,1.02亿,4.90亿,28.30亿,240291.00
539,540,002358,森源电气,4.91,2.29,0.11,0.0,2.74,0.85,4.17,1.25亿,9.29亿,45.62亿,26.22
540,541,002672,东江环保,4.41,2.56,0.11,0.0,0.5,0.79,3.72,0.20亿,9.05亿,39.92亿,--
541,542,300072,海新能科,3.7,3.06,0.11,0.27,1.86,1.12,5.57,1.62亿,23.31亿,86.26亿,--
542,543,300183,东软载波,18.57,0.6,0.11,0.0,6.54,1.36,4.55,4.38亿,3.59亿,66.67亿,76.68
543,544,300510,金冠股份,4.45,2.54,0.11,-0.22,2.02,0.85,4.61,0.74亿,8.25亿,36.70亿,--
544,545,600058,五矿发展,7.44,1.5,0.11,0.0,0.43,0.83,2.73,0.34亿,10.72亿,79.75亿,43.87
545,546,600115,中国东航,4.09,2.76,0.11,0.0,0.52,1.41,3.52,3.64亿,171.15亿,699.98亿,--
546,547,600235,民丰特纸,5.79,1.94,0.11,0.0,1.42,0.67,3.35,0.29亿,3.51亿,20.34亿,25.02
547,548,600279,重庆港,4.97,2.26,0.11,0.2,0.93,1.03,2.88,0.54亿,11.87亿,58.99亿,59.30
548,549,600293,三峡新材,3.23,3.53,0.11,0.0,3.6,1.34,7.37,1.36亿,11.60亿,37.47亿,199.77
549,550,600435,北方导航,9.97,1.12,0.11,0.0,1.76,1.16,2.84,2.64亿,15.03亿,149.81亿,--
550,551,600469,风神股份,6.35,1.76,0.11,0.16,0.79,0.83,2.4,0.36亿,7.29亿,46.32亿,12.60
551,552,600479,千金药业,10.96,1.01,0.11,0.0,2.06,1.14,1.75,0.94亿,4.19亿,45.87亿,20.74
552,553,600515,海南机场,3.89,2.91,0.11,-0.26,0.97,1.51,3.97,3.44亿,91.76亿,356.95亿,156.60
553,554,600528,中铁工业,8.26,1.35,0.11,0.12,0.52,1.04,1.59,0.96亿,22.22亿,183.50亿,10.44
554,555,600543,莫高股份,4.79,2.35,0.11,-0.21,3.3,0.58,3.85,0.51亿,3.21亿,15.38亿,--
555,556,600713,南京医药,5.12,2.2,0.11,0.39,1.9,0.94,2.79,1.01亿,10.47亿,53.62亿,11.38
556,557,600744,华银电力,3.34,3.41,0.11,0.0,1.83,1.29,4.33,1.23亿,20.31亿,67.84亿,150.48
557,558,600821,金开新能,5.64,1.99,0.11,0.0,0.73,1.11,1.99,0.82亿,19.97亿,112.65亿,11.32
558,559,600929,雪天盐业,5.73,1.96,0.11,0.18,0.89,1.27,2.85,0.63亿,12.41亿,71.13亿,21.04
559,560,600992,贵绳股份,15.69,0.71,0.11,0.0,1.42,0.81,1.93,0.54亿,2.45亿,38.45亿,--
560,561,601008,连云港,3.91,2.9,0.11,0.26,1.17,1.51,2.9,0.56亿,12.41亿,48.51亿,25.39
561,562,601068,中铝国际,4.57,2.47,0.11,0.0,0.46,1.33,4.48,0.54亿,25.60亿,116.97亿,40.74
562,563,601121,宝地矿业,7.09,1.58,0.11,0.14,4.02,1.21,2.72,1.07亿,3.80亿,26.94亿,24.94
563,564,601801,皖新传媒,7.41,1.51,0.11,-0.27,1.35,1.37,3.7,1.95亿,19.58亿,145.08亿,13.40
564,565,601878,浙商证券,12.69,0.87,0.11,0.0,1.75,1.34,2.46,10.15亿,45.74亿,580.41亿,34.41
565,566,688249,晶合集成,24.33,0.45,0.11,-0.04,1.78,0.91,5.2,5.15亿,11.77亿,286.30亿,131.24
566,567,688739,成大生物,26.41,0.42,0.11,-0.04,0.78,0.92,1.67,0.39亿,1.89亿,49.86亿,25.02
567,568,000166,申万宏源,5.53,1.84,0.1,-0.18,0.79,2.23,3.68,9.80亿,225.35亿,1246.21亿,26.98
568,569,000401,冀东水泥,5.37,1.9,0.1,-0.19,0.76,0.98,3.79,0.63亿,15.47亿,83.09亿,--
569,570,000589,贵州轮胎,5.16,1.98,0.1,0.0,3.21,1.88,2.57,2.52亿,15.30亿,78.95亿,10.74
570,571,000655,金岭矿业,6.36,1.6,0.1,0.0,0.75,0.78,2.08,0.28亿,5.95亿,37.86亿,18.95
571,572,000707,双环科技,7.61,1.33,0.1,0.13,1.28,0.75,2.13,0.45亿,4.64亿,35.32亿,8.06
572,573,000789,万年青,5.17,1.97,0.1,0.19,1.58,1.75,3.94,0.65亿,7.97亿,41.23亿,443.09
573,574,000815,美利云,11.52,0.88,0.1,0.0,7.2,1.26,8.32,5.82亿,6.95亿,80.09亿,--
574,575,000970,中科三环,10.95,0.92,0.1,0.09,1.47,1.05,2.77,1.96亿,12.16亿,133.12亿,--
575,576,002226,江南化工,5.7,1.79,0.1,0.18,0.9,0.63,3.75,1.35亿,26.49亿,150.99亿,15.10
576,577,002263,大东南,2.56,4.07,0.1,0.0,2.01,1.3,7.32,0.97亿,18.78亿,48.09亿,--
577,578,002573,清新环境,4.13,2.48,0.1,0.0,0.56,1.12,3.23,0.33亿,14.13亿,58.35亿,74.23
578,579,002608,江苏国信,7.92,1.28,0.1,0.0,0.62,1.03,2.17,1.84亿,37.78亿,299.22亿,7.68
579,580,002786,银宝山新,9.83,1.03,0.1,-0.1,2.6,0.87,3.29,1.27亿,4.94亿,48.57亿,--
580,581,300030,阳普医疗,5.89,1.73,0.1,0.0,2.15,0.61,3.8,0.35亿,2.72亿,16.03亿,--
581,582,300370,安控科技,3.46,2.98,0.1,0.0,5.2,1.07,6.55,2.40亿,13.25亿,45.84亿,--
582,583,300385,雪浪环境,4.95,2.06,0.1,0.2,1.88,0.7,3.92,0.27亿,2.89亿,14.33亿,--
583,584,300422,博世科,4.58,2.23,0.1,0.44,1.08,0.74,3.57,0.26亿,5.17亿,23.66亿,--
584,585,300527,中船应急,8.32,1.22,0.1,-0.12,2.04,0.59,2.43,1.65亿,9.63亿,80.14亿,1191.42
585,586,301167,建研设计,13.15,0.77,0.1,0.38,2.8,0.66,2.38,0.26亿,0.71亿,9.35亿,142.09
586,587,600071,凤凰光学,22.0,0.46,0.1,0.0,1.97,0.53,3.74,1.23亿,2.82亿,61.95亿,--
587,588,600120,浙江东方,4.94,2.07,0.1,-0.2,1.46,0.75,2.89,2.45亿,34.15亿,168.72亿,30.25
588,589,600161,天坛生物,20.9,0.48,0.1,0.0,0.58,1.01,1.25,2.37亿,19.77亿,413.27亿,29.47
589,590,600222,太龙药业,5.25,1.94,0.1,0.0,2.41,0.8,4.08,0.73亿,5.74亿,30.13亿,78.20
590,591,600271,航天信息,9.51,1.06,0.1,0.0,0.61,0.94,2.76,1.08亿,18.53亿,176.21亿,--
591,592,600320,振华重工,4.01,2.56,0.1,0.0,0.89,1.26,2.81,1.18亿,33.22亿,133.21亿,36.60
592,593,600396,华电辽能,2.79,3.72,0.1,-0.36,2.4,0.89,7.43,0.99亿,14.73亿,41.09亿,127.24
593,594,600423,柳化股份,2.93,3.53,0.1,-0.34,1.61,0.87,4.95,0.38亿,7.99亿,23.40亿,56.52
594,595,600526,菲达环保,4.63,2.21,0.1,0.0,1.11,1.01,2.87,0.36亿,7.12亿,32.95亿,19.40
595,596,600552,凯盛科技,11.85,0.85,0.1,0.0,2.06,1.15,2.98,2.33亿,9.45亿,111.94亿,75.07
596,597,600642,申能股份,9.45,1.07,0.1,0.0,0.56,0.9,2.57,2.56亿,48.79亿,461.07亿,10.57
597,598,600674,川投能源,17.25,0.58,0.1,0.06,0.41,0.71,1.34,3.43亿,48.75亿,840.87亿,14.26
598,599,600758,辽宁能源,3.53,2.92,0.1,0.28,1.2,1.05,3.79,0.56亿,13.21亿,46.62亿,58.56
599,600,600780,通宝能源,5.85,1.74,0.1,0.0,0.85,1.25,2.09,0.56亿,11.46亿,67.07亿,13.09
600,601,600791,京能置业,4.24,2.42,0.1,-0.24,1.75,0.85,4.83,0.33亿,4.52亿,19.18亿,--
601,602,600848,上海临港,10.35,0.98,0.1,-0.1,0.23,1.0,1.85,0.56亿,23.94亿,247.77亿,31.66
602,603,600903,贵州燃气,7.17,1.41,0.1,0.14,0.66,0.74,2.4,0.55亿,11.50亿,82.46亿,50.07
603,604,601111,中国国航,8.11,1.25,0.1,0.12,0.51,0.92,3.0,4.81亿,116.38亿,943.85亿,77.94
604,605,601766,中国中车,8.35,1.21,0.1,0.24,0.32,0.97,1.7,6.51亿,243.28亿,2031.37亿,24.81
605,606,601808,中海油服,14.86,0.68,0.1,0.0,0.17,0.49,1.08,0.75亿,29.60亿,439.93亿,21.75
606,607,601919,中远海控,15.2,0.66,0.1,0.07,0.77,0.99,1.85,14.80亿,127.61亿,1939.68亿,4.77
607,608,688151,华强科技,16.27,0.62,0.1,-0.31,0.71,0.72,1.36,0.12亿,1.02亿,16.62亿,152.31
608,609,688203,海正生材,9.96,1.01,0.1,-0.3,0.56,0.55,2.64,0.07亿,1.18亿,11.73亿,45.26
609,610,000090,天健集团,4.23,2.17,0.09,0.48,1.05,1.04,2.66,0.83亿,18.68亿,79.04亿,18.05
610,611,000539,粤电力A,4.68,1.96,0.09,0.0,1.02,1.41,1.96,1.21亿,25.54亿,119.52亿,12.56
611,612,000547,航天发展,7.67,1.19,0.09,0.13,1.28,1.25,1.32,1.56亿,15.88亿,121.83亿,--
612,613,000803,山高环能,5.22,1.75,0.09,0.0,2.59,0.74,5.65,0.62亿,4.59亿,23.95亿,--
613,614,000852,石化机械,6.65,1.37,0.09,-0.6,5.52,1.42,3.81,3.44亿,9.41亿,62.58亿,56.43
614,615,000900,现代投资,4.52,2.03,0.09,0.0,1.12,1.15,2.48,0.76亿,15.18亿,68.60亿,12.67
615,616,000930,中粮科技,5.74,1.59,0.09,0.0,0.79,1.25,2.65,0.84亿,18.56亿,106.55亿,833.53
616,617,002092,ST中泰,4.4,2.09,0.09,0.23,0.5,0.91,2.78,0.56亿,25.76亿,113.33亿,--
617,618,002313,日海智能,8.4,1.08,0.09,0.24,3.25,0.57,4.21,1.03亿,3.74亿,31.45亿,--
618,619,002443,金洲管道,6.0,1.52,0.09,0.0,1.57,1.02,2.37,0.49亿,5.19亿,31.17亿,19.05
619,620,002483,润邦股份,5.4,1.7,0.09,-0.19,1.61,0.99,2.83,0.76亿,8.85亿,47.80亿,14.09
620,621,002736,国信证券,11.46,0.79,0.09,0.09,0.31,1.09,2.55,3.27亿,91.39亿,1047.31亿,16.93
621,622,300388,节能国祯,7.91,1.15,0.09,0.0,0.92,0.77,2.3,0.49亿,6.79亿,53.72亿,15.64
622,623,300486,东杰智能,7.16,1.27,0.09,0.14,2.86,0.72,3.68,0.82亿,3.96亿,28.35亿,--
623,624,301090,华润材料,7.33,1.24,0.09,0.14,0.68,0.81,2.07,0.31亿,6.25亿,45.83亿,--
624,625,600126,杭钢股份,4.78,1.92,0.09,0.42,4.49,2.86,6.61,7.37亿,33.77亿,161.43亿,--
625,626,600168,武汉控股,4.59,2.0,0.09,0.0,0.99,1.23,2.22,0.45亿,9.93亿,45.60亿,47.05
626,627,600287,ST舜天,4.35,2.11,0.09,0.23,0.82,0.7,3.29,0.15亿,4.37亿,19.00亿,25.03
627,628,600448,华纺股份,2.74,3.4,0.09,-0.36,2.94,0.74,5.28,0.51亿,6.30亿,17.26亿,512.93
628,629,600558,大西洋,4.18,2.2,0.09,0.0,1.64,1.02,3.18,0.61亿,8.98亿,37.52亿,32.65
629,630,600578,京能电力,3.62,2.55,0.09,0.56,0.46,1.16,2.55,1.09亿,66.95亿,242.34亿,12.84
630,631,600601,方正科技,4.89,1.88,0.09,0.62,12.2,3.01,5.21,25.05亿,41.70亿,203.93亿,72.86
631,632,600610,中毅达,4.42,2.08,0.09,-0.23,1.67,0.67,4.39,0.53亿,7.09亿,31.33亿,--
632,633,600639,浦东金桥,11.27,0.81,0.09,0.18,0.62,0.91,1.7,0.59亿,8.50亿,95.82亿,24.29
633,634,600738,丽尚国潮,5.09,1.8,0.09,0.0,5.67,0.84,6.0,2.19亿,7.61亿,38.72亿,27.04
634,635,600773,西藏城投,11.19,0.81,0.09,-0.09,0.9,0.84,2.61,0.96亿,9.52亿,106.48亿,--
635,636,600787,中储股份,6.69,1.36,0.09,0.0,1.84,0.85,2.88,2.67亿,21.70亿,145.18亿,28.36
636,637,600800,渤海化学,3.15,2.94,0.09,-0.32,2.36,0.94,5.23,0.83亿,11.10亿,34.96亿,--
637,638,600830,香溢融通,10.62,0.85,0.09,0.09,2.13,0.79,3.04,1.04亿,4.54亿,48.25亿,63.17
638,639,600909,华安证券,6.33,1.44,0.09,0.16,1.3,1.64,2.56,3.87亿,46.98亿,297.36亿,19.50
639,640,600984,建设机械,3.5,2.64,0.09,-0.29,1.63,0.85,6.16,0.72亿,12.57亿,44.00亿,--
640,641,600999,招商证券,19.56,0.46,0.09,0.0,0.36,1.31,2.05,5.27亿,74.22亿,1451.74亿,17.84
641,642,601001,晋控煤业,13.23,0.69,0.09,0.0,1.27,1.25,2.51,2.77亿,16.74亿,221.43亿,7.72
642,643,601018,宁波港,3.85,2.39,0.09,0.26,0.24,1.36,2.39,1.46亿,158.07亿,608.59亿,13.68
643,644,601139,深圳燃气,6.98,1.31,0.09,0.0,0.4,0.98,1.31,0.80亿,28.77亿,200.80亿,14.27
644,645,601177,杭齿前进,8.54,1.06,0.09,0.0,1.04,1.12,2.01,0.36亿,4.00亿,34.17亿,13.81
645,646,601369,陕鼓动力,8.81,1.03,0.09,0.0,0.49,0.98,1.83,0.72亿,16.91亿,149.01亿,17.12
646,647,603188,亚邦股份,3.69,2.5,0.09,0.0,1.67,0.83,4.72,0.35亿,5.70亿,21.04亿,--
647,648,688009,中国通号,6.21,1.47,0.09,0.0,0.57,1.24,2.94,3.03亿,86.21亿,535.37亿,20.91
648,649,688122,西部超导,43.42,0.21,0.09,-0.18,1.25,1.54,2.33,3.57亿,6.50亿,282.08亿,35.05
649,650,688509,正元地信,4.16,2.21,0.09,0.0,2.87,0.75,4.42,0.46亿,3.85亿,16.01亿,--
650,651,000428,华天酒店,3.31,2.48,0.08,-0.3,2.52,1.02,5.26,0.85亿,10.19亿,33.73亿,--
651,652,000507,珠海港,5.24,1.55,0.08,0.0,1.27,0.86,1.94,0.60亿,9.02亿,47.28亿,15.14
652,653,000537,中绿电,9.48,0.85,0.08,0.11,0.57,0.82,1.92,1.11亿,20.67亿,195.91亿,16.05
653,654,000728,国元证券,8.74,0.92,0.08,0.0,1.16,1.39,2.66,4.43亿,43.64亿,381.39亿,18.22
654,655,000753,漳州发展,4.27,1.91,0.08,0.0,5.43,0.87,4.06,2.30亿,9.91亿,42.34亿,64.44
655,656,000823,超声电子,10.9,0.74,0.08,-0.18,7.35,0.64,4.44,4.34亿,5.37亿,58.53亿,29.79
656,657,000883,湖北能源,5.06,1.61,0.08,0.0,0.44,1.01,1.81,1.44亿,64.80亿,327.88亿,10.02
657,658,000888,峨眉山A,13.9,0.58,0.08,0.0,2.2,0.81,2.53,1.61亿,5.27亿,73.24亿,22.52
658,659,000949,新乡化纤,4.25,1.92,0.08,0.24,4.57,0.85,5.04,3.32亿,17.00亿,72.24亿,27.20
659,660,000960,锡业股份,14.45,0.56,0.08,-0.07,0.88,1.01,1.25,2.08亿,16.46亿,237.82亿,13.90
660,661,002030,达安基因,5.91,1.37,0.08,-0.17,0.91,0.85,3.26,0.75亿,14.03亿,82.94亿,--
661,662,002061,浙江交科,4.22,1.93,0.08,-0.24,1.45,1.31,3.14,1.59亿,25.99亿,109.68亿,9.81
662,663,002408,齐翔腾达,5.26,1.54,0.08,0.0,0.49,0.94,2.32,0.71亿,27.51亿,144.71亿,57.08
663,664,002522,浙江众成,4.06,2.01,0.08,0.0,1.15,0.75,3.02,0.40亿,8.69亿,35.28亿,61.86
664,665,002554,惠博普,2.62,3.15,0.08,0.0,1.8,0.54,4.33,0.63亿,13.47亿,35.28亿,--
665,666,002642,荣联科技,7.49,1.08,0.08,0.0,2.98,0.57,3.91,1.48亿,6.60亿,49.46亿,354.72
666,667,002761,浙江建投,9.2,0.88,0.08,0.0,1.55,0.88,2.41,1.54亿,10.81亿,99.48亿,53.55
667,668,002926,华西证券,8.69,0.93,0.08,0.0,0.77,1.45,2.67,1.77亿,26.25亿,228.11亿,67.33
668,669,300091,金通灵,2.34,3.54,0.08,-0.43,3.95,0.87,8.85,1.25亿,13.35亿,31.24亿,--
669,670,300277,海联讯,11.75,0.69,0.08,0.0,2.73,0.7,2.66,1.08亿,3.35亿,39.32亿,653.27
670,671,300281,金明精机,5.85,1.39,0.08,0.17,2.14,0.73,4.51,0.50亿,3.97亿,23.24亿,128.28
671,672,300289,利德曼,5.1,1.59,0.08,-0.2,1.03,0.7,3.39,0.29亿,5.43亿,27.70亿,1941.88
672,673,300523,辰安科技,20.56,0.39,0.08,0.15,1.22,0.95,3.42,0.59亿,2.32亿,47.75亿,--
673,674,600011,华能国际,6.87,1.18,0.08,0.0,0.47,0.85,1.92,3.52亿,109.98亿,755.54亿,7.77
674,675,600052,东望时代,4.75,1.71,0.08,0.21,1.2,1.0,4.71,0.49亿,8.44亿,40.10亿,32.27
675,676,600163,中闽能源,6.14,1.32,0.08,-0.16,0.47,0.64,2.97,0.55亿,19.03亿,116.84亿,21.42
676,677,600249,两面针,5.24,1.55,0.08,-0.19,1.57,0.58,2.91,0.45亿,5.50亿,28.82亿,25.73
677,678,600269,赣粤高速,5.69,1.43,0.08,-0.18,1.04,1.06,2.32,1.37亿,23.35亿,132.88亿,8.65
678,679,600281,华阳新材,3.41,2.4,0.08,0.0,1.89,0.69,4.8,0.33亿,5.14亿,17.54亿,--
679,680,600392,盛和资源,10.66,0.76,0.08,0.0,1.2,1.43,2.93,2.25亿,17.53亿,186.85亿,150.90
680,681,600403,大有能源,2.96,2.78,0.08,-0.34,0.52,0.99,4.86,0.37亿,23.91亿,70.77亿,--
681,682,600509,天富能源,6.77,1.2,0.08,0.0,1.17,0.79,2.39,1.08亿,13.74亿,93.05亿,14.13
682,683,600572,康恩贝,4.76,1.71,0.08,0.21,1.17,1.24,2.56,1.42亿,25.63亿,122.01亿,17.70
683,684,600795,国电电力,4.66,1.75,0.08,0.0,0.56,0.85,2.18,4.58亿,178.36亿,831.14亿,6.78
684,685,600796,钱江生化,5.91,1.37,0.08,-0.17,3.24,0.68,2.92,0.58亿,3.01亿,17.81亿,29.81
685,686,600798,宁波海运,3.08,2.67,0.08,0.33,1.12,1.06,4.0,0.42亿,12.07亿,37.16亿,--
686,687,600807,济高发展,3.74,2.19,0.08,0.0,2.42,0.84,4.92,0.72亿,7.87亿,29.43亿,--
687,688,600826,兰生股份,8.94,0.9,0.08,0.0,1.62,0.63,2.94,1.07亿,7.36亿,65.76亿,24.37
688,689,600875,东方电气,16.05,0.5,0.08,0.0,1.0,0.82,2.38,3.23亿,20.24亿,324.78亿,14.30
689,690,600917,重庆燃气,6.02,1.35,0.08,0.0,0.23,1.04,1.51,0.22亿,15.61亿,93.97亿,26.81
690,691,600935,华塑股份,2.68,3.08,0.08,-0.37,0.5,0.97,3.85,0.47亿,35.07亿,94.00亿,--
691,692,600977,中国电影,11.88,0.68,0.08,0.0,0.53,0.85,1.86,1.18亿,18.67亿,221.80亿,77.17
692,693,600979,广安爱众,4.92,1.65,0.08,0.2,7.19,0.78,3.51,4.36亿,12.32亿,60.63亿,19.38
693,694,601199,江南水务,5.68,1.43,0.08,-0.18,0.77,1.17,1.96,0.40亿,9.35亿,53.12亿,14.67
694,695,601200,上海环境,8.35,0.97,0.08,0.12,0.46,0.92,1.33,0.52亿,13.46亿,112.41亿,16.81
695,696,601238,广汽集团,9.44,0.85,0.08,0.0,0.64,1.33,2.24,4.45亿,73.63亿,695.03亿,608.59
696,697,601377,兴业证券,6.49,1.25,0.08,-0.15,1.06,1.74,2.81,5.95亿,86.36亿,560.48亿,31.84
697,698,601929,吉视传媒,1.95,4.28,0.08,0.0,6.53,1.03,8.02,4.43亿,34.90亿,68.05亿,--
698,699,601989,中国重工,4.87,1.67,0.08,0.0,0.72,1.63,2.3,7.99亿,228.02亿,1110.46亿,89.22
699,700,603999,读者传媒,6.4,1.27,0.08,-0.16,2.54,0.82,3.96,0.94亿,5.76亿,36.86亿,38.56
700,701,688189,南新制药,6.81,1.19,0.08,-0.15,1.19,0.85,3.42,0.22亿,2.74亿,18.69亿,--
701,702,838837,华原股份,10.45,0.77,0.08,0.0,1.07,0.81,3.09,0.15亿,1.37亿,14.29亿,25.03
702,703,000030,富奥股份,5.29,1.34,0.07,0.0,0.64,1.04,2.49,0.57亿,16.92亿,89.52亿,15.56
703,704,000582,北部湾港,7.7,0.92,0.07,0.0,0.81,1.23,1.05,1.09亿,17.61亿,135.62亿,14.36
704,705,000617,中油资本,7.16,0.99,0.07,0.14,0.69,1.61,2.26,6.27亿,126.42亿,905.17亿,15.63
705,706,000663,永安林业,5.82,1.22,0.07,0.17,4.59,0.53,4.87,0.82亿,3.06亿,17.83亿,--
706,707,000758,中色股份,5.07,1.4,0.07,0.2,0.96,1.05,2.2,0.96亿,19.69亿,99.84亿,22.51
707,708,000822,山东海化,5.86,1.21,0.07,0.0,0.67,0.63,1.9,0.35亿,8.95亿,52.45亿,22.90
708,709,000877,天山股份,5.86,1.21,0.07,0.0,0.6,0.82,2.42,0.64亿,18.22亿,106.78亿,--
709,710,000928,中钢国际,6.54,1.08,0.07,0.0,1.35,0.91,1.55,1.26亿,14.35亿,93.82亿,10.99
710,711,002016,世荣兆业,6.44,1.1,0.07,0.0,0.63,0.68,2.67,0.33亿,8.09亿,52.11亿,163.32
711,712,002060,广东建工,3.77,1.89,0.07,0.0,1.1,0.95,2.16,0.64亿,15.63亿,58.92亿,16.47
712,713,002091,江苏国泰,7.53,0.94,0.07,0.0,0.58,0.79,1.48,0.70亿,15.97亿,120.27亿,10.35
713,714,002159,三特索道,16.76,0.42,0.07,0.0,2.23,0.92,2.76,0.52亿,1.38亿,23.21亿,14.34
714,715,002183,怡亚通,4.66,1.52,0.07,0.0,1.6,1.04,4.14,1.94亿,25.97亿,121.02亿,148.14
715,716,002208,合肥城建,7.38,0.96,0.07,0.0,1.63,0.68,2.05,0.96亿,8.02亿,59.22亿,50.46
716,717,002332,仙琚制药,10.19,0.69,0.07,0.0,2.15,0.99,1.68,2.15亿,9.85亿,100.33亿,14.26
717,718,002343,慈文传媒,6.43,1.1,0.07,0.0,3.26,0.67,4.4,1.00亿,4.75亿,30.54亿,200.76
718,719,002470,金正大,2.03,3.57,0.07,0.0,4.03,1.43,10.2,2.70亿,32.86亿,66.70亿,27.77
719,720,002717,岭南股份,3.88,1.84,0.07,0.0,29.79,1.2,10.5,18.36亿,16.01亿,62.11亿,--
720,721,300106,西部牧业,10.24,0.69,0.07,0.1,7.88,0.78,5.51,1.71亿,2.11亿,21.64亿,--
721,722,300110,华仁药业,3.65,1.96,0.07,0.28,1.56,0.9,3.35,0.67亿,11.81亿,43.11亿,33.88
722,723,300129,泰胜风能,7.32,0.97,0.07,-0.14,1.33,0.88,2.21,0.65亿,6.65亿,48.64亿,34.39
723,724,300317,珈伟新能,3.88,1.84,0.07,-0.26,2.12,0.84,3.94,0.68亿,8.29亿,32.16亿,--
724,725,300410,正业科技,5.69,1.25,0.07,0.0,2.55,0.74,4.45,0.54亿,3.67亿,20.88亿,--
725,726,300528,幸福蓝海,9.0,0.78,0.07,-0.11,3.24,0.65,4.48,1.09亿,3.73亿,33.53亿,--
726,727,600017,日照港,3.26,2.19,0.07,-0.31,1.28,1.31,3.13,1.27亿,30.76亿,100.27亿,11.84
727,728,600018,上港集团,6.05,1.17,0.07,0.17,0.14,1.02,2.01,1.93亿,232.15亿,1404.48亿,8.94
728,729,600059,古越龙山,8.98,0.79,0.07,0.11,0.81,0.81,1.46,0.66亿,9.12亿,81.86亿,45.59
729,730,600061,国投资本,7.81,0.9,0.07,0.0,0.57,1.19,2.33,2.87亿,63.94亿,499.37亿,18.00
730,731,600063,皖维高新,4.14,1.72,0.07,0.24,0.87,1.04,2.95,0.69亿,19.26亿,79.73亿,32.64
731,732,600100,同方股份,7.39,0.96,0.07,-0.14,1.63,1.12,3.42,4.06亿,33.50亿,247.59亿,248.71
732,733,600113,浙江东日,14.17,0.5,0.07,-0.14,0.98,0.73,4.4,0.58亿,4.11亿,58.30亿,42.53
733,734,600149,廊坊发展,4.23,1.68,0.07,-0.24,1.58,0.48,3.61,0.25亿,3.80亿,16.08亿,17.25
734,735,600151,航天机电,8.34,0.85,0.07,0.0,1.1,0.82,3.14,1.32亿,14.34亿,119.62亿,--
735,736,600159,大龙地产,2.52,2.86,0.07,0.0,3.32,0.94,5.71,0.70亿,8.30亿,20.92亿,--
736,737,600248,陕建股份,4.5,1.58,0.07,0.0,0.69,1.22,2.26,1.14亿,36.81亿,165.63亿,4.28
737,738,600278,东方创业,7.19,0.98,0.07,-0.14,0.82,0.53,3.23,0.51亿,8.71亿,62.66亿,25.19
738,739,600305,恒顺醋业,8.18,0.86,0.07,0.0,0.59,0.73,1.85,0.53亿,11.03亿,90.23亿,56.63
739,740,600386,北巴传媒,4.86,1.46,0.07,-0.21,5.45,0.84,10.65,2.18亿,8.06亿,39.19亿,117.44
740,741,600387,*ST海越,2.78,2.58,0.07,0.0,1.54,1.06,4.8,0.17亿,4.04亿,11.23亿,447.39
741,742,600429,三元股份,4.63,1.53,0.07,0.0,0.95,0.75,3.95,0.66亿,14.98亿,69.34亿,50.65
742,743,600476,湘邮科技,15.87,0.44,0.07,0.0,3.32,0.64,3.48,0.85亿,1.61亿,25.56亿,--
743,744,600495,晋西车轴,3.95,1.8,0.07,0.0,1.32,0.67,2.83,0.63亿,12.08亿,47.72亿,595.66
744,745,600533,栖霞建设,2.46,2.93,0.07,0.41,2.47,0.85,4.6,0.64亿,10.50亿,25.83亿,--
745,746,600582,天地科技,6.2,1.14,0.07,0.0,0.92,1.05,1.63,2.35亿,41.39亿,256.59亿,8.85
746,747,600617,国新能源,2.8,2.56,0.07,0.36,0.87,1.04,3.3,0.43亿,17.76亿,49.72亿,--
747,748,600637,东方明珠,7.97,0.89,0.07,0.0,0.75,0.94,2.91,2.00亿,33.62亿,267.94亿,27.96
748,749,600649,城投控股,4.59,1.55,0.07,0.0,1.07,1.23,3.76,1.25亿,25.30亿,116.11亿,--
749,750,600651,飞乐音响,4.35,1.64,0.07,-0.23,0.88,0.76,4.21,0.96亿,25.07亿,109.06亿,323.02
750,751,600746,江苏索普,7.21,0.98,0.07,0.14,0.22,0.76,2.1,0.18亿,11.66亿,84.07亿,30.49
751,752,600876,凯盛新能,9.78,0.72,0.07,0.0,0.35,0.83,2.27,0.14亿,3.96亿,38.70亿,--
752,753,600925,苏能股份,5.36,1.32,0.07,0.19,0.54,0.97,1.7,0.47亿,16.06亿,86.08亿,22.12
753,754,600939,重庆建工,3.15,2.27,0.07,-0.32,0.83,1.13,4.22,0.50亿,19.02亿,59.91亿,--
754,755,600981,汇鸿集团,2.71,2.65,0.07,0.37,1.09,1.02,6.06,0.66亿,22.42亿,60.77亿,--
755,756,601326,秦港股份,3.41,2.1,0.07,0.0,0.55,1.44,2.1,0.88亿,47.58亿,162.23亿,10.67
756,757,601555,东吴证券,8.14,0.87,0.07,0.0,1.05,1.49,1.98,4.24亿,49.69亿,404.45亿,16.56
757,758,601866,中远海发,2.64,2.72,0.07,0.0,0.87,1.48,3.89,2.26亿,99.00亿,261.36亿,19.46
758,759,603088,宁波精达,9.38,0.75,0.07,0.0,3.82,0.84,2.79,1.57亿,4.36亿,40.86亿,25.95
759,760,688562,航天软件,16.45,0.43,0.07,0.0,0.95,0.96,2.81,0.27亿,1.69亿,27.80亿,--
760,761,688568,中科星图,52.24,0.13,0.07,0.0,1.57,0.82,3.24,4.49亿,5.43亿,283.83亿,146.12
761,762,838402,硅烷科技,9.52,0.74,0.07,0.0,0.63,0.71,2.12,0.26亿,4.22亿,40.18亿,34.09
762,763,000027,深圳能源,6.57,0.92,0.06,0.0,0.36,1.27,1.54,1.14亿,47.57亿,312.56亿,11.03
763,764,000070,ST特信,5.86,1.03,0.06,0.17,0.91,0.62,1.72,0.47亿,8.89亿,52.07亿,894.45
764,765,000420,吉林化纤,3.75,1.63,0.06,0.0,2.23,0.97,3.79,2.06亿,24.58亿,92.18亿,111.39
765,766,000521,长虹美菱,8.41,0.72,0.06,0.0,2.09,0.83,1.8,1.53亿,8.75亿,73.61亿,12.25
766,767,000563,陕国投A,3.73,1.64,0.06,0.0,1.17,1.15,2.73,2.23亿,51.14亿,190.75亿,15.31
767,768,000701,厦门信达,4.79,1.27,0.06,-0.21,3.43,0.87,6.55,1.07亿,6.41亿,30.68亿,--
768,769,000761,本钢板材,3.31,1.85,0.06,0.0,0.47,1.2,5.85,0.59亿,37.08亿,122.74亿,--
769,770,000767,晋控电力,2.64,2.33,0.06,0.0,0.85,0.96,3.88,0.65亿,29.12亿,76.88亿,--
770,771,000906,浙商中拓,6.82,0.89,0.06,0.0,1.49,0.56,2.52,0.71亿,7.02亿,47.88亿,8.67
771,772,000950,重药控股,5.8,1.04,0.06,-0.17,1.35,0.37,2.61,1.35亿,17.28亿,100.23亿,25.73
772,773,000957,中通客车,11.42,0.53,0.06,0.09,2.45,0.83,1.94,1.65亿,5.93亿,67.71亿,26.01
773,774,000965,天保基建,3.13,1.95,0.06,0.0,2.39,1.01,3.91,0.83亿,11.10亿,34.74亿,2927.03
774,775,001213,中铁特货,4.26,1.43,0.06,-0.23,0.43,0.98,1.91,0.80亿,44.44亿,189.33亿,24.79
775,776,002097,山河智能,7.62,0.79,0.06,0.13,2.45,1.25,3.7,2.01亿,10.73亿,81.74亿,176.38
776,777,002114,罗平锌电,5.95,1.02,0.06,-0.17,4.43,0.65,3.23,0.85亿,3.23亿,19.24亿,--
777,778,002386,天原股份,4.62,1.32,0.06,0.0,0.93,1.0,2.41,0.56亿,13.01亿,60.13亿,--
778,779,002401,中远海科,16.48,0.36,0.06,0.06,2.15,0.89,3.65,1.33亿,3.70亿,61.01亿,32.36
779,780,002430,杭氧股份,22.18,0.27,0.06,-0.09,0.69,0.81,2.98,1.49亿,9.65亿,213.97亿,24.24
780,781,002523,天桥起重,3.38,1.81,0.06,0.0,5.67,0.83,4.52,2.73亿,14.12亿,47.71亿,203.82
781,782,002654,万润科技,12.91,0.47,0.06,0.0,3.7,0.98,3.81,4.08亿,8.45亿,109.12亿,245.95
782,783,300070,碧水源,5.3,1.15,0.06,0.0,0.81,0.94,2.29,1.48亿,34.35亿,182.04亿,--
783,784,300080,易成新能,4.62,1.32,0.06,0.0,0.63,0.92,3.95,0.55亿,18.71亿,86.44亿,--
784,785,300396,迪瑞医疗,17.56,0.34,0.06,0.06,3.44,0.62,3.09,1.64亿,2.72亿,47.84亿,18.65
785,786,301215,中汽股份,6.17,0.98,0.06,-0.16,1.36,0.89,2.29,0.65亿,7.67亿,47.35亿,55.30
786,787,600025,华能水电,9.72,0.62,0.06,0.0,0.15,0.66,1.76,2.63亿,180.00亿,1749.60亿,18.16
787,788,600038,中直股份,39.02,0.15,0.06,0.0,0.98,1.32,2.1,2.28亿,5.89亿,230.01亿,67.16
788,789,600098,广州发展,6.56,0.92,0.06,0.0,0.5,0.88,1.54,1.15亿,34.99亿,229.52亿,10.87
789,790,600103,青山纸业,2.53,2.43,0.06,0.4,5.02,1.43,8.91,2.85亿,22.12亿,55.97亿,49.29
790,791,600125,铁龙物流,6.09,0.99,0.06,0.16,1.22,1.02,1.49,0.96亿,13.06亿,79.51亿,15.09
791,792,600229,城市传媒,7.29,0.83,0.06,-0.14,0.94,0.64,3.04,0.46亿,6.71亿,48.93亿,27.83
792,793,600284,浦东建设,6.46,0.94,0.06,0.0,1.26,1.04,1.88,0.79亿,9.70亿,62.68亿,10.18
793,794,600335,国机汽车,6.63,0.91,0.06,0.0,1.71,0.56,2.44,1.70亿,14.96亿,99.17亿,24.25
794,795,600339,中油工程,3.7,1.65,0.06,0.54,0.76,1.01,2.75,1.56亿,55.83亿,206.58亿,24.50
795,796,600356,恒丰纸业,7.79,0.78,0.06,0.13,2.53,1.09,1.68,0.59亿,2.99亿,23.27亿,15.86
796,797,600433,冠豪高新,3.27,1.87,0.06,-0.31,0.84,0.71,3.43,0.48亿,17.50亿,57.23亿,61.68
797,798,600500,中化国际,4.15,1.47,0.06,-0.24,0.49,0.84,2.69,0.73亿,35.87亿,148.85亿,--
798,799,600510,黑牡丹,4.88,1.25,0.06,0.0,0.86,0.89,2.9,0.43亿,10.32亿,50.36亿,47.59
799,800,600517,国网英大,5.74,1.06,0.06,0.0,0.33,1.08,2.11,1.08亿,57.18亿,328.24亿,16.95
800,801,600583,海油工程,5.52,1.1,0.06,0.18,0.54,0.98,1.47,1.32亿,44.21亿,244.06亿,10.49
801,802,600597,光明乳业,8.8,0.69,0.06,0.0,0.75,0.74,1.83,0.91亿,13.78亿,121.30亿,78.19
802,803,600622,光大嘉宝,3.43,1.78,0.06,0.0,2.76,0.83,3.86,1.42亿,15.00亿,51.44亿,--
803,804,600662,外服控股,5.29,1.15,0.06,0.0,0.44,0.81,2.87,0.53亿,22.70亿,120.07亿,18.06
804,805,600671,ST目药,8.86,0.68,0.06,0.0,0.33,0.55,3.41,0.04亿,1.22亿,10.78亿,--
805,806,600683,京投发展,3.94,1.55,0.06,-0.25,1.58,0.86,3.09,0.46亿,7.41亿,29.19亿,--
806,807,600688,上海石化,3.06,2.0,0.06,0.0,0.56,1.42,2.33,1.24亿,73.29亿,224.26亿,709.33
807,808,600698,湖南天雁,4.76,1.28,0.06,-0.21,1.78,0.61,2.98,0.71亿,8.30亿,39.52亿,3101.48
808,809,600720,中交设计,8.95,0.68,0.06,0.11,0.63,0.82,1.24,0.44亿,7.76亿,69.47亿,15.71
809,810,600765,中航重机,20.79,0.29,0.06,-0.05,2.43,1.7,3.76,7.54亿,14.71亿,305.76亿,22.81
810,811,600812,华北制药,5.34,1.14,0.06,0.0,0.59,0.94,2.65,0.54亿,17.16亿,91.62亿,67.06
811,812,600960,渤海汽车,3.52,1.73,0.06,0.0,1.47,0.71,4.05,0.49亿,9.51亿,33.46亿,--
812,813,600982,宁波能源,4.3,1.42,0.06,0.23,6.5,0.8,3.54,3.12亿,11.18亿,48.06亿,18.27
813,814,601065,江盐集团,8.97,0.67,0.06,0.0,0.95,0.89,1.01,0.35亿,4.16亿,37.34亿,12.12
814,815,601088,中国神华,42.19,0.14,0.06,-0.61,0.11,0.65,2.02,7.86亿,164.91亿,6957.57亿,13.64
815,816,601106,中国一重,3.03,2.02,0.06,0.33,0.51,1.0,3.37,1.05亿,68.58亿,207.79亿,--
816,817,601390,中国中铁,6.5,0.93,0.06,0.0,0.33,0.79,1.24,4.41亿,204.23亿,1327.52亿,5.86
817,818,601669,中国电建,5.55,1.09,0.06,0.0,0.67,0.65,1.46,4.84亿,130.72亿,725.47亿,8.14
818,819,601999,出版传媒,6.7,0.9,0.06,0.15,1.39,0.48,3.46,0.51亿,5.51亿,36.91亿,63.34
819,820,688119,中钢洛耐,4.05,1.5,0.06,0.0,0.59,0.83,2.51,0.14亿,5.71亿,23.15亿,--
820,821,688295,中复神鹰,20.24,0.3,0.06,-0.05,1.33,1.16,3.47,0.39亿,1.45亿,29.28亿,--
821,822,688396,华润微,47.36,0.13,0.06,-0.15,0.71,1.21,2.73,4.45亿,13.24亿,626.82亿,94.15
822,823,000088,盐田港,4.9,1.03,0.05,0.0,0.38,0.94,1.24,0.42亿,22.49亿,110.21亿,19.03
823,824,000498,山东路桥,6.09,0.83,0.05,0.0,0.69,0.76,2.15,0.61亿,14.58亿,88.79亿,4.90
824,825,000514,渝开发,4.24,1.19,0.05,0.0,1.3,0.84,2.39,0.47亿,8.44亿,35.78亿,--
825,826,000519,中兵红箭,14.85,0.34,0.05,0.0,1.29,0.51,1.76,2.68亿,13.93亿,206.79亿,--
826,827,000531,穗恒运A,5.99,0.84,0.05,0.17,0.57,0.84,1.51,0.31亿,9.10亿,54.49亿,25.47
827,828,000536,华映科技,4.8,1.05,0.05,0.0,3.42,0.91,5.05,4.58亿,27.63亿,132.63亿,--
828,829,000635,英力特,8.16,0.62,0.05,0.0,3.47,0.51,5.92,0.87亿,3.03亿,24.73亿,--
829,830,000859,国风新材,5.37,0.94,0.05,0.0,4.29,0.48,2.82,2.08亿,8.96亿,48.11亿,--
830,831,000901,航天科技,11.44,0.44,0.05,0.0,2.2,1.3,2.81,2.03亿,7.98亿,91.31亿,--
831,832,000948,南天信息,17.47,0.29,0.05,0.0,2.2,0.97,2.87,1.49亿,3.86亿,67.42亿,92.25
832,833,000951,中国重汽,17.24,0.29,0.05,-0.12,0.82,0.73,2.68,1.65亿,11.75亿,202.55亿,16.27
833,834,002063,远光软件,6.05,0.83,0.05,0.0,1.77,0.99,2.83,1.90亿,17.59亿,106.41亿,78.32
834,835,002096,易普力,12.2,0.41,0.05,-0.08,2.38,0.55,3.54,1.43亿,4.88亿,59.59亿,21.66
835,836,002101,广东鸿图,12.63,0.4,0.05,0.0,0.86,0.98,1.51,0.68亿,6.23亿,78.68亿,23.58
836,837,002168,ST惠程,2.9,1.75,0.05,-0.34,2.46,1.64,7.72,0.54亿,7.84亿,22.74亿,--
837,838,002285,世联行,2.76,1.84,0.05,0.0,2.48,0.91,4.43,1.36亿,19.75亿,54.52亿,--
838,839,003816,中国广核,4.14,1.22,0.05,0.0,0.37,0.78,1.71,6.03亿,393.35亿,1628.47亿,15.71
839,840,300197,节能铁汉,2.51,2.03,0.05,0.4,3.16,0.86,5.69,2.37亿,29.65亿,74.43亿,--
840,841,300237,美晨科技,2.26,2.26,0.05,-0.44,4.12,0.94,5.88,1.35亿,14.39亿,32.52亿,--
841,842,300321,同大股份,21.1,0.24,0.05,-0.14,2.25,0.69,4.23,0.42亿,0.89亿,18.73亿,122.58
842,843,301020,密封科技,19.72,0.25,0.05,0.05,0.92,0.76,2.8,0.27亿,1.46亿,28.87亿,32.70
843,844,600019,宝钢股份,7.04,0.71,0.05,0.0,0.3,0.74,2.0,4.55亿,218.58亿,1538.80亿,19.73
844,845,600020,中原高速,4.28,1.18,0.05,0.0,0.84,0.93,1.66,0.80亿,22.47亿,96.19亿,8.77
845,846,600027,华电国际,5.81,0.87,0.05,-0.17,0.59,0.61,2.26,2.89亿,85.10亿,494.45亿,8.64
846,847,600048,保利发展,9.13,0.55,0.05,0.11,0.73,0.87,1.65,7.93亿,119.70亿,1092.90亿,10.49
847,848,600054,黄山旅游,11.71,0.43,0.05,0.0,0.98,0.77,1.63,0.59亿,5.13亿,60.11亿,22.48
848,849,600082,海泰发展,2.82,1.8,0.05,-0.35,1.64,0.49,4.33,0.30亿,6.34亿,17.89亿,--
849,850,600118,中国卫星,29.1,0.17,0.05,0.0,1.62,0.99,2.2,5.59亿,11.82亿,344.10亿,--
850,851,600189,泉阳泉,7.56,0.67,0.05,-0.13,2.25,1.22,2.93,1.23亿,7.15亿,54.07亿,189.33
851,852,600236,桂冠电力,6.85,0.73,0.05,-0.15,0.12,0.66,1.62,0.66亿,78.82亿,539.94亿,18.71
852,853,600239,云南城投,2.79,1.82,0.05,0.0,1.75,0.81,4.38,0.79亿,16.06亿,44.80亿,186.98
853,854,600252,中恒集团,2.57,1.98,0.05,-0.39,1.24,1.13,3.97,1.06亿,33.43亿,85.92亿,576.24
854,855,600258,首旅酒店,14.88,0.34,0.05,0.0,0.89,0.9,2.23,1.47亿,11.17亿,166.15亿,17.23
855,856,600266,城建发展,5.05,1.0,0.05,-0.2,1.83,0.87,3.4,1.93亿,20.76亿,104.83亿,14.41
856,857,600336,澳柯玛,7.23,0.7,0.05,0.0,2.24,0.44,3.76,1.30亿,7.98亿,57.70亿,1530.88
857,858,600395,盘江股份,5.06,1.0,0.05,0.2,0.66,0.75,1.4,0.71亿,21.47亿,108.62亿,231.53
858,859,600425,青松建化,4.1,1.24,0.05,0.24,1.3,0.61,1.98,0.73亿,13.79亿,56.53亿,12.17
859,860,600502,安徽建工,4.91,1.03,0.05,-0.2,1.16,1.25,1.24,0.98亿,17.17亿,84.28亿,6.57
860,861,600547,山东黄金,23.16,0.22,0.05,0.0,0.44,0.85,0.95,3.71亿,36.14亿,837.11亿,37.61
861,862,600587,新华医疗,17.5,0.29,0.05,0.0,0.91,1.05,1.2,0.96亿,6.02亿,105.36亿,12.90
862,863,600604,市北高新,4.95,1.02,0.05,0.2,1.5,0.66,3.47,1.05亿,14.07亿,69.67亿,--
863,864,600624,复旦复华,7.25,0.69,0.05,0.0,8.16,0.58,5.97,4.11亿,6.85亿,49.64亿,--
864,865,600658,电子城,4.56,1.11,0.05,0.0,1.04,0.81,3.99,0.53亿,11.19亿,51.01亿,--
865,866,600675,中华企业,2.9,1.75,0.05,0.35,0.45,0.93,2.81,0.79亿,60.46亿,175.34亿,--
866,867,600684,珠江股份,3.41,1.49,0.05,0.0,1.7,0.81,3.57,0.49亿,8.53亿,29.10亿,125.90
867,868,600705,中航产融,3.82,1.33,0.05,0.0,1.4,1.93,4.24,4.75亿,88.04亿,336.33亿,42.16
868,869,600707,彩虹股份,8.38,0.6,0.05,0.0,1.03,0.74,3.84,3.10亿,35.88亿,300.65亿,18.35
869,870,600771,广誉远,19.29,0.26,0.05,0.0,0.94,0.41,1.92,0.89亿,4.89亿,94.42亿,99.79
870,871,600853,龙建股份,4.21,1.2,0.05,0.0,2.91,0.76,2.64,1.24亿,10.11亿,42.58亿,13.66
871,872,600936,广西广电,3.02,1.68,0.05,0.33,1.32,1.04,7.41,0.67亿,16.71亿,50.47亿,--
872,873,600938,中国海油,28.88,0.17,0.05,0.0,1.03,0.55,1.07,8.45亿,28.42亿,820.73亿,8.82
873,874,600961,株冶集团,8.17,0.62,0.05,0.12,1.69,1.06,2.09,1.04亿,7.52亿,61.42亿,11.30
874,875,601016,节能风电,3.28,1.55,0.05,0.0,0.96,1.04,1.86,1.87亿,59.60亿,195.48亿,13.49
875,876,601096,宏盛华源,4.51,1.12,0.05,0.0,1.09,0.8,2.47,0.81亿,16.43亿,74.10亿,50.69
876,877,601158,重庆水务,4.95,1.02,0.05,0.2,0.19,1.13,1.23,0.46亿,48.00亿,237.60亿,24.43
877,878,601228,广州港,3.45,1.47,0.05,0.0,0.33,1.21,2.06,0.87亿,75.45亿,260.29亿,23.85
878,879,601333,广深铁路,3.49,1.45,0.05,0.0,1.22,1.42,2.62,2.39亿,56.52亿,197.26亿,15.33
879,880,601399,国机重装,3.15,1.61,0.05,-0.32,0.58,1.05,3.23,1.32亿,72.14亿,227.23亿,41.13
880,881,601518,吉林高速,2.84,1.79,0.05,0.0,1.14,0.97,2.87,0.61亿,18.91亿,53.69亿,10.33
881,882,601599,浙文影业,3.8,1.33,0.05,-0.26,2.15,0.72,5.07,0.96亿,11.61亿,44.10亿,24.23
882,883,601608,中信重工,4.43,1.14,0.05,0.0,0.69,1.0,2.28,1.32亿,43.39亿,192.24亿,53.54
883,884,601718,际华集团,2.93,1.74,0.05,-0.34,1.03,0.91,2.43,1.32亿,43.92亿,128.68亿,--
884,885,601800,中国交建,10.68,0.47,0.05,0.0,0.3,0.73,1.13,3.78亿,117.47亿,1254.60亿,8.01
885,886,601872,招商轮船,6.47,0.78,0.05,0.0,0.46,0.56,1.4,2.39亿,81.44亿,526.90亿,11.73
886,887,601968,宝钢包装,5.07,1.0,0.05,0.2,0.52,0.87,2.19,0.30亿,11.33亿,57.45亿,30.91
887,888,601991,大唐发电,2.93,1.74,0.05,0.34,0.81,1.03,2.43,2.91亿,123.96亿,363.20亿,9.18
888,889,603712,七一二,20.19,0.25,0.05,-0.05,5.1,1.45,5.56,8.13亿,7.72亿,155.87亿,--
889,890,688569,铁科轨道,21.9,0.23,0.05,0.23,0.26,0.7,1.65,0.12亿,2.11亿,46.14亿,25.38
890,891,688779,五矿新能,5.52,0.91,0.05,0.0,0.69,0.98,2.56,0.73亿,19.29亿,106.49亿,--
891,892,830946,森萱医药,9.58,0.53,0.05,0.0,0.52,0.82,2.1,0.21亿,4.27亿,40.89亿,33.57
892,893,000068,华控赛格,3.6,1.12,0.04,0.0,1.56,0.6,3.93,0.57亿,10.07亿,36.24亿,--
893,894,000410,沈阳机床,7.12,0.56,0.04,0.0,0.83,0.93,2.54,1.00亿,16.81亿,119.68亿,--
894,895,000557,西部创业,5.47,0.74,0.04,0.18,0.75,0.79,2.03,0.60亿,14.58亿,79.75亿,26.69
895,896,000570,苏常柴A,5.4,0.75,0.04,-0.19,7.28,1.66,5.6,2.19亿,5.56亿,30.01亿,61.65
896,897,000591,太阳能,4.88,0.83,0.04,0.0,0.85,1.02,1.24,1.48亿,35.98亿,175.61亿,11.10
897,898,000619,海螺新材,6.4,0.63,0.04,-0.16,3.6,0.6,2.99,0.83亿,3.60亿,23.04亿,--
898,899,000682,东方电子,10.55,0.38,0.04,0.0,0.71,1.03,1.9,1.01亿,13.41亿,141.43亿,25.19
899,900,000727,冠捷科技,2.93,1.38,0.04,-0.34,2.88,0.9,5.19,3.85亿,45.30亿,132.72亿,124.47
900,901,000750,国海证券,4.54,0.89,0.04,-0.22,1.99,1.23,3.11,5.25亿,57.96亿,263.15亿,118.06
901,902,000778,新兴铸管,3.95,1.02,0.04,0.0,1.03,1.1,2.3,1.59亿,38.96亿,153.90亿,24.45
902,903,000797,中国武夷,2.87,1.41,0.04,0.35,1.64,0.78,3.18,0.74亿,15.71亿,45.08亿,72.47
903,904,000825,太钢不锈,3.6,1.12,0.04,-0.28,0.57,0.97,1.97,1.18亿,56.96亿,205.06亿,--
904,905,000897,津滨发展,2.45,1.66,0.04,0.0,2.27,0.92,3.73,0.90亿,16.17亿,39.62亿,8.00
905,906,000898,鞍钢股份,2.48,1.64,0.04,-0.4,0.48,1.01,2.87,0.95亿,79.57亿,197.34亿,--
906,907,000899,赣能股份,9.43,0.43,0.04,0.0,2.8,0.58,2.13,2.58亿,9.76亿,92.01亿,10.80
907,908,000937,冀中能源,6.29,0.64,0.04,0.0,0.41,0.63,1.12,0.88亿,34.33亿,215.96亿,13.73
908,909,001337,四川黄金,21.3,0.19,0.04,0.0,0.85,0.74,1.13,0.52亿,2.88亿,61.44亿,34.06
909,910,002109,兴化股份,3.25,1.25,0.04,-0.61,0.47,0.74,3.12,0.19亿,12.76亿,41.48亿,--
910,921,300466,赛摩智能,7.92,0.51,0.04,0.0,2.52,0.72,2.79,0.85亿,4.20亿,33.26亿,--
911,922,301526,国际复材,3.95,1.02,0.04,0.25,1.22,0.76,3.07,0.68亿,14.04亿,55.47亿,--
912,923,600008,首创环保,3.35,1.21,0.04,-0.3,1.0,1.04,1.81,2.46亿,73.41亿,245.91亿,5.67
913,924,600033,福建高速,3.91,1.03,0.04,0.26,1.04,0.93,1.81,1.11亿,27.44亿,107.31亿,10.15
914,925,600075,新疆天业,4.48,0.9,0.04,0.22,0.62,0.67,2.7,0.47亿,17.07亿,76.49亿,568.55
915,926,600116,三峡水利,7.11,0.57,0.04,-0.14,0.39,0.91,0.99,0.53亿,19.12亿,135.95亿,26.61
916,927,600136,ST明诚,2.0,2.04,0.04,0.0,0.31,0.9,2.55,0.12亿,19.43亿,38.86亿,--
917,928,600170,上海建工,2.73,1.49,0.04,0.0,1.44,1.05,2.6,3.48亿,88.86亿,242.59亿,13.46
918,929,600307,酒钢宏兴,1.64,2.5,0.04,0.0,1.16,1.23,5.62,1.20亿,62.63亿,102.72亿,--
919,930,600332,白云山,28.78,0.14,0.04,0.0,0.38,0.94,1.46,1.53亿,14.06亿,404.62亿,11.11
920,911,002200,ST交投,6.08,0.66,0.04,0.0,0.48,0.67,1.82,0.05亿,1.84亿,11.20亿,--
921,912,002431,棕榈股份,2.22,1.83,0.04,0.0,1.78,0.42,5.05,0.72亿,18.13亿,40.24亿,--
922,913,002482,广田集团,2.23,1.83,0.04,0.0,1.32,0.91,5.94,1.12亿,37.43亿,83.46亿,--
923,914,002673,西部证券,8.51,0.47,0.04,0.0,1.54,1.23,2.72,5.41亿,41.09亿,349.69亿,39.15
924,915,002935,天奥电子,17.02,0.24,0.04,0.06,1.85,1.19,2.47,1.32亿,4.15亿,70.65亿,341.64
925,916,002939,长城证券,8.5,0.47,0.04,-0.24,0.8,1.54,2.36,2.38亿,34.88亿,296.45亿,23.42
926,917,002989,中天精装,20.92,0.19,0.04,0.0,0.83,0.65,3.02,0.31亿,1.79亿,37.48亿,--
927,918,300105,龙源技术,8.68,0.46,0.04,0.35,8.88,0.89,3.7,3.88亿,5.13亿,44.55亿,144.04
928,919,300128,锦富技术,5.36,0.75,0.04,-0.19,1.9,0.87,4.89,1.34亿,12.99亿,69.63亿,--
929,920,300140,节能环境,6.26,0.64,0.04,0.0,0.88,0.85,2.25,0.57亿,10.20亿,63.86亿,21.92
930,931,600333,长春燃气,5.13,0.79,0.04,0.2,2.06,0.65,2.36,0.65亿,6.09亿,31.24亿,--
931,932,600409,三友化工,5.6,0.72,0.04,0.0,0.84,0.88,1.44,0.97亿,20.64亿,115.60亿,21.96
932,933,600415,小商品城,13.75,0.29,0.04,-0.07,0.86,0.63,4.16,6.51亿,54.70亿,752.16亿,24.28
933,934,600461,洪城环境,9.91,0.41,0.04,0.1,1.18,0.94,2.13,1.38亿,11.86亿,117.53亿,10.26
934,935,600551,时代出版,8.82,0.46,0.04,-0.11,0.6,0.82,2.39,0.36亿,6.78亿,59.80亿,17.15
935,936,600676,交运股份,4.91,0.82,0.04,0.0,2.16,0.47,5.13,1.10亿,10.28亿,50.50亿,--
936,937,600726,华电能源,2.38,1.71,0.04,0.0,1.19,0.49,3.42,0.77亿,27.47亿,65.39亿,31.18
937,938,600790,轻纺城,3.89,1.04,0.04,0.26,1.22,1.21,2.08,0.69亿,14.66亿,57.02亿,19.36
938,939,600815,厦工股份,2.74,1.48,0.04,0.0,1.0,0.6,3.7,0.49亿,17.74亿,48.61亿,485.37
939,940,600831,ST广网,2.63,1.54,0.04,0.0,0.85,0.59,3.48,0.16亿,7.11亿,18.70亿,--
940,941,600871,石化油服,2.1,1.94,0.04,-0.47,0.55,1.08,2.43,1.57亿,135.69亿,284.96亿,44.20
941,942,600881,亚泰集团,1.95,2.09,0.04,0.0,6.35,1.3,10.47,4.08亿,32.49亿,63.35亿,--
942,943,600918,中泰证券,6.88,0.58,0.04,0.0,0.7,1.34,2.05,1.92亿,39.73亿,273.33亿,71.54
943,944,600928,西安银行,3.69,1.1,0.04,0.0,0.63,1.33,2.47,1.01亿,44.21亿,163.14亿,6.38
944,945,601000,唐山港,4.67,0.86,0.04,0.0,1.19,1.27,3.67,3.26亿,59.26亿,276.74亿,13.13
945,946,601006,大秦铁路,6.8,0.59,0.04,0.0,0.73,1.27,1.33,9.10亿,182.83亿,1243.25亿,10.84
946,947,601211,国泰君安,18.95,0.21,0.04,-0.05,0.61,1.43,1.96,8.66亿,74.80亿,1417.52亿,13.29
947,948,601688,华泰证券,18.13,0.22,0.04,0.06,1.12,1.43,2.43,14.92亿,72.94亿,1322.46亿,9.80
948,949,601788,光大证券,19.27,0.21,0.04,0.0,1.39,1.25,2.5,10.53亿,39.07亿,752.82亿,33.48
949,950,601816,京沪高铁,6.23,0.65,0.04,0.0,0.18,0.71,1.62,5.49亿,491.06亿,3059.33亿,22.91
950,951,601880,辽港股份,1.68,2.44,0.04,0.0,0.84,1.49,3.05,2.62亿,187.47亿,314.95亿,31.86
951,952,601965,中国汽研,17.95,0.22,0.04,-0.06,0.41,0.8,1.68,0.74亿,9.93亿,178.31亿,20.16
952,953,603028,赛福天,6.28,0.64,0.04,-0.16,2.27,0.83,3.69,0.41亿,2.87亿,18.03亿,--
953,954,605577,龙版传媒,15.26,0.26,0.04,0.07,1.07,0.64,2.69,0.73亿,4.44亿,67.82亿,22.73
954,955,688707,振华新材,11.44,0.35,0.04,0.0,0.89,0.95,2.98,0.52亿,5.09亿,58.20亿,--
955,956,000059,华锦股份,4.91,0.61,0.03,0.0,0.79,1.17,2.66,0.62亿,15.99亿,78.53亿,--
956,957,000060,中金岭南,4.81,0.63,0.03,-0.21,0.69,0.82,1.67,1.25亿,37.37亿,179.76亿,16.86
957,958,000069,华侨城A,2.77,1.09,0.03,0.0,0.71,0.89,2.92,1.36亿,68.95亿,190.98亿,--
958,959,000402,金融街,3.51,0.86,0.03,0.0,1.09,0.89,2.3,1.15亿,29.88亿,104.89亿,--
959,960,000488,晨鸣纸业,3.12,0.97,0.03,-0.64,2.05,0.94,2.59,1.07亿,16.76亿,52.29亿,--
960,961,000503,国新健康,11.37,0.27,0.03,-0.09,1.88,0.83,3.17,2.06亿,9.55亿,108.60亿,--
961,962,000523,红棉股份,3.24,0.94,0.03,0.0,1.26,0.69,3.43,0.73亿,17.95亿,58.15亿,72.41
962,963,000607,华媒控股,3.87,0.78,0.03,0.0,1.65,0.57,3.38,0.56亿,8.70亿,33.66亿,264.33
963,964,000830,鲁西化工,11.79,0.26,0.03,0.0,0.61,1.01,1.1,1.36亿,19.04亿,224.43亿,10.73
964,965,000858,五粮液,142.52,0.02,0.03,0.01,0.35,1.02,0.97,19.12亿,38.82亿,5531.95亿,16.64
965,966,000868,安凯客车,5.39,0.56,0.03,0.0,3.43,0.51,4.11,1.35亿,7.33亿,39.53亿,--
966,967,000903,云内动力,3.6,0.84,0.03,-0.28,4.15,0.63,3.36,2.91亿,19.20亿,69.13亿,--
967,968,000923,河钢资源,14.2,0.21,0.03,-0.07,0.78,0.71,0.92,0.69亿,6.28亿,89.16亿,12.04
968,969,001872,招商港口,20.59,0.15,0.03,-0.05,0.21,0.64,1.22,0.75亿,17.44亿,359.15亿,10.34
969,970,002102,能特科技,2.75,1.1,0.03,0.0,1.25,0.51,2.94,0.81亿,23.31亿,64.11亿,45.18
970,971,002314,南山控股,2.47,1.23,0.03,-0.4,1.87,0.77,3.69,0.62亿,13.38亿,33.06亿,--
971,972,002500,山西证券,6.61,0.46,0.03,0.15,1.47,1.39,2.74,3.50亿,35.90亿,237.28亿,33.40
972,973,002676,顺威股份,6.18,0.49,0.03,0.16,2.54,0.85,4.23,1.14亿,7.20亿,44.49亿,78.18
973,974,300096,ST易联众,3.27,0.93,0.03,0.31,2.28,0.85,4.01,0.32亿,4.29亿,14.02亿,--
974,975,300185,通裕重工,2.7,1.12,0.03,0.0,1.76,1.08,3.75,1.75亿,36.73亿,99.17亿,144.31
975,976,600010,包钢股份,1.92,1.59,0.03,0.0,1.3,1.48,3.17,7.87亿,314.97亿,604.75亿,--
976,977,600035,楚天高速,4.67,0.65,0.03,0.0,0.99,0.66,1.72,0.74亿,16.10亿,75.19亿,8.51
977,978,600076,康欣新材,2.18,1.4,0.03,0.0,1.95,0.77,5.12,0.58亿,13.45亿,29.31亿,--
978,979,600123,兰花科创,8.65,0.35,0.03,0.0,0.6,0.71,1.04,0.77亿,14.73亿,127.44亿,13.52
979,980,600169,太原重工,2.6,1.17,0.03,0.0,0.79,0.69,3.11,0.69亿,33.33亿,86.66亿,93.85
980,981,600300,维维股份,3.37,0.9,0.03,-0.3,3.72,0.78,3.59,2.02亿,16.17亿,54.50亿,16.62
981,982,600325,华发股份,5.94,0.51,0.03,0.0,1.1,0.88,2.03,1.68亿,25.71亿,152.73亿,9.21
982,983,600348,华阳股份,7.16,0.42,0.03,0.0,0.53,0.96,1.12,1.36亿,36.08亿,258.30亿,10.65
983,984,600358,国旅联合,3.61,0.84,0.03,-0.28,3.16,0.68,5.03,0.58亿,5.05亿,18.23亿,--
984,985,600390,五矿资本,6.74,0.45,0.03,0.0,1.86,1.59,2.68,5.67亿,44.98亿,303.17亿,18.67
985,986,600531,豫光金铅,6.65,0.45,0.03,-0.15,1.22,1.06,1.36,0.88亿,10.90亿,72.50亿,9.81
986,987,600581,八一钢铁,3.21,0.94,0.03,0.0,1.3,0.79,2.83,0.64亿,15.33亿,49.21亿,--
987,988,600623,华谊集团,7.1,0.42,0.03,0.14,0.65,0.76,1.41,0.86亿,18.67亿,132.54亿,18.82
988,989,600663,陆家嘴,10.15,0.3,0.03,0.1,0.14,0.95,0.99,0.40亿,29.33亿,297.75亿,36.35
989,990,600704,物产中大,5.18,0.58,0.03,0.0,0.87,0.96,1.75,2.31亿,51.54亿,266.96亿,8.65
990,991,600740,山西焦化,4.06,0.74,0.03,-0.25,0.46,0.8,1.74,0.48亿,25.62亿,104.02亿,30.87
991,992,600792,云煤能源,3.9,0.78,0.03,0.0,3.49,1.17,5.43,1.42亿,10.60亿,41.33亿,--
992,993,600794,保税科技,3.77,0.8,0.03,0.0,1.03,0.67,2.14,0.47亿,12.12亿,45.70亿,18.66
993,994,600863,内蒙华电,4.37,0.69,0.03,-0.23,0.94,1.14,1.38,2.67亿,65.27亿,285.23亿,8.66
994,995,600880,博瑞传播,5.01,0.6,0.03,-0.2,4.24,0.49,4.02,2.33亿,10.93亿,54.76亿,335.24
995,996,600906,财达证券,7.5,0.4,0.03,-0.13,1.22,1.29,2.41,1.95亿,21.24亿,159.32亿,49.35
996,997,600959,江苏有线,3.48,0.87,0.03,-0.29,0.89,0.86,3.77,1.56亿,50.01亿,174.03亿,58.72
997,998,600970,中材国际,9.7,0.31,0.03,-0.1,0.99,1.28,2.17,2.12亿,22.34亿,216.71亿,9.33
998,999,600997,开滦股份,6.76,0.45,0.03,-0.3,0.36,0.68,1.49,0.38亿,15.88亿,107.33亿,12.43
999,1000,601005,重庆钢铁,1.51,2.03,0.03,-0.66,1.63,1.05,3.38,2.07亿,83.80亿,126.55亿,--
1000,1001,601033,永兴股份,14.98,0.2,0.03,0.0,6.03,0.64,2.48,1.36亿,1.50亿,22.47亿,15.60
1001,1002,601061,中信金属,7.53,0.4,0.03,0.13,1.56,0.89,1.47,0.59亿,5.01亿,37.74亿,16.12
1002,1003,601107,四川成渝,5.2,0.58,0.03,-0.19,0.84,1.23,1.74,0.94亿,21.63亿,112.46亿,10.62
1003,1004,601375,中原证券,4.53,0.67,0.03,0.0,1.93,1.45,2.67,3.02亿,34.48亿,156.17亿,96.67
1004,1005,601568,北元集团,4.28,0.71,0.03,0.0,0.28,1.07,1.88,0.47亿,39.72亿,170.01亿,53.16
1005,1006,601588,北辰实业,1.96,1.55,0.03,0.0,1.48,1.02,3.63,0.77亿,26.60亿,52.14亿,--
1006,1007,601598,中国外运,5.38,0.56,0.03,0.0,0.54,0.77,1.87,1.52亿,52.56亿,282.77亿,10.42
1007,1008,601618,中国中冶,3.35,0.9,0.03,0.0,0.43,0.92,1.21,2.55亿,178.53亿,598.06亿,7.62
1008,1009,601975,招商南油,3.17,0.95,0.03,0.0,1.32,0.96,1.59,2.00亿,48.02亿,152.22亿,6.89
1009,1010,603016,新宏泰,38.68,0.08,0.03,0.08,2.3,1.09,3.88,1.31亿,1.48亿,57.31亿,82.37
1010,1011,603060,国检集团,7.57,0.4,0.03,-0.13,0.51,0.64,1.59,0.31亿,8.04亿,60.86亿,64.03
1011,1012,603300,海南华铁,6.12,0.49,0.03,0.0,5.02,1.24,3.78,6.11亿,19.71亿,120.60亿,18.58
1012,1013,688538,和辉光电,2.38,1.28,0.03,0.0,1.09,0.93,2.98,1.50亿,57.52亿,136.90亿,--
1013,1014,000629,钒钛股份,3.01,0.67,0.02,-0.33,0.86,1.05,2.34,2.40亿,91.95亿,276.78亿,114.52
1014,1015,000630,铜陵有色,3.31,0.61,0.02,0.0,1.02,0.84,1.22,3.57亿,105.27亿,348.43亿,11.63
1015,1016,000717,中南股份,2.9,0.69,0.02,0.35,3.74,0.92,4.86,2.67亿,24.24亿,70.28亿,--
1016,1017,000813,德展健康,3.43,0.59,0.02,0.0,3.68,0.85,4.4,2.75亿,21.65亿,74.25亿,688.46
1017,1018,000909,ST数源,5.61,0.36,0.02,-0.18,1.06,0.8,3.94,0.27亿,4.38亿,24.56亿,38.22
1018,1019,000927,中国铁物,2.72,0.74,0.02,0.0,0.78,1.03,2.59,1.29亿,60.50亿,164.57亿,28.23
1019,1020,000962,东方钽业,13.77,0.15,0.02,0.0,2.73,1.19,3.13,1.88亿,4.96亿,68.25亿,33.41
1020,1021,001286,陕西能源,9.49,0.21,0.02,0.0,1.48,0.8,1.16,1.48亿,10.50亿,99.64亿,10.69
1021,1022,002110,三钢闽光,3.21,0.63,0.02,0.31,0.88,0.89,2.19,0.69亿,24.29亿,77.97亿,--
1022,1023,002128,电投能源,19.66,0.1,0.02,0.0,0.43,0.99,1.58,1.91亿,22.42亿,440.69亿,7.51
1023,1024,002152,广电运通,12.24,0.16,0.02,0.0,1.25,1.17,2.37,3.84亿,24.82亿,303.81亿,33.88
1024,1025,002238,天威视讯,8.37,0.24,0.02,0.0,1.48,0.69,3.35,1.00亿,8.03亿,67.17亿,329.43
1025,1026,002323,雅博股份,1.74,1.16,0.02,-0.57,4.1,0.83,6.39,1.54亿,21.20亿,36.90亿,--
1026,1027,002368,太极股份,24.27,0.08,0.02,0.0,1.89,1.33,3.55,2.88亿,6.20亿,150.53亿,--
1027,1028,002465,海格通信,11.3,0.18,0.02,-0.09,2.76,1.86,3.55,7.67亿,24.32亿,274.79亿,113.74
1028,1029,002561,徐家汇,9.5,0.21,0.02,0.0,4.27,0.91,3.27,1.69亿,4.14亿,39.37亿,--
1029,1030,002659,凯文教育,4.62,0.43,0.02,-0.22,2.9,0.59,5.0,0.81亿,5.98亿,27.64亿,--
1030,1031,002678,珠江钢琴,4.64,0.43,0.02,0.0,0.36,0.74,3.68,0.23亿,13.58亿,62.99亿,--
1031,1032,002816,和科达,15.42,0.13,0.02,-0.39,3.73,0.7,6.23,0.59亿,1.00亿,15.42亿,--
1032,1033,300013,*ST新宁,3.76,0.54,0.02,-0.27,2.17,0.97,4.28,0.37亿,4.46亿,16.77亿,--
1033,1034,300208,*ST中程,3.13,0.64,0.02,0.0,4.49,0.97,9.97,0.98亿,6.87亿,21.52亿,--
1034,1035,300368,ST汇金,4.19,0.48,0.02,-0.24,1.51,0.68,2.64,0.34亿,5.29亿,22.16亿,--
1035,1036,300393,中来股份,6.54,0.31,0.02,0.0,1.33,0.86,2.45,0.84亿,9.54亿,62.40亿,--
1036,1037,600022,山东钢铁,1.51,1.34,0.02,0.0,1.13,1.03,3.36,1.83亿,106.99亿,161.55亿,--
1037,1038,600208,衢州发展,3.06,0.66,0.02,0.0,1.11,1.05,2.3,2.90亿,85.08亿,260.34亿,9.85
1038,1039,600231,凌钢股份,1.84,1.1,0.02,0.0,0.37,0.69,3.85,0.19亿,28.19亿,51.87亿,--
1039,1040,600369,西南证券,4.94,0.41,0.02,0.0,1.11,1.45,2.44,3.47亿,63.15亿,311.97亿,50.97
1040,1041,600376,首开股份,2.71,0.74,0.02,-0.37,1.12,1.29,6.32,0.80亿,25.80亿,69.91亿,--
1041,1042,600640,国脉文化,12.54,0.16,0.02,-0.08,1.11,0.75,3.35,1.11亿,7.96亿,99.78亿,563.60
1042,1043,600691,阳煤化工,2.23,0.91,0.02,0.0,1.09,0.88,4.07,0.58亿,23.76亿,52.98亿,--
1043,1044,600716,凤凰股份,3.82,0.53,0.02,0.0,1.34,0.4,2.9,0.48亿,9.36亿,35.76亿,--
1044,1045,600782,新钢股份,3.45,0.58,0.02,0.0,1.02,0.73,2.33,1.12亿,31.46亿,108.53亿,--
1045,1046,600835,上海机电,18.51,0.11,0.02,0.11,1.25,0.87,3.19,1.86亿,8.07亿,149.28亿,19.49
1046,1047,600968,海油发展,4.28,0.47,0.02,0.23,0.45,0.91,2.82,1.92亿,101.65亿,435.07亿,12.14
1047,1048,600971,恒源煤电,9.44,0.21,0.02,0.11,0.39,0.7,0.74,0.43亿,12.00亿,113.28亿,8.99
1048,1049,601186,中国铁建,9.32,0.21,0.02,0.0,0.37,0.69,0.97,3.94亿,115.03亿,1072.10亿,6.05
1049,1050,601319,中国人保,7.67,0.26,0.02,-0.13,0.18,1.07,2.75,4.85亿,354.98亿,2722.68亿,7.00
1050,1051,601668,中国建筑,6.04,0.33,0.02,0.0,0.39,0.9,1.16,9.65亿,413.20亿,2495.75亿,4.75
1051,1052,601992,金隅集团,1.84,1.1,0.02,0.0,0.68,0.94,2.75,1.05亿,83.34亿,153.35亿,--
1052,1053,603023,*ST威帝,2.73,0.74,0.02,0.0,1.11,0.86,4.8,0.17亿,5.62亿,15.34亿,324.34
1053,1054,603078,江化微,17.94,0.11,0.02,0.06,3.92,0.9,2.51,2.71亿,3.86亿,69.18亿,60.16
1054,1055,000008,神州高铁,3.1,0.32,0.01,0.0,5.15,0.72,4.85,4.29亿,26.86亿,83.27亿,--
1055,1056,000031,大悦城,3.16,0.32,0.01,0.0,0.64,0.78,3.17,0.82亿,40.03亿,126.49亿,--
1056,1057,000543,皖能电力,7.95,0.13,0.01,-0.13,1.28,0.83,1.76,2.29亿,22.67亿,180.22亿,8.54
1057,1058,000552,甘肃能化,2.81,0.36,0.01,-0.36,1.07,0.69,1.43,1.12亿,37.26亿,104.69亿,10.93
1058,1059,000558,莱茵体育,3.28,0.31,0.01,-0.3,7.21,0.6,4.59,3.07亿,12.89亿,42.27亿,--
1059,1060,000709,河钢股份,2.24,0.45,0.01,-0.44,0.81,1.14,3.14,1.90亿,103.35亿,231.51亿,30.54
1060,1061,000839,中信国安,3.19,0.32,0.01,-0.31,1.05,0.74,2.52,1.32亿,39.20亿,125.04亿,62.58
1061,1062,000959,首钢股份,3.13,0.32,0.01,0.0,0.49,1.25,1.6,0.99亿,65.07亿,203.68亿,89.60
1062,1063,000983,山西焦煤,8.12,0.12,0.01,0.0,0.51,0.78,1.11,1.90亿,46.40亿,376.79亿,12.15
1063,1064,002068,黑猫股份,10.42,0.1,0.01,0.0,5.31,0.86,4.8,4.13亿,7.35亿,76.55亿,--
1064,1065,002239,奥特佳,3.19,0.32,0.01,0.0,4.47,0.49,3.15,4.66亿,32.43亿,103.46亿,86.10
1065,1066,002243,力合科创,8.5,0.12,0.01,0.0,1.17,0.84,2.47,1.21亿,12.04亿,102.35亿,56.98
1066,1067,002305,南国置业,2.12,0.47,0.01,-0.47,2.82,0.45,3.79,1.05亿,17.34亿,36.76亿,--
1067,1068,002481,双塔食品,5.7,0.18,0.01,0.0,3.01,0.93,1.76,1.92亿,11.18亿,63.73亿,83.80
1068,1069,002528,ST英飞拓,2.86,0.35,0.01,0.0,1.26,0.67,3.51,0.38亿,10.50亿,30.04亿,--
1069,1070,002967,广电计量,17.15,0.06,0.01,0.12,0.9,1.17,1.81,0.84亿,5.41亿,92.78亿,39.74
1070,1071,300088,长信科技,6.77,0.15,0.01,0.0,2.21,1.0,3.55,3.69亿,24.43亿,165.37亿,42.55
1071,1072,301238,瑞泰新材,16.38,0.06,0.01,-0.12,1.93,0.97,2.2,0.68亿,2.13亿,34.94亿,60.26
1072,1073,600085,同仁堂,41.3,0.02,0.01,0.02,0.41,0.6,1.38,2.34亿,13.71亿,566.42亿,31.47
1073,1074,600207,安彩高科,4.64,0.22,0.01,0.0,0.98,0.65,3.24,0.50亿,10.89亿,50.54亿,--
1074,1075,600406,国电南瑞,25.07,0.04,0.01,0.0,0.18,0.77,1.48,3.65亿,79.84亿,2001.71亿,33.77
1075,1076,600497,驰宏锌锗,5.73,0.17,0.01,0.0,0.82,0.93,1.4,2.40亿,50.91亿,291.73亿,14.85
1076,1077,600569,安阳钢铁,1.96,0.51,0.01,0.0,1.14,0.52,2.56,0.65亿,28.72亿,56.30亿,--
1077,1078,600653,申华控股,2.26,0.44,0.01,-0.44,2.93,0.95,4.89,1.31亿,19.46亿,43.99亿,--
1078,1079,600808,马钢股份,3.16,0.32,0.01,0.64,3.79,1.12,8.25,7.26亿,59.68亿,188.58亿,--
1079,1080,600810,神马股份,7.99,0.12,0.01,0.0,0.45,0.71,2.0,0.37亿,10.15亿,81.11亿,228.06
1080,1081,600996,贵广网络,8.82,0.11,0.01,0.00,0.91,0.62,3.52,0.99亿,12.21亿,107.70亿,--
1081,1082,601003,柳钢股份,2.85,0.35,0.01,0.35,0.56,0.94,2.46,0.41亿,25.63亿,73.04亿,--
1082,1083,601818,光大银行,3.82,0.26,0.01,-0.26,0.35,1.07,2.62,6.19亿,464.07亿,1772.74亿,4.41
1083,1084,601868,中国能建,2.33,0.43,0.01,-0.43,0.67,0.93,1.29,5.04亿,324.29亿,755.59亿,20.21
1084,1085,601918,新集能源,7.16,0.14,0.01,-0.14,1.32,0.63,2.38,2.43亿,25.91亿,185.48亿,7.62
1085,1086,603000,人民网,23.37,0.04,0.01,-0.04,1.28,0.85,2.31,3.32亿,11.06亿,258.40亿,345.09
1086,1087,688459,哈铁科技,9.79,0.10,0.01,0.10,1.11,0.96,1.84,0.19亿,1.76亿,17.19亿,69.96
1087,1088,688778,厦钨新能,47.05,0.02,0.01,-0.04,0.81,1.27,2.87,1.61亿,4.21亿,197.97亿,40.40
1088,1089,837174,宏裕包材,11.90,0.08,0.01,0.00,4.53,0.69,4.04,0.13亿,0.23亿,2.78亿,--
1089,1090,000421,南京公用,--,--,--,--,--,--,--,--,5.74亿,37.21亿,--
1090,1091,000525,ST红太阳,6.10,0.00,0.00,0.00,4.13,1.07,4.75,2.46亿,9.90亿,60.40亿,222.02
1091,1092,000541,佛山照明,6.24,0.00,0.00,0.00,3.16,1.05,2.08,2.36亿,11.97亿,74.68亿,28.89
1092,1093,000737,北方铜业,8.00,0.00,0.00,0.00,0.94,0.88,1.62,1.33亿,17.72亿,141.78亿,19.46
1093,1094,000878,云南铜业,12.61,0.00,0.00,0.00,0.93,0.98,1.11,2.37亿,20.04亿,252.65亿,12.45
1094,1095,002155,湖南黄金,16.34,0.00,0.00,-0.06,2.25,0.84,1.71,4.44亿,12.02亿,196.39亿,22.09
1095,1096,002310,*ST东园,--,--,--,--,--,--,--,--,26.85亿,55.05亿,--
1096,1097,002445,中南文化,2.53,0.00,0.00,0.80,1.51,0.65,3.16,0.92亿,23.81亿,60.25亿,127.48
1097,1098,002716,湖南白银,3.61,0.00,0.00,0.00,1.91,0.80,1.94,1.52亿,22.10亿,79.80亿,61.92
1098,1099,002769,普路通,7.25,0.00,0.00,-0.28,2.89,0.46,3.17,0.70亿,3.32亿,24.10亿,--
1099,1100,003035,南网能源,4.31,0.00,0.00,0.00,0.56,0.92,1.39,0.55亿,22.58亿,97.31亿,80.50
1100,1101,300134,大富科技,12.50,0.00,0.00,0.00,1.54,0.77,3.84,1.39亿,7.12亿,89.05亿,--
1101,1102,600023,浙能电力,5.70,0.00,0.00,-0.18,0.52,1.26,2.81,3.95亿,134.09亿,764.30亿,8.55
1102,1103,600225,*ST卓朗,--,--,--,--,--,--,--,--,34.09亿,42.27亿,--
1103,1104,600322,津投城开,--,--,--,--,--,--,--,--,11.06亿,30.07亿,--
1104,1105,600575,淮河能源,--,--,--,--,--,--,--,--,38.86亿,168.28亿,14.98
1105,1106,600636,国新文化,9.69,0.00,0.00,0.00,1.30,0.60,3.41,0.56亿,4.39亿,42.50亿,--
1106,1107,600715,*ST文投,2.20,0.00,0.00,0.00,0.96,0.70,2.73,0.56亿,26.62亿,58.57亿,--
1107,1108,600775,南京熊猫,10.81,0.00,0.00,0.00,4.76,0.64,2.50,3.48亿,6.72亿,72.63亿,--
1108,1109,600866,星湖科技,6.75,0.00,0.00,0.15,1.66,0.74,1.93,1.25亿,11.09亿,74.88亿,12.42
1109,1110,600905,三峡能源,4.45,0.00,0.00,-0.22,0.37,1.19,0.90,4.65亿,285.86亿,1272.07亿,18.75
1110,1111,600916,中国黄金,8.76,0.0,0.0,0.0,0.82,0.99,0.8,1.21亿,16.80亿,147.17亿,14.80
1111,1112,600963,岳阳林纸,5.29,0.0,0.0,-0.19,1.31,0.63,3.4,1.22亿,17.58亿,92.98亿,--
1112,1113,600985,淮北矿业,13.86,0.0,0.0,0.0,0.86,1.08,1.88,3.19亿,26.93亿,373.29亿,6.76
1113,1114,601108,财通证券,8.5,0.0,0.0,0.0,1.29,1.45,2.35,5.11亿,46.44亿,394.72亿,20.11
1114,1115,601162,天风证券,4.73,0.0,0.0,0.0,3.27,1.03,2.33,13.50亿,86.66亿,409.89亿,--
1115,1116,601330,绿色动力,6.72,0.0,0.0,0.15,1.07,1.64,1.94,0.71亿,9.89亿,66.47亿,13.95
1116,1117,601838,成都银行,16.85,0.0,0.0,0.06,0.78,0.74,2.43,5.24亿,40.24亿,678.02亿,5.64
1117,1118,601921,浙版传媒,8.04,0.0,0.0,0.0,3.24,0.66,1.74,1.10亿,4.22亿,33.95亿,30.91
1118,1119,601998,中信银行,6.94,0.0,0.0,0.0,0.18,0.79,2.16,4.77亿,392.16亿,2721.58亿,5.43
1119,1120,603985,恒润股份,12.37,0.0,0.0,0.0,1.8,0.72,2.75,0.99亿,4.41亿,54.53亿,--
1120,1121,688055,龙腾光电,4.3,0.0,0.0,0.0,0.25,1.04,4.42,0.36亿,33.33亿,143.33亿,--
1121,1122,688269,凯立新材,25.47,0.0,0.0,-0.08,0.4,0.65,1.96,0.13亿,1.31亿,33.29亿,38.99
1122,1123,000652,泰达股份,4.35,-0.23,-0.01,-0.23,1.16,0.81,2.75,0.75亿,14.74亿,64.14亿,35.03
1123,1124,000800,一汽解放,8.44,-0.12,-0.01,0.0,0.17,0.76,1.54,0.68亿,46.22亿,390.13亿,85.68
1124,1125,001236,弘业期货,10.21,-0.1,-0.01,0.0,2.03,1.2,2.64,0.68亿,3.26亿,33.33亿,469.98
1125,1126,300284,苏交科,10.78,-0.09,-0.01,0.0,2.93,0.86,3.24,3.82亿,11.94亿,128.76亿,66.66
1126,1127,300455,航天智装,13.64,-0.07,-0.01,0.0,1.25,0.98,2.93,1.23亿,7.09亿,96.66亿,266.16
1127,1128,301175,中科环保,5.49,-0.18,-0.01,-0.18,3.17,0.87,1.27,1.08亿,6.17亿,33.88亿,22.98
1128,1129,600039,四川路桥,7.29,-0.14,-0.01,0.0,0.29,0.92,1.51,1.43亿,67.00亿,488.44亿,9.98
1129,1130,600064,南京高科,7.74,-0.13,-0.01,-0.13,0.68,0.79,1.16,0.91亿,17.30亿,133.93亿,5.46
1130,1131,600272,开开实业,14.24,-0.07,-0.01,0.07,14.92,0.65,4.56,3.41亿,1.60亿,22.78亿,75.00
1131,1132,600328,中盐化工,8.16,-0.12,-0.01,0.12,0.77,1.06,1.1,0.92亿,14.61亿,119.20亿,15.69
1132,1133,600362,江西铜业,20.95,-0.05,-0.01,0.0,0.55,0.96,1.19,2.39亿,20.75亿,434.76亿,10.92
1133,1134,600373,中文传媒,12.81,-0.08,-0.01,-0.08,1.25,1.28,1.87,2.16亿,13.55亿,173.58亿,18.51
1134,1135,600755,厦门国贸,6.69,-0.15,-0.01,-0.15,0.78,0.89,1.19,1.12亿,21.32亿,142.64亿,15.27
1135,1136,600864,哈投股份,7.74,-0.13,-0.01,0.13,6.7,1.38,4.26,10.84亿,20.81亿,161.04亿,45.42
1136,1137,600895,张江高科,27.58,-0.04,-0.01,0.0,1.73,0.87,2.61,7.47亿,15.49亿,427.13亿,62.69
1137,1138,601117,中国化学,8.37,-0.12,-0.01,0.0,0.69,0.79,2.03,3.48亿,60.70亿,508.02亿,9.99
1138,1139,601828,美凯龙,3.36,-0.3,-0.01,0.0,0.8,0.91,3.26,0.98亿,36.13亿,121.41亿,--
1139,1140,688425,铁建重工,4.5,-0.22,-0.01,0.0,1.53,0.78,1.33,1.02亿,14.78亿,66.51亿,17.49
1140,1141,688570,天玛智控,19.99,-0.05,-0.01,0.0,0.64,1.06,1.75,0.24亿,1.86亿,37.18亿,23.16
1141,1142,688648,中邮科技,24.37,-0.04,-0.01,0.04,1.52,0.79,2.54,0.25亿,0.66亿,16.12亿,--
1142,1143,000409,云鼎科技,9.09,-0.22,-0.02,-0.22,3.13,0.74,1.98,1.21亿,4.23亿,38.48亿,57.25
1143,1144,000425,徐工机械,7.67,-0.26,-0.02,-0.13,0.61,0.45,1.95,3.82亿,81.20亿,622.81亿,12.80
1144,1145,000932,华菱钢铁,4.26,-0.47,-0.02,0.0,1.15,0.94,1.87,3.39亿,69.09亿,294.30亿,12.46
1145,1146,002181,粤传媒,6.38,-0.31,-0.02,0.16,10.27,1.28,5.16,7.44亿,11.34亿,72.38亿,--
1146,1147,002268,电科网安,17.09,-0.12,-0.02,0.0,0.95,0.8,2.46,1.38亿,8.43亿,144.12亿,--
1147,1148,002427,尤夫股份,3.64,-0.55,-0.02,-0.27,1.38,0.82,2.46,0.50亿,9.85亿,35.87亿,--
1148,1149,300457,赢合科技,19.71,-0.1,-0.02,-0.15,1.72,1.29,2.64,2.16亿,6.34亿,124.92亿,19.36
1149,1150,300987,川网传媒,14.79,-0.14,-0.02,-0.2,2.04,0.66,2.63,0.53亿,1.73亿,25.64亿,185.34
1150,1151,600028,中国石化,6.65,-0.3,-0.02,0.0,0.14,0.7,2.1,8.75亿,948.42亿,6306.98亿,13.70
1151,1152,600050,中国联通,5.37,-0.37,-0.02,0.0,0.95,0.68,1.11,16.03亿,312.80亿,1679.74亿,15.36
1152,1153,600166,福田汽车,2.63,-0.76,-0.02,0.0,1.31,0.9,1.51,2.25亿,64.89亿,170.66亿,36.13
1153,1154,600176,中国巨石,11.49,-0.17,-0.02,0.0,0.4,0.86,2.17,1.85亿,40.03亿,459.96亿,22.50
1154,1155,600626,申达股份,3.84,-0.52,-0.02,-0.26,2.62,0.38,3.37,0.87亿,8.52亿,32.73亿,--
1155,1156,600708,光明地产,3.83,-0.52,-0.02,0.26,1.6,0.78,4.16,1.39亿,22.25亿,85.23亿,--
1156,1157,600734,实达集团,3.81,-0.52,-0.02,-0.26,2.68,0.78,4.18,2.19亿,21.26亿,81.01亿,170.32
1157,1158,600743,华远地产,2.25,-0.88,-0.02,0.0,2.41,0.63,3.96,1.28亿,23.46亿,52.79亿,--
1158,1159,600754,锦江酒店,27.08,-0.07,-0.02,0.0,1.14,0.79,1.73,2.82亿,9.08亿,245.89亿,19.66
1159,1160,600901,江苏金租,5.21,-0.38,-0.02,-0.19,0.63,0.79,1.15,1.89亿,57.90亿,301.66亿,10.16
1160,1161,601949,中国出版,7.52,-0.27,-0.02,0.0,0.99,0.94,2.25,1.36亿,18.23亿,137.05亿,34.31
1161,1162,601988,中国银行,5.48,-0.36,-0.02,0.0,0.1,0.93,3.27,11.48亿,2107.66亿,11550.00亿,6.88
1162,1163,920019,铜冠矿建,21.32,-0.09,-0.02,0.0,2.96,0.68,1.69,0.27亿,0.43亿,9.18亿,61.83
1163,1164,000338,潍柴动力,13.88,-0.22,-0.03,0.0,2.0,0.81,3.23,13.75亿,49.69亿,689.72亿,10.81
1164,1165,002542,中化岩土,4.14,-0.72,-0.03,-0.24,4.68,0.83,4.08,3.15亿,16.01亿,66.29亿,--
1165,1166,600111,北方稀土,21.64,-0.14,-0.03,-0.05,0.6,0.93,1.48,4.74亿,36.15亿,782.30亿,144.75
1166,1167,600153,建发股份,10.39,-0.29,-0.03,0.0,0.83,0.89,1.73,2.50亿,29.00亿,301.26亿,11.16
1167,1168,600549,厦门钨业,19.77,-0.15,-0.03,0.0,0.62,0.91,1.51,1.73亿,14.15亿,279.68亿,16.79
1168,1169,600562,国睿科技,19.03,-0.16,-0.03,0.0,0.64,1.34,3.15,1.52亿,12.34亿,234.84亿,48.13
1169,1170,600737,中粮糖业,10.45,-0.29,-0.03,-0.1,1.03,0.74,1.24,2.29亿,21.39亿,223.51亿,14.42
1170,1171,600776,东方通信,11.72,-0.26,-0.03,0.0,1.41,0.76,2.3,1.59亿,9.56亿,112.04亿,106.53
1171,1172,601028,玉龙股份,12.06,-0.25,-0.03,0.25,1.97,0.73,1.74,1.86亿,7.83亿,94.43亿,24.58
1172,1173,601658,邮储银行,5.59,-0.53,-0.03,-0.18,0.27,1.01,2.67,10.08亿,671.22亿,3752.14亿,5.48
1173,1174,603239,浙江仙通,13.84,-0.22,-0.03,0.07,1.32,0.93,1.95,0.49亿,2.71亿,37.47亿,21.75
1174,1175,836077,吉林碳谷,11.67,-0.26,-0.03,0.0,1.06,1.08,3.33,0.39亿,3.17亿,36.99亿,63.87
1175,1176,873806,云星宇,13.25,-0.23,-0.03,0.0,3.92,0.74,2.56,0.50亿,0.95亿,12.54亿,66.42
1176,1177,000625,长安汽车,13.84,-0.29,-0.04,-0.07,1.38,0.99,2.09,15.61亿,82.12亿,1136.60亿,28.75
1177,1178,000665,湖北广电,4.34,-0.91,-0.04,0.23,4.8,0.7,5.25,2.39亿,11.37亿,49.35亿,--
1178,1179,000725,京东方A,4.34,-0.91,-0.04,-0.23,1.18,1.02,1.14,19.00亿,368.52亿,1599.36亿,37.02
1179,1180,000819,岳阳兴长,17.17,-0.23,-0.04,-0.12,0.97,0.72,1.51,0.58亿,3.49亿,59.89亿,65.69
1180,1181,002383,合众思壮,8.46,-0.47,-0.04,0.12,4.11,0.76,3.18,2.18亿,6.16亿,52.14亿,--
1181,1182,002429,兆驰股份,6.15,-0.65,-0.04,-0.16,9.92,1.63,7.11,27.88亿,45.24亿,278.25亿,15.21
1182,1183,002721,ST金一,2.77,-1.42,-0.04,-0.36,1.56,0.8,2.85,1.16亿,26.70亿,73.95亿,9039.21
1183,1184,300328,宜安科技,7.83,-0.51,-0.04,0.0,1.76,0.62,3.69,0.96亿,6.86亿,53.74亿,1653.13
1184,1185,600057,厦门象屿,6.47,-0.61,-0.04,-0.15,0.79,0.63,1.84,1.12亿,21.92亿,141.83亿,12.18
1185,1186,600131,国网信通,19.71,-0.2,-0.04,0.15,0.85,0.82,2.68,2.00亿,11.96亿,235.71亿,59.63
1186,1187,600608,ST沪科,3.55,-1.11,-0.04,0.28,1.05,0.73,3.34,0.12亿,3.18亿,11.30亿,4525.07
1187,1188,600748,上实发展,3.73,-1.06,-0.04,0.0,0.74,0.69,3.18,0.51亿,18.45亿,68.80亿,--
1188,1189,601881,中国银河,15.78,-0.25,-0.04,0.0,0.98,1.3,2.34,11.32亿,72.43亿,1143.01亿,18.58
1189,1190,601958,金钼股份,10.31,-0.39,-0.04,0.1,0.49,1.32,1.45,1.65亿,32.27亿,332.66亿,11.37
1190,1201,001896,豫能控股,4.61,-1.28,-0.06,-0.22,3.12,0.63,2.78,1.91亿,13.21亿,60.89亿,--
1191,1202,002246,北化股份,10.68,-0.56,-0.06,0.0,1.75,0.68,3.07,1.03亿,5.49亿,58.64亿,--
1192,1203,300747,锐科激光,19.99,-0.3,-0.06,0.0,1.18,1.03,2.19,1.22亿,5.09亿,101.80亿,70.56
1193,1204,301508,中机认检,35.34,-0.17,-0.06,-0.03,4.44,0.65,2.12,0.93亿,0.59亿,20.79亿,62.53
1194,1205,600282,南钢股份,4.63,-1.28,-0.06,-0.22,0.46,0.93,2.77,1.31亿,61.65亿,285.44亿,12.21
1195,1206,600331,宏达股份,7.81,-0.76,-0.06,0.0,0.79,0.81,2.16,1.26亿,20.32亿,158.70亿,558.95
1196,1207,600489,中金黄金,12.13,-0.49,-0.06,-0.08,0.62,0.69,1.07,3.66亿,48.47亿,587.98亿,16.68
1197,1208,600686,金龙汽车,15.4,-0.39,-0.06,0.0,8.89,1.03,3.88,9.85亿,7.17亿,110.42亿,108.41
1198,1209,600741,华域汽车,17.81,-0.34,-0.06,-0.11,0.79,1.64,3.92,4.38亿,31.53亿,561.50亿,9.41
1199,1210,601728,中国电信,7.17,-0.83,-0.06,0.0,0.51,0.85,2.21,7.34亿,202.53亿,1452.12亿,16.80
1200,1211,601939,建设银行,8.77,-0.68,-0.06,0.0,1.5,1.19,2.83,12.50亿,95.94亿,841.36亿,6.43
1201,1212,603927,中科软,22.78,-0.26,-0.06,-0.04,1.18,0.98,2.76,2.25亿,8.31亿,189.31亿,49.00
1202,1213,605006,山东玻纤,6.53,-0.91,-0.06,0.0,3.41,0.6,2.88,1.35亿,6.00亿,39.18亿,--
1203,1214,000792,盐湖股份,16.4,-0.42,-0.07,-0.18,0.47,0.88,1.34,4.21亿,54.33亿,890.98亿,21.27
1204,1215,002480,新筑股份,5.2,-1.33,-0.07,0.0,1.45,0.6,3.42,0.59亿,7.68亿,39.92亿,--
1205,1216,002598,山东章鼓,9.68,-0.72,-0.07,0.0,2.92,0.81,1.85,0.80亿,2.82亿,27.30亿,22.26
1206,1217,300145,中金环境,3.94,-1.75,-0.07,0.0,8.97,1.2,6.73,6.89亿,19.05亿,75.04亿,22.54
1207,1218,300703,创源股份,17.08,-0.41,-0.07,0.06,15.84,1.11,7.23,4.52亿,1.70亿,28.98亿,38.71
1208,1219,603888,新华网,23.55,-0.3,-0.07,0.0,1.36,0.88,3.13,1.67亿,5.19亿,122.23亿,58.83
1209,1220,002189,中光学,21.78,-0.37,-0.08,0.05,3.65,0.73,4.07,2.10亿,2.61亿,56.88亿,--
1210,1221,002660,茂硕电源,10.33,-0.77,-0.08,0.19,22.18,1.41,5.86,5.81亿,2.57亿,26.56亿,72.66
1211,1222,301339,通行宝,20.3,-0.39,-0.08,-0.05,2.93,0.71,1.86,0.72亿,1.20亿,24.37亿,37.77
1212,1223,600188,兖矿能源,14.0,-0.57,-0.08,0.0,0.35,0.64,1.06,2.93亿,58.87亿,824.20亿,9.24
1213,1224,601600,中国铝业,7.28,-1.09,-0.08,-0.14,0.85,1.28,2.45,8.17亿,131.23亿,955.36亿,10.39
1214,1225,601789,宁波建工,4.64,-1.7,-0.08,0.0,8.58,1.53,5.51,4.42亿,10.87亿,50.43亿,17.23
1215,1226,603128,华贸物流,6.96,-1.14,-0.08,0.14,3.12,0.64,3.27,2.88亿,13.09亿,91.11亿,14.47
1216,1227,688548,广钢气体,10.55,-0.75,-0.08,-0.1,1.46,0.39,3.1,0.89亿,5.70亿,60.17亿,57.58
1217,1228,000636,风华高科,14.86,-0.6,-0.09,0.0,1.63,1.14,2.48,2.82亿,11.57亿,171.93亿,48.57
1218,1229,000719,中原传媒,11.55,-0.77,-0.09,-0.09,1.8,1.1,1.98,1.39亿,6.67亿,77.06亿,17.44
1219,1230,000912,泸天化,4.53,-1.95,-0.09,0.0,1.47,1.39,2.38,1.04亿,15.68亿,71.03亿,42.58
1220,1231,002017,东信和平,11.14,-0.8,-0.09,0.0,2.93,0.71,2.49,1.91亿,5.80亿,64.62亿,40.78
1221,1232,002344,海宁皮城,4.88,-1.81,-0.09,-0.41,4.94,0.82,4.22,3.13亿,12.81亿,62.53亿,65.09
1222,1233,002439,启明星辰,16.55,-0.54,-0.09,0.0,1.66,1.06,2.52,2.00亿,7.24亿,119.85亿,--
1223,1234,600083,*ST博信,1.8,-4.76,-0.09,0.0,5.86,1.14,3.17,0.24亿,2.28亿,4.10亿,--
1224,1235,600309,万华化学,72.99,-0.12,-0.09,0.0,0.53,1.08,1.07,12.13亿,31.40亿,2291.70亿,15.49
1225,1236,601198,东兴证券,11.74,-0.76,-0.09,0.0,1.81,1.39,2.62,6.92亿,32.32亿,379.49亿,30.18
1226,1237,603230,内蒙新华,13.05,-0.69,-0.09,0.23,0.99,0.82,2.44,0.46亿,3.54亿,46.13亿,11.71
1227,1238,002544,普天科技,22.39,-0.45,-0.1,0.0,0.9,0.71,2.45,1.37亿,6.79亿,152.06亿,626.16
1228,1239,002580,圣阳股份,8.5,-1.16,-0.1,0.0,5.63,1.19,2.67,2.18亿,4.52亿,38.45亿,17.40
1229,1240,002799,环球印务,8.11,-1.22,-0.1,-0.49,8.52,2.22,6.46,2.27亿,3.20亿,25.95亿,70.88
1230,1261,601811,新华文轩,15.88,-0.81,-0.13,0.0,0.39,0.72,1.69,0.49亿,7.92亿,125.75亿,16.49
1231,1262,603043,广州酒家,16.96,-0.76,-0.13,0.06,0.67,0.79,1.52,0.65亿,5.69亿,96.46亿,16.15
1232,1263,688710,益诺思,38.88,-0.33,-0.13,-0.05,3.39,0.99,1.36,0.35亿,0.27亿,10.30亿,30.96
1233,1264,600426,华鲁恒升,21.88,-0.64,-0.14,0.0,1.24,1.53,2.82,5.72亿,21.16亿,462.91亿,11.43
1234,1265,600536,中国软件,49.42,-0.28,-0.14,-0.02,2.98,0.92,3.79,12.59亿,8.43亿,416.59亿,--
1235,1266,600733,北汽蓝谷,8.33,-1.65,-0.14,-0.12,2.81,0.89,2.01,11.51亿,48.85亿,406.93亿,--
1236,1267,601019,山东出版,11.07,-1.25,-0.14,0.09,0.49,1.08,2.59,1.14亿,20.87亿,231.02亿,17.87
1237,1268,601898,中煤能源,11.85,-1.17,-0.14,0.0,0.33,0.73,2.67,3.52亿,91.52亿,1084.51亿,8.06
1238,1269,688128,中国电研,21.76,-0.64,-0.14,0.09,0.63,1.04,1.83,0.55亿,4.04亿,88.02亿,20.54
1239,1270,300772,运达股份,13.65,-1.09,-0.15,-0.07,1.61,0.93,2.83,1.54亿,6.95亿,94.86亿,26.93
1240,1271,600986,浙文互联,6.33,-2.31,-0.15,0.0,5.96,0.63,4.47,5.05亿,13.22亿,83.71亿,44.79
1241,1272,000801,四川九洲,15.3,-1.03,-0.16,0.0,5.8,0.97,4.08,9.23亿,10.23亿,156.49亿,97.94
1242,1273,300530,领湃科技,18.25,-0.87,-0.16,0.11,1.63,1.09,3.58,0.48亿,1.58亿,28.89亿,--
1243,1274,688187,时代电气,46.46,-0.34,-0.16,-0.19,1.61,0.94,2.17,2.10亿,2.79亿,129.77亿,19.60
1244,1275,000988,华工科技,42.98,-0.39,-0.17,0.28,9.79,1.97,6.21,43.45亿,10.05亿,431.94亿,34.57
1245,1276,600148,长春一东,19.01,-0.89,-0.17,0.0,1.57,0.58,3.02,0.42亿,1.42亿,26.90亿,--
1246,1277,601098,中南传媒,14.47,-1.16,-0.17,0.0,0.68,1.1,2.05,1.77亿,17.96亿,259.88亿,20.37
1247,1278,603108,润达医疗,16.92,-0.99,-0.17,0.0,3.9,1.09,3.57,3.94亿,5.99亿,101.33亿,150.71
1248,1279,000509,华塑控股,3.52,-4.87,-0.18,0.0,4.43,1.74,4.59,1.69亿,10.73亿,37.77亿,--
1249,1280,300024,机器人,19.02,-0.94,-0.18,0.0,3.9,0.79,2.97,11.50亿,15.33亿,291.54亿,--
1250,1281,300859,西域旅游,37.1,-0.48,-0.18,0.0,3.52,1.08,3.84,2.05亿,1.55亿,57.51亿,37.40
1251,1282,301262,海看股份,26.11,-0.69,-0.18,0.0,1.43,0.75,2.36,0.46亿,1.22亿,31.87亿,24.81
1252,1283,600172,黄河旋风,4.11,-4.2,-0.18,0.24,9.72,0.67,4.89,5.20亿,12.76亿,52.45亿,--
1253,1284,601168,西部矿业,16.23,-1.1,-0.18,0.0,0.92,0.8,1.89,3.58亿,23.83亿,386.76亿,10.62
1254,1285,601225,陕西煤业,22.79,-0.78,-0.18,-0.04,0.57,1.29,3.13,12.44亿,96.95亿,2209.49亿,10.39
1255,1286,601628,中国人寿,42.52,-0.42,-0.18,0.0,0.05,1.0,2.74,4.45亿,208.24亿,8854.17亿,8.62
1256,1287,603100,川仪股份,21.5,-0.83,-0.18,-0.05,1.34,0.89,3.09,1.46亿,5.08亿,109.31亿,14.84
1257,1288,000581,威孚高科,18.99,-0.99,-0.19,-0.11,1.46,0.71,1.77,2.28亿,8.24亿,156.44亿,11.12
1258,1289,601888,中国中免,68.88,-0.28,-0.19,-0.02,0.61,1.06,1.45,8.20亿,19.52亿,1344.87亿,27.27
1259,1290,688571,杭华股份,7.02,-2.63,-0.19,0.0,2.27,0.55,4.72,0.68亿,4.20亿,29.49亿,21.85
1260,1291,000066,中国长城,15.38,-1.28,-0.2,-0.07,3.66,0.91,3.47,17.93亿,31.47亿,483.98亿,--
1261,1292,000099,中信海直,26.92,-0.74,-0.2,0.0,6.14,0.95,4.2,12.99亿,7.76亿,208.84亿,80.37
1262,1293,300188,国投智能,14.83,-1.33,-0.2,-0.07,1.57,0.67,3.13,1.84亿,7.82亿,115.96亿,--
1263,1294,301516,中远通,19.56,-1.01,-0.2,0.26,17.56,1.38,2.43,2.43亿,0.70亿,13.73亿,--
1264,1295,600480,凌云股份,11.34,-1.73,-0.2,0.09,3.52,1.15,2.95,3.68亿,9.17亿,103.98亿,15.97
1265,1296,600609,金杯汽车,7.43,-2.62,-0.2,0.0,3.5,0.85,4.46,3.43亿,13.11亿,97.42亿,25.05
1266,1297,000755,山西高速,5.34,-3.78,-0.21,0.0,3.14,1.11,4.14,2.47亿,14.67亿,78.35亿,15.39
1267,1298,000837,秦川机床,9.51,-2.16,-0.21,-0.11,2.56,1.12,2.57,2.38亿,9.68亿,92.10亿,127.91
1268,1299,002419,天虹股份,6.08,-3.34,-0.21,-0.16,5.31,0.81,4.13,3.82亿,11.69亿,71.06亿,45.04
1269,1300,600841,动力新科,5.28,-3.83,-0.21,0.19,2.85,1.85,3.28,1.40亿,9.20亿,48.58亿,--
1270,1301,600877,电科芯片,13.82,-1.5,-0.21,-0.07,1.46,0.68,2.57,2.42亿,11.84亿,163.64亿,208.17
1271,1302,600292,远达环保,13.53,-1.6,-0.22,0.0,3.08,0.78,3.35,3.29亿,7.81亿,105.64亿,89.66
1272,1303,600712,南宁百货,7.06,-3.02,-0.22,-0.14,12.03,1.67,8.52,4.68亿,5.39亿,38.03亿,512.06
1273,1304,603328,依顿电子,10.36,-2.08,-0.22,0.19,3.34,0.66,3.02,3.49亿,9.98亿,103.44亿,21.17
1274,1305,688352,颀中科技,13.19,-1.71,-0.23,0.08,3.23,1.07,3.13,1.55亿,3.60亿,47.47亿,51.50
1275,1306,688663,新风光,23.13,-0.98,-0.23,-0.17,1.64,0.8,2.57,0.54亿,1.40亿,32.37亿,20.36
1276,1307,301153,中科江南,28.0,-0.85,-0.24,0.0,1.93,0.98,2.9,1.12亿,2.06亿,57.64亿,1084.43
1277,1308,688475,萤石网络,30.05,-0.82,-0.25,0.0,1.02,1.19,2.44,1.25亿,4.05亿,121.64亿,47.36
1278,1309,001287,中电港,21.84,-1.18,-0.26,-0.14,3.21,0.85,2.67,3.10亿,4.37亿,95.53亿,83.63
1279,1310,300479,神思电子,19.38,-1.32,-0.26,0.0,4.63,0.64,3.62,1.80亿,1.97亿,38.19亿,--
1280,1311,601858,中国科传,21.91,-1.17,-0.26,0.05,0.8,0.89,2.71,1.39亿,7.91亿,173.20亿,59.60
1281,1312,600561,江西长运,5.81,-4.44,-0.27,0.87,10.15,2.44,12.01,1.76亿,2.84亿,16.53亿,519.40
1282,1313,600839,四川长虹,10.78,-2.44,-0.27,0.0,7.99,0.85,3.8,40.17亿,46.15亿,497.49亿,108.32
1283,1314,605086,龙高股份,32.13,-0.83,-0.27,0.09,1.04,0.35,4.32,0.60亿,1.79亿,57.58亿,44.85
1284,1315,688456,有研粉材,34.68,-0.77,-0.27,0.17,1.45,0.77,2.58,0.53亿,1.04亿,35.95亿,66.80
1285,1316,002276,万马股份,9.11,-2.98,-0.28,0.0,6.1,1.03,3.94,5.67亿,10.05亿,91.56亿,27.20
1286,1317,600326,西藏天路,6.96,-3.87,-0.28,-0.29,9.16,0.94,5.94,8.44亿,13.02亿,90.65亿,--
1287,1318,000818,航锦科技,20.99,-1.36,-0.29,0.0,4.56,0.76,2.49,6.52亿,6.77亿,142.18亿,262.40
1288,1319,002643,万润股份,12.62,-2.25,-0.29,-0.08,3.81,0.8,2.71,4.40亿,9.09亿,114.76亿,29.75
1289,1320,601698,中国卫通,21.43,-1.33,-0.29,0.0,0.8,1.23,2.9,7.32亿,42.24亿,905.29亿,141.20
1290,1331,600368,五洲交通,5.2,-6.31,-0.35,0.0,6.68,0.81,7.39,5.68亿,16.10亿,83.70亿,11.08
1291,1332,603369,今世缘,45.15,-0.77,-0.35,0.0,0.52,1.02,1.74,2.93亿,12.54亿,566.41亿,13.77
1292,1333,300425,中建环能,6.45,-5.29,-0.36,0.0,12.08,0.85,6.17,5.36亿,6.79亿,43.78亿,140.96
1293,1334,600529,山东药玻,25.85,-1.37,-0.36,-0.08,1.77,0.53,2.21,3.04亿,6.64亿,171.54亿,17.86
1294,1335,600838,上海九百,9.51,-3.65,-0.36,0.0,7.33,0.94,5.78,2.86亿,4.01亿,38.12亿,103.52
1295,1336,603701,德宏股份,14.58,-2.41,-0.36,0.07,1.32,0.95,3.95,0.51亿,2.61亿,38.11亿,194.28
1296,1337,873001,纬达光电,19.11,-1.85,-0.36,0.0,8.2,0.74,11.71,1.44亿,0.89亿,16.95亿,92.22
1297,1338,002046,国机精工,14.35,-2.51,-0.37,0.0,4.68,0.64,3.8,3.60亿,5.26亿,75.46亿,27.84
1298,1339,300847,中船汉光,18.57,-2.06,-0.39,0.05,4.15,0.89,3.96,2.32亿,2.96亿,54.97亿,43.34
1299,1340,600855,航天长峰,12.98,-2.92,-0.39,0.0,7.26,1.19,3.96,4.42亿,4.68亿,60.70亿,--
1300,1341,600621,华鑫股份,16.76,-2.33,-0.4,0.42,5.97,0.96,4.84,10.76亿,10.61亿,177.81亿,43.88
1301,1342,600845,宝信软件,29.88,-1.35,-0.41,0.0,1.56,1.13,3.63,10.00亿,21.21亿,633.80亿,33.48
1302,1343,835892,中科美菱,14.61,-2.73,-0.41,0.0,10.79,0.58,4.93,0.44亿,0.28亿,4.08亿,89.90
1303,1344,000595,宝塔实业,6.68,-5.92,-0.42,0.0,5.65,1.81,4.79,4.34亿,11.38亿,76.02亿,--
1304,1345,002415,海康威视,31.06,-1.4,-0.44,0.0,0.38,0.8,2.03,10.80亿,91.06亿,2828.22亿,26.53
1305,1346,603082,北自科技,36.11,-1.2,-0.44,0.03,9.37,1.17,2.27,1.11亿,0.32亿,11.72亿,36.08
1306,1347,688172,燕东微,20.89,-2.06,-0.44,0.0,1.02,0.77,4.5,1.27亿,5.85亿,122.26亿,--
1307,1348,000807,云铝股份,13.75,-3.17,-0.45,-0.07,1.32,1.59,3.8,6.39亿,34.68亿,476.84亿,9.36
1308,1349,600223,福瑞达,8.04,-5.3,-0.45,0.13,6.91,1.57,6.48,5.68亿,10.17亿,81.73亿,35.81
1309,1350,600725,云维股份,4.02,-10.07,-0.45,0.0,16.38,2.92,4.92,8.21亿,12.32亿,49.55亿,--
1310,1251,600824,益民集团,4.66,-2.31,-0.11,0.0,11.76,0.86,5.45,5.86亿,10.54亿,49.12亿,102.79
1311,1252,601928,凤凰传媒,11.21,-0.97,-0.11,0.0,0.63,0.9,2.65,1.79亿,25.45亿,285.28亿,15.93
1312,1253,002400,省广集团,8.58,-1.38,-0.12,0.0,11.09,0.79,4.25,16.67亿,17.26亿,148.10亿,122.97
1313,1254,300426,唐德影视,10.46,-1.13,-0.12,0.58,2.33,0.59,3.69,0.99亿,4.00亿,41.84亿,--
1314,1255,600757,长江传媒,9.36,-1.27,-0.12,0.0,1.05,0.58,2.21,1.20亿,12.13亿,113.58亿,12.36
1315,1256,600761,安徽合力,18.19,-0.66,-0.12,-0.06,1.23,0.6,1.31,2.00亿,8.91亿,162.02亿,11.03
1316,1257,600814,杭州解百,8.2,-1.44,-0.12,0.0,5.26,1.25,5.05,3.14亿,7.29亿,59.82亿,18.89
1317,1258,002217,*ST合泰,2.51,-4.92,-0.13,0.0,3.29,1.29,5.3,2.63亿,31.16亿,78.22亿,--
1318,1259,600255,鑫科材料,4.15,-3.04,-0.13,0.0,52.86,1.33,14.95,42.55亿,18.06亿,74.96亿,141.23
1319,1260,600600,青岛啤酒,79.75,-0.16,-0.13,-0.03,0.56,0.96,1.92,3.17亿,7.09亿,565.45亿,16.35
1320,1351,300831,派瑞股份,17.87,-2.51,-0.46,0.0,14.09,0.88,3.6,4.69亿,1.84亿,32.97亿,81.63
1321,1352,688146,中船特气,29.88,-1.52,-0.46,0.1,2.5,1.26,2.67,1.08亿,1.43亿,42.61亿,50.68
1322,1353,300212,易华录,24.12,-1.91,-0.47,0.0,2.08,0.92,3.62,3.57亿,6.98亿,168.37亿,--
1323,1354,688248,南网科技,33.4,-1.39,-0.47,0.0,1.15,0.63,3.25,0.88亿,2.28亿,76.29亿,50.58
1324,1355,002222,福晶科技,33.87,-1.4,-0.48,0.0,3.36,0.91,3.49,5.42亿,4.68亿,158.56亿,71.11
1325,1356,003031,中瓷电子,54.65,-0.91,-0.5,0.0,1.07,0.77,2.9,0.97亿,1.65亿,90.29亿,50.08
1326,1357,300006,莱美药业,4.05,-10.99,-0.5,0.0,11.57,1.78,5.93,5.00亿,10.56亿,42.76亿,--
1327,1358,300319,麦捷科技,13.41,-3.6,-0.5,0.0,6.41,0.9,5.03,7.27亿,8.30亿,111.27亿,36.22
1328,1359,600793,宜宾纸业,24.93,-2.0,-0.51,0.04,12.15,0.92,13.68,5.68亿,1.77亿,44.10亿,--
1329,1360,002080,中材科技,13.87,-3.61,-0.52,-0.07,2.88,0.94,4.52,6.80亿,16.78亿,232.76亿,28.69
1330,1361,430198,微创光电,11.52,-4.48,-0.54,0.0,6.48,0.84,4.89,0.54亿,0.70亿,8.09亿,--
1331,1362,600498,烽火通信,19.51,-2.69,-0.54,0.05,4.32,1.04,2.74,9.94亿,11.67亿,227.60亿,44.04
1332,1363,871753,天纺标,29.65,-1.79,-0.54,0.0,2.97,0.83,2.78,0.28亿,0.31亿,9.33亿,86.28
1333,1364,836239,长虹能源,30.86,-1.75,-0.55,0.0,3.31,0.85,3.18,0.51亿,0.50亿,15.34亿,21.08
1334,1365,002819,东方中科,28.94,-1.9,-0.56,-0.04,2.18,0.67,2.48,1.50亿,2.35亿,68.08亿,--
1335,1366,002856,美芝股份,9.31,-5.87,-0.58,0.0,12.31,0.64,4.85,1.42亿,1.21亿,11.27亿,--
1336,1367,603126,中材节能,7.44,-7.35,-0.59,0.0,11.14,0.79,5.98,5.19亿,6.11亿,45.42亿,126.54
1337,1368,300678,中科信息,38.61,-1.53,-0.6,-0.03,3.62,0.73,2.35,4.04亿,2.86亿,110.25亿,1386.81
1338,1369,301137,哈焊华通,19.08,-3.1,-0.61,0.16,5.15,0.82,3.0,1.01亿,1.02亿,19.40亿,153.46
1339,1370,835640,富士达,29.72,-2.04,-0.62,0.0,5.48,0.87,6.66,2.88亿,1.76亿,52.17亿,116.26
1340,1371,300962,中金辐照,17.24,-3.53,-0.63,0.0,2.55,0.83,4.48,1.17亿,2.64亿,45.51亿,35.60
1341,1372,835579,机科股份,19.42,-3.14,-0.63,0.0,5.34,0.77,4.34,0.47亿,0.45亿,8.66亿,233.48
1342,1373,688190,云路股份,87.24,-0.73,-0.64,0.0,0.44,1.05,2.88,0.47亿,1.20亿,104.69亿,29.87
1343,1374,600345,长江通信,24.14,-2.66,-0.66,-0.17,3.6,0.74,2.9,1.86亿,2.12亿,51.07亿,119.86
1344,1375,430418,苏轴股份,25.25,-2.62,-0.68,0.0,3.51,0.91,2.7,0.64亿,0.72亿,18.08亿,21.81
1345,1376,600710,苏美达,10.1,-6.31,-0.68,0.0,7.14,2.64,6.12,9.54亿,13.07亿,131.98亿,9.89
1346,1377,300540,蜀道装备,24.48,-2.82,-0.71,-0.04,2.68,1.16,3.14,0.96亿,1.45亿,35.53亿,130.95
1347,1378,688629,华丰科技,38.89,-1.79,-0.71,-0.18,10.02,0.8,4.92,6.50亿,1.65亿,64.07亿,--
1348,1379,000999,华润三九,45.09,-1.66,-0.76,-0.16,0.69,1.23,2.07,3.99亿,12.76亿,575.20亿,14.67
1349,1380,300042,朗科科技,23.04,-3.19,-0.76,0.0,10.15,1.17,6.01,4.79亿,2.00亿,46.17亿,--
1350,1381,300620,光库科技,49.43,-1.51,-0.76,0.04,4.62,0.88,2.81,5.69亿,2.47亿,122.05亿,165.53
1351,1382,600160,巨化股份,23.4,-3.15,-0.76,-0.17,1.24,1.12,3.85,7.96亿,27.00亿,631.74亿,37.68
1352,1383,300711,广哈通信,25.06,-2.98,-0.77,-0.04,4.94,0.77,4.57,3.15亿,2.48亿,62.26亿,223.46
1353,1384,002916,深南电路,127.68,-0.69,-0.88,0.13,1.47,0.7,3.43,9.64亿,5.11亿,652.21亿,33.01
1354,1385,300895,铜牛信息,33.8,-2.57,-0.89,0.0,3.22,0.85,4.73,1.53亿,1.38亿,46.70亿,--
1355,1386,873122,中纺标,52.02,-1.87,-0.99,0.0,3.02,0.69,2.96,0.54亿,0.34亿,17.73亿,192.04
1356,1387,301289,国缆检测,52.64,-1.96,-1.05,0.02,12.24,1.09,4.1,1.65亿,0.25亿,13.34亿,57.01
1357,1388,600679,上海凤凰,14.15,-7.03,-1.07,0.14,17.97,0.78,4.53,8.72亿,3.38亿,47.85亿,109.01
1358,1389,600809,山西汾酒,187.79,-0.6,-1.14,0.01,0.37,0.96,1.44,8.40亿,12.20亿,2290.97亿,15.14
1359,1390,300788,中信出版,33.35,-3.36,-1.16,0.03,3.31,0.58,3.71,2.12亿,1.90亿,63.42亿,36.55
1360,1391,000628,高新发展,63.65,-1.88,-1.22,0.0,8.14,0.86,2.85,10.05亿,1.92亿,122.26亿,139.62
1361,1392,002025,航天电器,51.27,-2.34,-1.23,0.12,1.71,1.57,4.76,4.02亿,4.53亿,232.03亿,42.66
1362,1393,002827,高争民爆,27.27,-4.88,-1.4,-0.15,7.6,1.1,5.2,5.85亿,2.76亿,75.26亿,50.91
1363,1394,301517,陕西华达,58.59,-2.5,-1.5,0.02,12.1,1.23,3.25,3.03亿,0.42亿,24.89亿,139.13
1364,1395,688165,埃夫特,26.35,-5.45,-1.52,0.04,7.66,0.8,8.68,10.82亿,5.22亿,137.49亿,--
1365,1396,688631,莱斯信息,91.71,-1.65,-1.54,0.0,5.1,0.9,5.38,2.92亿,0.61亿,56.16亿,721.83
1366,1397,688652,京仪装备,53.15,-2.83,-1.55,0.0,3.03,0.97,4.08,1.68亿,1.02亿,54.32亿,51.60
1367,1398,000977,浪潮信息,53.43,-2.94,-1.62,-0.02,8.37,0.78,5.14,66.65亿,14.70亿,785.62亿,45.58
1368,1399,688120,华海清科,168.34,-0.99,-1.69,-0.02,2.0,0.81,4.16,5.80亿,1.70亿,286.13亿,41.47
1369,1400,600171,上海贝岭,43.19,-4.02,-1.81,0.0,13.81,0.83,6.27,43.61亿,7.09亿,306.18亿,96.26
1370,1321,300770,新媒股份,41.93,-0.71,-0.3,0.0,0.82,0.65,1.59,0.79亿,2.29亿,96.07亿,16.85
1371,1322,600088,中视传媒,19.52,-1.56,-0.31,0.0,3.32,0.54,2.98,2.61亿,3.98亿,77.63亿,52.63
1372,1323,601899,紫金矿业,15.3,-2.05,-0.32,0.07,0.6,1.0,2.69,19.04亿,205.57亿,3145.23亿,12.52
1373,1324,000933,神火股份,16.12,-2.01,-0.33,-0.06,1.44,1.09,3.16,5.24亿,22.43亿,361.60亿,7.69
1374,1325,002182,宝武镁业,11.8,-2.72,-0.33,0.0,3.95,0.89,3.05,3.68亿,7.79亿,91.89亿,57.09
1375,1326,300579,数字认证,28.97,-1.13,-0.33,0.04,1.7,0.84,3.65,1.31亿,2.62亿,75.98亿,--
1376,1327,600850,电科数字,23.27,-1.4,-0.33,-0.09,1.85,1.21,2.97,2.66亿,6.10亿,141.93亿,39.41
1377,1328,600185,格力地产,7.42,-4.38,-0.34,-0.14,3.56,1.05,6.06,5.03亿,18.85亿,139.87亿,--
1378,1329,600602,云赛智联,14.25,-2.33,-0.34,0.0,2.53,0.95,3.98,3.93亿,10.74亿,153.09亿,92.55
1379,1330,301551,无线传媒,58.18,-0.6,-0.35,0.05,7.69,1.12,4.07,1.61亿,0.35亿,20.65亿,92.35
1380,1241,600006,东风股份,7.73,-1.28,-0.1,0.13,4.73,1.6,2.81,7.34亿,20.00亿,154.60亿,--
1381,1242,600198,大唐电信,9.17,-1.08,-0.1,0.0,5.76,0.5,3.99,4.73亿,8.80亿,80.74亿,--
1382,1243,600546,山煤国际,11.95,-0.83,-0.1,0.0,0.79,1.11,1.08,1.88亿,19.82亿,236.90亿,8.54
1383,1244,600736,苏州高新,6.71,-1.47,-0.1,0.0,5.45,0.79,3.52,4.28亿,11.51亿,77.25亿,24.45
1384,1245,600892,大晟文化,4.0,-2.44,-0.1,0.0,6.66,1.33,6.1,1.47亿,5.59亿,22.37亿,--
1385,1246,601699,潞安环能,14.38,-0.69,-0.1,0.0,0.51,1.21,1.1,2.21亿,29.91亿,430.17亿,11.53
1386,1247,603721,中广天择,28.69,-0.35,-0.1,-0.1,7.5,0.6,4.1,2.82亿,1.30亿,37.30亿,--
1387,1248,000708,中信特钢,11.56,-0.94,-0.11,-0.09,0.32,1.42,1.37,1.85亿,50.47亿,583.45亿,11.41
1388,1249,002187,广百股份,7.0,-1.55,-0.11,0.14,15.6,1.94,12.94,5.77亿,5.17亿,36.20亿,70.36
1389,1250,002307,北新路桥,4.02,-2.66,-0.11,0.0,7.74,0.8,2.66,3.41亿,10.91亿,43.86亿,761.64
1390,1191,002077,大港股份,16.46,-0.3,-0.05,0.0,9.81,0.64,6.66,9.50亿,5.80亿,95.53亿,180.51
1391,1192,300342,天银机电,17.12,-0.29,-0.05,-0.18,3.25,0.93,3.2,2.36亿,4.18亿,71.52亿,98.72
1392,1193,430489,佳先股份,17.71,-0.28,-0.05,0.0,5.92,0.68,4.84,0.91亿,0.86亿,15.18亿,92.09
1393,1194,600158,中体产业,8.61,-0.58,-0.05,0.0,2.85,0.61,3.12,2.37亿,9.60亿,82.61亿,267.50
1394,1195,600667,太极实业,7.44,-0.67,-0.05,0.0,1.98,0.57,2.4,3.14亿,21.06亿,156.70亿,22.90
1395,1196,601059,信达证券,16.06,-0.31,-0.05,0.0,7.29,1.45,2.85,8.12亿,6.92亿,111.07亿,44.11
1396,1197,601101,昊华能源,8.34,-0.6,-0.05,-0.12,0.7,0.78,1.43,0.84亿,14.40亿,120.10亿,8.05
1397,1198,601857,中国石油,8.92,-0.56,-0.05,0.0,0.09,0.72,2.9,12.91亿,1619.22亿,14443.40亿,9.24
1398,1199,688387,信科移动,6.16,-0.81,-0.05,-0.16,1.16,0.79,2.74,1.00亿,13.79亿,84.93亿,--
1399,1200,000657,中钨高新,9.68,-0.62,-0.06,0.0,1.17,0.95,1.95,1.42亿,12.47亿,120.74亿,49.18
1400,1401,600889,南京化纤,21.6,-10.0,-2.4,-0.14,27.7,1.17,12.5,23.23亿,3.66亿,79.13亿,--
1401,1402,872808,曙光数创,64.81,-3.84,-2.59,0.0,3.43,0.86,8.75,4.43亿,1.95亿,126.13亿,--
1402,1403,002281,光迅科技,56.0,-5.8,-3.45,-0.04,10.46,0.87,3.7,45.99亿,7.73亿,432.89亿,71.83
1403,1404,603019,中科曙光,74.84,-5.28,-4.17,-0.01,7.21,1.26,6.08,80.70亿,14.59亿,1091.62亿,106.73
1404,1405,301269,华大九天,130.42,-3.46,-4.68,0.02,2.73,0.97,4.65,9.52亿,2.62亿,342.12亿,907.12
1405,1406,301165,锐捷网络,74.21,-12.53,-10.63,0.15,32.23,0.95,9.22,17.17亿,0.68亿,50.60亿,76.81
