,序号,代码,名称,现价,涨跌幅,涨跌,涨速,换手,量比,振幅,成交额,流通股,流通市值,市盈率
0,1,688111,金山办公,312.6,4.19,12.57,0.01,1.68,1.32,5.47,23.93亿,4.63亿,1445.86亿,104.28
1,2,603444,吉比特,222.01,5.92,12.41,-0.01,5.53,3.31,6.52,8.78亿,0.72亿,159.94亿,18.24
2,3,603160,汇顶科技,89.98,10.0,8.18,0.0,0.23,0.12,0.0,0.97亿,4.58亿,412.35亿,69.01
3,4,688332,中科蓝讯,114.64,6.56,7.06,0.55,11.64,1.21,9.6,5.75亿,0.44亿,50.47亿,50.04
4,5,688698,伟创电气,54.38,14.65,6.95,0.33,13.11,2.6,24.08,14.31亿,2.11亿,114.95亿,40.96
5,6,603662,柯力传感,72.82,10.0,6.62,0.0,17.05,1.03,12.57,34.30亿,2.81亿,204.50亿,80.7
6,7,601127,赛力斯,144.75,4.6,6.36,0.12,3.54,1.07,4.26,76.43亿,15.10亿,2185.41亿,40.59
7,8,688018,乐鑫科技,148.47,3.52,5.05,-0.01,3.5,1.38,6.38,5.80亿,1.12亿,166.58亿,49.75
8,9,688766,普冉股份,94.8,5.34,4.81,0.0,5.64,1.29,8.77,5.59亿,1.06亿,100.12亿,33.41
9,10,688608,恒玄科技,262.48,1.76,4.54,0.83,1.46,0.66,5.0,4.59亿,1.20亿,315.10亿,81.74
10,11,603236,移远通信,53.95,8.36,4.16,0.02,8.17,3.49,10.79,11.28亿,2.62亿,141.16亿,29.68
11,12,603259,药明康德,58.98,6.81,3.76,-0.02,6.25,3.08,4.31,92.28亿,25.01亿,1475.04亿,19.55
12,13,603859,能科科技,41.04,10.0,3.73,0.0,22.64,2.53,9.01,22.15亿,2.45亿,100.42亿,64.03
13,14,688052,纳芯微,138.6,2.27,3.07,-0.14,4.02,0.97,5.34,5.19亿,0.93亿,129.37亿,--
14,15,688165,埃夫特,33.67,9.5,2.92,0.06,14.87,0.99,20.42,25.02亿,5.22亿,175.68亿,--
15,16,688167,炬光科技,70.96,4.29,2.92,-0.01,7.15,1.73,7.48,3.48亿,0.69亿,48.81亿,--
16,17,688486,龙迅股份,68.18,4.24,2.77,0.09,6.59,2.04,10.27,2.45亿,0.56亿,38.12亿,55.65
17,18,601100,恒立液压,57.19,4.34,2.38,0.0,1.96,2.93,7.01,15.03亿,13.41亿,766.82亿,32.10
18,19,605011,杭州热电,25.58,10.02,2.33,0.0,4.07,2.83,10.58,3.98亿,4.00亿,102.35亿,45.41
19,20,605333,沪光股份,33.7,6.92,2.18,0.21,2.19,3.21,8.22,3.18亿,4.37亿,147.19亿,25.18
20,21,688368,晶丰明源,97.08,2.23,2.12,-0.02,1.87,1.0,7.04,1.61亿,0.88亿,85.26亿,--
21,22,601799,星宇股份,131.66,1.63,2.11,0.11,0.6,1.05,4.14,2.27亿,2.86亿,376.13亿,28.87
22,23,688116,天奈科技,47.99,4.51,2.07,-0.02,5.46,1.01,8.08,8.96亿,3.45亿,165.44亿,67.95
23,24,603712,七一二,22.44,10.0,2.04,0.0,14.09,2.26,14.02,22.88亿,7.72亿,173.24亿,--
24,25,688626,翔宇医疗,33.7,6.34,2.01,0.0,2.25,2.53,8.9,1.19亿,1.60亿,53.92亿,55.09
25,26,605168,三人行,39.79,4.99,1.89,0.05,10.28,1.61,8.57,8.41亿,2.11亿,83.88亿,34.63
26,27,688036,传音控股,96.53,1.99,1.88,0.04,0.79,1.13,4.53,8.67亿,11.40亿,1100.78亿,21.15
27,28,605186,健麾信息,25.18,7.93,1.85,-0.04,7.19,2.4,8.49,2.38亿,1.36亿,34.24亿,80.13
28,29,605020,永和股份,19.55,10.02,1.78,0.0,2.36,3.96,10.8,1.70亿,3.78亿,73.97亿,37.95
29,30,688160,步科股份,59.5,2.87,1.66,0.0,6.05,0.96,10.08,3.04亿,0.84亿,49.98亿,115.78
30,31,688275,万润新能,63.41,2.6,1.61,0.05,3.81,0.87,6.21,2.00亿,0.85亿,53.64亿,--
31,32,603297,永新光学,95.45,1.67,1.57,0.01,4.25,1.66,7.72,4.57亿,1.11亿,105.69亿,56.73
32,33,603918,金桥信息,17.08,9.98,1.55,0.0,20.75,1.33,10.17,12.26亿,3.66亿,62.55亿,--
33,34,605133,嵘泰股份,27.08,5.95,1.52,0.07,5.99,0.82,6.22,2.95亿,1.84亿,49.84亿,29.91
34,35,688778,厦钨新能,52.22,3.0,1.52,-0.12,1.35,0.94,4.91,2.95亿,4.21亿,219.73亿,44.84
35,36,603179,新泉股份,46.84,3.29,1.49,0.04,1.41,1.59,5.62,3.22亿,4.87亿,228.25亿,24.97
36,37,603416,信捷电气,42.61,3.42,1.41,0.05,4.47,1.24,7.09,2.66亿,1.41亿,59.89亿,25.78
37,38,603863,松炀资源,22.74,6.51,1.39,0.0,9.63,2.21,14.38,4.40亿,2.05亿,46.54亿,--
38,39,603583,捷昌驱动,28.38,5.11,1.38,0.0,13.43,1.07,12.22,14.60亿,3.82亿,108.48亿,27.84
39,40,603195,公牛集团,73.25,1.91,1.37,0.06,0.25,1.86,3.62,2.35亿,12.86亿,942.33亿,21.76
40,41,603666,亿嘉和,27.75,5.11,1.35,0.04,11.43,1.22,11.36,6.42亿,2.06亿,57.30亿,--
41,42,603596,伯特利,44.94,2.96,1.29,0.0,2.22,1.85,7.33,6.10亿,6.05亿,272.02亿,26.28
42,43,603985,恒润股份,14.23,9.97,1.29,0.0,5.05,2.32,9.89,3.08亿,4.41亿,62.73亿,--
43,44,605399,晨光新材,13.43,9.99,1.22,0.0,3.54,3.63,9.99,1.43亿,3.12亿,41.89亿,68.83
44,45,600686,金龙汽车,13.29,10.02,1.21,0.0,12.52,3.81,9.85,11.78亿,7.17亿,95.30亿,93.56
45,46,688153,唯捷创芯,40.06,3.04,1.18,0.0,4.31,1.11,7.15,1.96亿,1.14亿,45.57亿,--
46,47,688578,艾力斯,59.3,1.98,1.15,-0.08,1.34,1.06,3.34,3.55亿,4.50亿,266.85亿,18.83
47,48,601336,新华保险,52.33,2.19,1.12,-0.21,2.01,1.98,4.75,21.79亿,20.85亿,1091.31亿,5.92
48,49,603466,风语筑,12.07,10.03,1.1,0.0,1.16,0.35,0.0,0.83亿,5.95亿,71.79亿,--
49,50,600501,航天晨光,20.61,5.53,1.08,0.0,5.82,3.01,8.96,5.03亿,4.25亿,87.51亿,--
50,51,688187,时代电气,48.28,2.22,1.05,-0.04,2.16,1.22,2.84,2.93亿,2.79亿,134.86亿,20.43
51,52,603529,爱玛科技,39.52,2.68,1.03,0.0,0.49,0.81,4.08,1.60亿,8.43亿,333.06亿,16.44
52,53,600066,宇通客车,24.22,4.4,1.02,0.0,1.84,1.29,4.53,9.79亿,22.14亿,536.22亿,16.54
53,54,603039,泛微网络,54.2,1.88,1.0,-0.02,2.99,1.33,6.05,4.18亿,2.61亿,141.25亿,122.86
54,55,600618,氯碱化工,10.73,10.05,0.98,0.0,2.87,3.4,9.95,2.25亿,7.50亿,80.46亿,15.34
55,56,603489,八方股份,28.27,3.55,0.97,0.04,5.64,1.12,7.33,3.69亿,2.35亿,66.44亿,97.21
56,57,603366,日出东方,18.29,5.12,0.89,0.0,18.83,1.03,9.14,27.96亿,8.13亿,148.71亿,165.86
57,58,688271,联影医疗,141.0,0.64,0.89,0.01,0.6,0.87,2.77,5.03亿,5.93亿,836.55亿,129.86
58,59,688362,甬矽电子,30.82,2.97,0.89,0.0,9.15,1.25,6.82,7.89亿,2.79亿,85.86亿,222.65
59,60,688141,杰华特,26.65,3.42,0.88,0.0,8.21,1.2,8.15,5.80亿,2.62亿,69.88亿,--
60,61,600779,水井坊,58.55,1.49,0.86,0.0,2.21,1.09,4.35,6.30亿,4.88亿,285.43亿,19.03
61,62,601567,三星医疗,33.6,2.63,0.86,-0.03,0.76,1.23,5.68,3.52亿,14.03亿,471.41亿,19.58
62,63,603306,华懋科技,31.24,2.7,0.82,0.0,5.64,1.16,5.26,5.69亿,3.28亿,102.49亿,39.19
63,64,603629,利通电子,18.88,4.48,0.81,0.0,8.97,2.74,10.46,4.34亿,2.55亿,48.11亿,69.84
64,65,600967,内蒙一机,8.78,10.03,0.8,0.0,3.14,4.11,8.65,4.59亿,16.99亿,149.16亿,30.81
65,66,605089,味知香,28.15,2.85,0.78,0.0,3.3,0.64,8.7,1.27亿,1.38亿,38.85亿,43.02
66,67,603338,浙江鼎力,63.57,1.23,0.77,-0.09,1.34,0.81,3.84,4.31亿,5.06亿,321.88亿,16.53
67,68,603358,华达科技,34.5,2.22,0.75,0.0,1.95,1.28,3.94,2.92亿,4.39亿,151.47亿,56.75
68,69,600989,宝丰能源,16.58,4.41,0.7,0.06,0.67,1.91,5.04,8.09亿,73.33亿,1215.87亿,20.1
69,70,603281,江瀚新材,26.82,2.68,0.7,0.0,1.68,2.75,3.52,1.13亿,2.52亿,67.50亿,16.43
70,71,603392,万泰生物,76.6,0.92,0.7,0.01,0.33,0.78,2.44,3.15亿,12.65亿,969.08亿,272.57
71,72,688076,诺泰生物,52.24,1.36,0.7,0.1,2.37,1.16,2.91,2.73亿,2.20亿,114.81亿,24.59
72,73,603379,三美股份,34.37,2.02,0.68,0.0,1.06,1.66,6.03,2.24亿,6.10亿,209.82亿,28.06
73,74,603119,浙江荣泰,22.0,3.14,0.67,0.0,3.91,1.1,5.25,1.75亿,2.04亿,44.85亿,36.04
74,75,600536,中国软件,55.92,1.19,0.66,-0.02,5.87,1.05,3.91,27.96亿,8.43亿,471.38亿,--
75,76,605305,中际联合,28.86,2.34,0.66,-0.04,1.69,1.06,3.44,1.03亿,2.13亿,61.33亿,19.30
76,77,688001,华兴源创,36.45,1.82,0.65,-0.03,1.76,1.24,6.76,2.82亿,4.45亿,162.21亿,--
77,78,605366,宏柏新材,6.95,9.97,0.63,0.0,4.3,4.9,10.44,1.76亿,6.14亿,42.69亿,--
78,79,688097,博众精工,28.69,2.25,0.63,0.04,2.24,0.82,6.13,2.86亿,4.44亿,127.28亿,37.86
79,80,603737,三棵树,47.02,1.31,0.61,0.0,0.48,0.9,2.15,1.18亿,5.27亿,247.80亿,45.29
80,81,600301,华锡有色,19.14,3.12,0.58,0.05,4.27,1.26,5.39,2.26亿,2.75亿,52.70亿,16.80
81,82,600547,山东黄金,24.86,2.39,0.58,0.0,1.09,2.03,2.76,9.74亿,36.14亿,898.55亿,40.38
82,83,600172,黄河旋风,6.12,10.07,0.56,0.0,21.69,2.97,10.07,16.68亿,12.76亿,78.11亿,--
83,84,600186,莲花控股,5.68,10.08,0.52,0.0,11.14,2.91,8.14,11.03亿,17.87亿,101.48亿,46.29
84,85,605198,安德利,34.04,1.55,0.52,0.03,1.32,0.94,4.12,1.20亿,2.71亿,92.09亿,45.04
85,86,600860,京城股份,11.71,4.55,0.51,0.0,8.7,1.93,9.11,4.42亿,4.35亿,50.97亿,--
86,87,688169,石头科技,226.51,0.23,0.51,0.0,1.38,0.85,3.55,5.74亿,1.85亿,418.42亿,21.32
87,88,688339,亿华通,26.9,1.93,0.51,0.07,3.73,1.16,5.0,1.60亿,1.59亿,42.88亿,--
88,89,600563,法拉电子,128.55,0.39,0.5,-0.09,0.61,0.59,1.87,1.75亿,2.25亿,289.24亿,28.00
89,90,601020,华钰矿业,15.17,3.41,0.5,0.07,9.29,1.5,7.5,11.82亿,8.20亿,124.39亿,60.99
90,91,603260,合盛硅业,59.34,0.85,0.5,-0.02,0.22,1.17,3.16,1.57亿,11.82亿,701.52亿,36.17
91,92,603867,新化股份,26.7,1.91,0.5,0.0,2.97,1.44,4.35,1.48亿,1.86亿,49.55亿,20.62
92,93,688433,华曙高科,24.0,2.04,0.48,-0.08,1.81,0.55,5.95,0.82亿,1.88亿,45.05亿,170.21
93,94,600809,山西汾酒,200.48,0.23,0.47,-0.23,0.44,1.1,2.46,10.67亿,12.20亿,2445.78亿,16.16
94,95,600773,西藏城投,12.72,3.67,0.45,-0.24,2.95,1.78,6.93,3.53亿,9.52亿,121.04亿,--
95,96,601858,中国科传,24.79,1.85,0.45,0.0,3.6,1.89,5.14,7.04亿,7.91亿,195.97亿,67.44
96,97,603826,坤彩科技,22.93,1.96,0.44,0.0,0.97,1.35,3.69,1.44亿,6.55亿,150.24亿,186.59
97,98,688222,成都先导,14.73,3.08,0.44,0.07,6.83,2.68,7.35,4.10亿,4.01亿,59.02亿,146.96
98,99,600388,龙净环保,12.96,3.43,0.43,-0.08,2.67,2.12,5.03,4.18亿,12.20亿,158.06亿,18.31
99,100,603885,吉祥航空,15.1,2.93,0.43,0.33,1.08,1.22,4.91,3.57亿,21.99亿,332.05亿,19.59
100,101,603920,世运电路,31.8,1.34,0.42,0.16,2.81,0.82,3.28,6.43亿,7.19亿,228.77亿,35.53
101,102,688570,天玛智控,21.29,2.01,0.42,-0.05,1.28,1.01,3.4,0.50亿,1.86亿,39.60亿,24.66
102,103,600081,东风科技,11.66,3.64,0.41,0.0,3.54,1.6,10.04,2.28亿,5.53亿,64.48亿,78.97
103,104,600872,中炬高新,23.62,1.77,0.41,0.0,2.59,1.63,5.69,4.80亿,7.71亿,182.11亿,24.08
104,105,600575,淮河能源,4.37,10.08,0.4,0.0,3.51,2.6,9.57,5.88亿,38.86亿,169.83亿,15.12
105,106,601788,光大证券,20.89,1.95,0.4,0.05,4.22,1.36,8.64,34.78亿,39.07亿,816.11亿,36.29
106,107,603125,常青科技,20.42,2.0,0.4,-0.1,7.27,0.75,3.5,1.03亿,0.70亿,14.25亿,27.44
107,108,603708,家家悦,11.27,3.68,0.4,-0.27,3.1,1.38,9.94,2.23亿,6.38亿,71.94亿,28.71
108,109,688083,中望软件,99.92,0.38,0.38,0.25,1.55,0.79,4.04,1.89亿,1.21亿,121.21亿,844.20
109,110,688320,禾川科技,42.89,0.89,0.38,0.0,13.66,0.78,9.76,6.28亿,1.06亿,45.28亿,--
110,111,603191,望变电气,13.29,2.86,0.37,0.08,5.84,1.55,3.79,1.43亿,1.87亿,24.81亿,61.83
111,112,605286,同力日升,32.54,1.15,0.37,0.12,2.26,1.24,6.99,1.25亿,1.68亿,54.67亿,18.64
112,113,603070,万控智造,12.99,2.85,0.36,0.08,8.61,2.69,5.86,0.96亿,0.86亿,11.14亿,61.34
113,114,600295,鄂尔多斯,10.25,3.54,0.35,0.0,1.34,2.08,5.46,2.70亿,19.76亿,202.50亿,12.5
114,115,601019,山东出版,12.1,2.98,0.35,0.0,1.54,3.0,8.94,3.84亿,20.87亿,252.51亿,19.54
115,116,603010,万盛股份,10.83,3.34,0.35,0.09,2.12,3.3,4.68,1.11亿,4.85亿,52.55亿,40.3
116,117,605368,蓝天燃气,11.65,3.1,0.35,0.0,2.67,1.75,3.27,2.05亿,6.65亿,77.44亿,13.73
117,118,600741,华域汽车,17.24,2.01,0.34,0.0,1.08,1.41,3.08,5.86亿,31.53亿,543.53亿,9.11
118,119,601022,宁波远洋,8.88,3.98,0.34,0.0,9.39,3.44,3.98,2.04亿,2.49亿,22.08亿,21.52
119,120,603203,快克智能,25.59,1.35,0.34,0.08,1.35,0.46,2.69,0.86亿,2.49亿,63.76亿,29.36
120,121,605555,德昌股份,21.84,1.58,0.34,0.09,7.42,0.65,5.21,2.20亿,1.36亿,29.64亿,20.23
121,122,688349,三一重能,33.79,1.02,0.34,0.03,1.93,0.85,5.68,1.21亿,1.88亿,63.62亿,45.38
122,123,688475,萤石网络,33.34,1.03,0.34,0.0,1.5,2.0,4.51,2.02亿,4.05亿,134.95亿,52.54
123,124,600006,东风股份,7.86,4.38,0.33,0.0,6.24,1.39,7.83,9.78亿,20.00亿,157.20亿,--
124,125,600346,恒力石化,14.85,2.27,0.33,0.07,0.35,1.72,4.06,3.71亿,70.39亿,1045.31亿,15.36
125,126,603530,神马电力,24.41,1.37,0.33,0.04,0.85,1.01,2.74,0.88亿,4.28亿,104.39亿,36.70
126,127,600176,中国巨石,12.15,2.71,0.32,0.0,1.46,1.55,3.38,7.09亿,40.03亿,486.38亿,23.79
127,128,600298,安琪酵母,35.1,0.92,0.32,0.03,0.79,0.84,2.9,2.38亿,8.54亿,299.93亿,23.99
128,129,688198,佰仁医疗,120.49,0.27,0.32,0.27,0.14,0.97,2.21,0.24亿,1.37亿,165.55亿,211.54
129,130,600104,上汽集团,18.07,1.75,0.31,0.0,0.81,0.66,5.24,17.18亿,115.75亿,2091.66亿,22.71
130,131,600549,厦门钨业,20.85,1.51,0.31,0.0,2.1,1.7,3.55,6.26亿,14.15亿,294.95亿,15.81
131,132,601628,中国人寿,44.07,0.71,0.31,-0.02,0.09,1.41,2.77,8.59亿,208.24亿,9176.93亿,8.94
132,133,603699,纽威股份,23.31,1.35,0.31,-0.09,0.54,0.82,3.39,0.94亿,7.55亿,175.92亿,16.07
133,134,600868,梅雁吉祥,3.33,9.9,0.3,0.0,3.07,0.49,0.0,1.94亿,18.98亿,63.21亿,407.75
134,135,600988,赤峰黄金,17.11,1.78,0.3,-0.06,4.04,1.96,2.32,11.54亿,16.64亿,284.69亿,19.32
135,136,603456,九洲药业,15.35,1.99,0.3,0.0,3.5,2.44,3.46,4.85亿,8.95亿,137.42亿,16.34
136,137,605116,奥锐特,21.44,1.42,0.3,0.19,0.46,1.26,2.08,0.39亿,3.98亿,85.23亿,23.02
137,138,688131,皓元医药,38.85,0.78,0.3,0.03,2.07,1.41,6.54,1.69亿,2.06亿,80.09亿,42.87
138,139,688548,广钢气体,10.47,2.95,0.3,-0.29,3.25,1.49,8.55,1.97亿,5.70亿,59.71亿,57.15
139,140,603355,莱克电气,23.19,1.27,0.29,0.04,0.44,1.53,2.4,0.58亿,5.71亿,132.45亿,11.35
140,141,605183,确成股份,18.19,1.62,0.29,-0.06,0.76,1.27,2.51,0.57亿,4.16亿,75.65亿,14.96
141,142,600489,中金黄金,12.8,2.24,0.28,0.08,1.73,1.98,3.91,10.73亿,48.47亿,620.46亿,17.61
142,143,600609,金杯汽车,8.56,3.38,0.28,0.0,6.97,0.92,9.9,7.87亿,13.11亿,112.24亿,28.86
143,144,601615,明阳智能,14.36,1.99,0.28,0.0,1.27,0.67,2.91,4.11亿,22.71亿,326.19亿,30.26
144,145,600389,江山股份,15.57,1.76,0.27,0.0,1.28,1.3,3.99,0.85亿,4.31亿,67.05亿,29.32
145,146,600886,国投电力,16.15,1.7,0.27,0.0,0.32,0.71,2.77,3.87亿,74.54亿,1203.85亿,13.73
146,147,688382,益方生物,13.78,2.0,0.27,0.07,5.69,0.81,5.92,3.15亿,4.00亿,55.08亿,--
147,148,600326,西藏天路,8.21,3.27,0.26,0.0,8.29,1.41,5.28,8.73亿,13.02亿,106.93亿,--
148,149,600660,福耀玻璃,56.34,0.46,0.26,0.07,0.48,1.0,2.53,5.45亿,20.03亿,1128.48亿,20.13
149,150,600746,江苏索普,7.62,3.53,0.26,0.0,1.66,4.69,8.15,1.48亿,11.66亿,88.86亿,32.22
150,151,600827,百联股份,11.24,2.37,0.26,-0.09,2.09,1.33,4.64,3.75亿,16.04亿,180.34亿,9.29
151,152,601137,博威合金,17.98,1.47,0.26,0.0,3.64,1.39,2.99,5.08亿,7.80亿,140.28亿,9.61
152,153,603661,恒林股份,33.09,0.79,0.26,0.03,0.77,0.95,1.52,0.35亿,1.39亿,46.02亿,12.98
153,154,688518,联赢激光,20.75,1.27,0.26,0.0,2.99,1.02,6.15,2.10亿,3.41亿,70.81亿,56.05
154,155,600548,深高速,12.4,2.06,0.25,0.08,0.54,0.82,4.94,0.95亿,14.33亿,177.73亿,14.76
155,156,603193,润本股份,22.55,1.12,0.25,0.04,2.04,0.65,2.6,0.47亿,1.03亿,23.30亿,26.23
156,157,688197,首药控股,31.59,0.8,0.25,0.0,1.6,1.02,3.45,0.28亿,0.56亿,17.62亿,--
157,158,600938,中国海油,27.24,0.89,0.24,0.0,1.59,0.94,2.56,12.32亿,28.42亿,774.12亿,8.32
158,159,605300,佳禾食品,14.82,1.65,0.24,-0.07,2.23,0.62,2.61,1.31亿,4.00亿,59.28亿,53.79
159,160,688277,天智航,11.6,2.11,0.24,-0.09,2.11,0.94,6.07,1.12亿,4.49亿,52.13亿,--
160,161,600797,浙大网新,7.92,2.99,0.23,0.25,9.59,0.95,5.07,7.75亿,10.28亿,81.38亿,--
161,162,600900,长江电力,28.41,0.82,0.23,0.04,0.33,0.73,2.06,22.74亿,240.07亿,6820.46亿,18.60
162,163,603855,华荣股份,20.01,1.16,0.23,0.0,0.64,1.06,2.68,0.43亿,3.34亿,66.74亿,15.76
163,164,688306,均普智能,9.35,2.52,0.23,0.21,19.41,0.79,11.73,8.46亿,4.68亿,43.78亿,--
164,165,688697,纽威数控,18.39,1.27,0.23,0.16,1.64,0.96,3.8,0.98亿,3.27亿,60.07亿,19.80
165,166,600012,皖通高速,15.4,1.45,0.22,0.2,0.39,0.68,3.49,0.69亿,11.66亿,179.50亿,15.69
166,167,600279,重庆港,5.56,4.12,0.22,0.0,3.41,1.76,10.11,2.24亿,11.87亿,65.99亿,66.33
167,168,600312,平高电气,18.65,1.19,0.22,0.0,1.04,0.81,3.04,2.60亿,13.57亿,253.07亿,22.15
168,169,600577,精达股份,6.76,3.36,0.22,0.0,10.34,0.9,10.4,14.61亿,21.09亿,142.55亿,25.71
169,170,601111,中国国航,8.69,2.6,0.22,0.12,1.16,1.33,4.96,11.62亿,116.38亿,1011.35亿,79.42
170,171,603258,电魂网络,22.27,1.0,0.22,0.05,2.76,1.48,2.99,1.48亿,2.41亿,53.62亿,54.68
171,172,603901,永创智能,8.95,2.52,0.22,0.11,5.41,0.49,3.55,2.31亿,4.84亿,43.30亿,41.63
172,173,605589,圣泉集团,24.34,0.91,0.22,-0.12,1.9,1.32,4.11,3.62亿,7.79亿,189.50亿,26.61
173,174,600724,宁波富达,6.32,3.44,0.21,0.32,3.12,1.08,5.89,2.85亿,14.45亿,91.32亿,42.81
174,175,603707,健友股份,14.13,1.51,0.21,-0.07,0.39,1.02,2.08,0.89亿,16.16亿,228.29亿,28.26
175,176,688300,联瑞新材,59.21,0.36,0.21,0.02,2.53,0.65,4.2,2.79亿,1.86亿,109.98亿,44.62
176,177,600338,西藏珠峰,13.0,1.56,0.2,0.0,5.01,1.17,3.44,5.99亿,9.14亿,118.85亿,40.66
177,178,600961,株冶集团,8.79,2.33,0.2,0.11,5.01,1.62,5.47,3.32亿,7.52亿,66.08亿,12.16
178,179,601098,中南传媒,13.8,1.47,0.2,0.15,1.22,1.44,3.97,3.00亿,17.96亿,247.85亿,19.43
179,180,601126,四方股份,17.48,1.16,0.2,0.0,0.96,0.91,1.79,1.37亿,8.19亿,143.14亿,17.94
180,181,603108,润达医疗,20.28,1.0,0.2,0.0,8.24,1.22,5.88,10.01亿,5.99亿,121.45亿,180.64
181,182,603112,华翔股份,13.67,1.49,0.2,0.07,0.84,1.32,2.6,0.50亿,4.36亿,59.64亿,14.14
182,183,603979,金诚信,40.97,0.49,0.2,0.0,0.73,0.9,3.73,1.89亿,6.24亿,255.55亿,17.53
183,184,688048,长光华芯,41.75,0.48,0.2,-0.05,4.8,1.55,6.09,2.00亿,1.00亿,41.59亿,--
184,185,600236,桂冠电力,6.9,2.83,0.19,0.0,0.34,0.88,2.68,1.81亿,78.82亿,543.88亿,18.85
185,186,601298,青岛港,8.75,2.22,0.19,0.23,0.5,1.69,4.09,2.37亿,53.92亿,471.81亿,10.84
186,187,601899,紫金矿业,15.88,1.21,0.19,-0.06,0.67,0.89,2.42,22.09亿,205.57亿,3264.46亿,13.00
187,188,603992,松霖科技,20.06,0.96,0.19,-0.1,0.47,1.21,2.52,0.39亿,4.20亿,84.32亿,20.04
188,189,605499,东鹏饮料,221.18,0.09,0.19,-0.15,0.36,0.96,1.94,4.21亿,5.20亿,1150.16亿,31.86
189,190,600452,涪陵电力,10.95,1.67,0.18,-0.09,0.91,0.82,2.41,1.51亿,15.37亿,168.25亿,30.04
190,191,600468,百利电气,5.36,3.48,0.18,-0.19,4.29,2.32,5.41,2.48亿,10.88亿,58.30亿,42.47
191,192,600508,上海能源,13.88,1.31,0.18,0.07,1.55,1.38,2.92,1.55亿,7.23亿,100.31亿,12.03
192,193,600518,康美药业,2.86,6.72,0.18,-0.35,13.15,2.26,8.21,51.81亿,136.13亿,389.33亿,5929.17
193,194,600566,济川药业,29.72,0.61,0.18,0.0,0.45,0.84,2.3,1.23亿,9.16亿,272.16亿,10.8
194,195,600803,新奥股份,18.69,0.97,0.18,-0.11,0.25,0.94,2.0,1.31亿,28.40亿,530.77亿,12.44
195,196,603181,皇马科技,12.89,1.42,0.18,0.16,1.1,0.54,2.83,0.82亿,5.89亿,75.88亿,19.93
196,197,603197,保隆科技,39.28,0.46,0.18,0.1,2.23,1.23,3.1,1.86亿,2.11亿,82.97亿,25.13
197,198,600025,华能水电,9.6,1.8,0.17,0.0,0.23,1.21,3.5,3.87亿,180.00亿,1728.00亿,17.94
198,199,600029,南方航空,7.14,2.44,0.17,0.0,0.89,1.49,4.88,8.01亿,126.73亿,904.88亿,49.38
199,200,601021,春秋航空,57.86,0.29,0.17,0.14,0.49,1.08,2.67,2.80亿,9.79亿,566.19亿,16.31
200,201,603566,普莱柯,13.68,1.26,0.17,-0.07,2.31,1.67,3.11,1.09亿,3.46亿,47.34亿,33.41
201,202,603711,香飘飘,16.07,1.07,0.17,0.5,2.41,0.61,3.77,1.58亿,4.11亿,66.01亿,279.18
202,203,688121,卓然股份,13.25,1.3,0.17,0.0,2.48,1.08,3.29,0.47亿,1.42亿,18.76亿,68.04
203,204,688247,宣泰医药,11.01,1.57,0.17,-0.18,2.97,1.42,2.4,0.47亿,1.42亿,15.67亿,40.44
204,205,600027,华电国际,5.73,2.87,0.16,0.0,1.16,1.41,3.41,5.61亿,85.10亿,487.64亿,8.52
205,206,600350,山东高速,9.82,1.66,0.16,0.0,0.35,1.13,3.52,1.66亿,48.52亿,476.47亿,14.21
206,207,600529,山东药玻,24.53,0.66,0.16,0.0,1.22,0.94,1.07,1.98亿,6.64亿,162.78亿,16.95
207,208,600570,恒生电子,31.27,0.51,0.16,0.03,3.16,1.0,5.01,18.91亿,18.94亿,592.30亿,99.71
208,209,600690,海尔智家,29.4,0.55,0.16,0.0,0.61,1.05,4.24,11.14亿,62.55亿,1838.82亿,13.65
209,210,600817,宇通重工,12.2,1.33,0.16,0.0,1.53,0.91,2.49,0.98亿,5.27亿,64.32亿,37.57
210,211,601088,中国神华,42.5,0.38,0.16,0.07,0.15,0.71,3.47,10.39亿,164.91亿,7008.69亿,13.75
211,212,603055,台华新材,11.95,1.36,0.16,0.0,0.72,1.22,3.39,0.77亿,8.85亿,105.81亿,12.9
212,213,688059,华锐精密,49.16,0.33,0.16,0.04,1.8,1.14,3.53,0.55亿,0.62亿,30.61亿,29.79
213,214,688371,菲沃泰,16.77,0.96,0.16,0.0,1.8,0.88,3.13,0.38亿,1.27亿,21.29亿,155.0
214,215,688566,吉贝尔,24.48,0.66,0.16,-0.2,0.63,1.22,3.0,0.30亿,1.92亿,47.00亿,20.98
215,216,600050,中国联通,5.35,2.88,0.15,0.0,2.17,1.68,5.0,36.25亿,312.80亿,1673.49亿,15.3
216,217,600418,江淮汽车,35.04,0.43,0.15,0.0,4.19,1.01,3.5,32.23亿,21.84亿,765.28亿,91.82
217,218,600458,时代新材,13.32,1.14,0.15,-0.15,0.94,0.63,2.81,1.00亿,8.03亿,106.93亿,27.03
218,219,601216,君正集团,5.78,2.66,0.15,0.0,5.84,2.03,11.19,28.69亿,84.38亿,487.72亿,16.33
219,220,601229,上海银行,8.65,1.76,0.15,-0.12,0.48,1.0,3.53,5.91亿,142.07亿,1228.88亿,5.24
220,221,603565,中谷物流,9.53,1.6,0.15,-0.11,0.63,0.86,2.98,1.26亿,21.00亿,200.14亿,13.54
221,222,603915,国茂股份,12.81,1.19,0.15,-0.16,2.94,0.78,4.58,2.49亿,6.57亿,84.11亿,30.36
222,223,688295,中复神鹰,21.35,0.71,0.15,-0.05,1.83,1.29,3.02,0.56亿,1.45亿,30.88亿,--
223,224,688550,瑞联新材,32.45,0.46,0.15,0.0,1.4,0.89,2.42,0.80亿,1.75亿,56.70亿,22.95
224,225,603170,宝立食品,16.0,0.88,0.14,0.0,2.49,0.86,5.93,0.64亿,1.59亿,25.41亿,27.67
225,226,603505,金石资源,24.99,0.56,0.14,0.0,0.71,0.9,3.46,1.09亿,6.05亿,151.13亿,45.27
226,227,688819,天能股份,28.77,0.49,0.14,0.04,0.27,0.86,1.71,0.74亿,9.72亿,279.67亿,14.33
227,228,600612,老凤祥,51.79,0.25,0.13,0.0,0.59,0.93,2.96,0.98亿,3.17亿,164.23亿,11.44
228,229,600875,东方电气,15.39,0.85,0.13,-0.07,1.02,1.22,1.77,3.18亿,20.24亿,311.43亿,13.71
229,230,600976,健民集团,43.57,0.3,0.13,0.07,1.17,1.02,2.39,0.78亿,1.53亿,66.79亿,15.59
230,231,601069,西部黄金,12.81,1.02,0.13,-0.08,1.86,1.5,1.97,1.64亿,6.84亿,87.62亿,68.54
231,232,601717,郑煤机,13.11,1.0,0.13,0.0,2.21,1.15,2.31,4.45亿,15.42亿,202.18亿,5.74
232,233,603906,龙蟠科技,12.15,1.08,0.13,0.08,4.08,0.7,3.41,2.79亿,5.65亿,68.66亿,--
233,234,603950,长源东谷,16.24,0.81,0.13,0.06,0.93,0.59,2.3,0.48亿,3.24亿,52.64亿,25.46
234,235,605060,联德股份,16.69,0.79,0.13,0.12,0.55,0.93,2.9,0.22亿,2.41亿,40.15亿,20.64
235,236,605319,无锡振华,22.4,0.58,0.13,-0.05,2.18,1.9,4.58,1.07亿,2.14亿,47.86亿,16.78
236,237,688252,天德钰,23.13,0.56,0.13,0.13,2.12,0.72,2.56,0.89亿,1.82亿,42.18亿,36.96
237,238,601811,新华文轩,15.01,0.81,0.12,0.0,0.64,1.16,2.96,0.75亿,7.92亿,118.86亿,15.59
238,239,603026,石大胜华,41.27,0.29,0.12,0.0,2.46,0.75,3.18,2.06亿,2.03亿,83.65亿,556.89
239,240,688443,智翔金泰,29.42,0.41,0.12,-0.2,1.45,0.74,2.97,0.49亿,1.14亿,33.55亿,--
240,241,600075,新疆天业,4.69,2.4,0.11,0.21,1.38,2.09,2.84,1.10亿,17.07亿,80.08亿,595.20
241,242,600509,天富能源,7.06,1.58,0.11,0.0,3.13,0.96,3.02,3.07亿,13.79亿,97.36亿,14.79
242,243,600919,江苏银行,9.16,1.22,0.11,0.11,0.76,0.68,1.77,12.77亿,183.51亿,1680.98亿,4.46
243,244,600963,岳阳林纸,5.22,2.15,0.11,-0.19,2.51,1.23,5.28,2.31亿,17.58亿,91.75亿,--
244,245,601816,京沪高铁,6.36,1.76,0.11,-0.31,0.41,0.71,3.52,12.83亿,491.06亿,3123.17亿,23.39
245,246,601857,中国石油,8.43,1.32,0.11,0.0,0.13,1.0,2.88,17.90亿,1619.22亿,13650.00亿,8.73
246,247,603639,海利尔,13.11,0.85,0.11,0.0,0.76,1.2,1.39,0.34亿,3.40亿,44.53亿,17.07
247,248,603718,海利生物,8.18,1.36,0.11,-0.24,1.78,0.82,3.22,0.94亿,6.44亿,52.68亿,200.08
248,249,688352,颀中科技,13.37,0.83,0.11,-0.08,3.12,0.98,3.09,1.49亿,3.60亿,48.12亿,52.20
249,250,600115,中国东航,4.32,2.37,0.1,0.23,0.7,1.36,2.84,5.16亿,171.15亿,739.35亿,--
250,251,600157,永泰能源,1.95,5.41,0.1,0.0,25.28,4.16,7.57,111.99亿,222.18亿,433.25亿,22.2
251,252,600230,沧州大化,12.1,0.83,0.1,0.0,5.89,2.19,4.83,2.97亿,4.14亿,50.09亿,176.91
252,253,600313,农发种业,7.14,1.42,0.1,0.0,3.6,1.18,2.27,2.76亿,10.82亿,77.27亿,104.67
253,254,600483,福能股份,9.95,1.01,0.1,0.2,0.7,0.64,1.73,1.92亿,27.79亿,276.46亿,11.69
254,255,600497,驰宏锌锗,6.14,1.66,0.1,0.0,3.74,1.2,4.64,11.74亿,50.91亿,312.61亿,15.91
255,256,600955,维远股份,15.18,0.66,0.1,0.0,0.89,1.79,2.12,0.74亿,5.50亿,83.49亿,71.26
256,257,601728,中国电信,6.73,1.51,0.1,0.0,0.73,1.21,2.87,9.88亿,202.53亿,1363.01亿,15.77
257,258,601921,浙版传媒,8.48,1.19,0.1,0.0,11.68,1.58,3.22,4.13亿,4.22亿,35.80亿,32.6
258,259,603031,安孚科技,29.1,0.34,0.1,0.0,1.16,0.56,2.83,0.71亿,2.11亿,61.44亿,30.73
259,260,603223,恒通股份,9.58,1.05,0.1,0.0,1.24,0.63,1.9,0.65亿,5.53亿,53.00亿,52.01
260,261,603663,三祥新材,17.15,0.59,0.1,0.0,3.0,1.21,4.34,2.19亿,4.23亿,72.51亿,70.81
261,262,605376,博迁新材,33.2,0.3,0.1,0.0,1.98,0.66,3.29,1.71亿,2.62亿,86.85亿,76.56
262,263,688182,灿勤科技,19.0,0.53,0.1,-0.11,1.22,0.86,4.55,0.94亿,4.00亿,76.00亿,113.91
263,264,600056,中国医药,11.91,0.76,0.09,0.0,1.85,1.4,2.2,3.29亿,14.95亿,178.10亿,29.88
264,265,600373,中文传媒,13.69,0.66,0.09,0.0,2.9,1.55,4.19,5.32亿,13.55亿,185.51亿,19.78
265,266,600377,宁沪高速,14.13,0.64,0.09,0.0,0.46,0.89,3.42,2.47亿,38.02亿,537.25亿,12.96
266,267,600707,彩虹股份,7.2,1.27,0.09,0.0,1.03,1.16,2.53,2.62亿,35.88亿,258.31亿,15.77
267,268,601136,首创证券,24.61,0.37,0.09,0.04,6.75,0.75,2.28,7.96亿,4.81亿,118.49亿,67.29
268,269,601233,桐昆股份,12.2,0.74,0.09,-0.08,1.05,0.79,2.23,3.08亿,23.96亿,292.30亿,21.91
269,270,601766,中国中车,8.37,1.09,0.09,-0.24,0.36,0.93,2.42,7.30亿,243.28亿,2036.24亿,24.87
270,271,601898,中煤能源,13.09,0.69,0.09,0.08,0.21,0.67,2.69,2.55亿,91.52亿,1198.00亿,8.91
271,272,601965,中国汽研,18.84,0.48,0.09,0.16,0.54,0.76,2.67,1.01亿,9.93亿,187.15亿,21.16
272,273,603098,森特股份,11.04,0.82,0.09,0.0,1.18,0.92,2.56,0.70亿,5.39亿,59.48亿,60.41
273,274,603218,日月股份,13.15,0.69,0.09,0.0,1.08,0.76,2.3,1.46亿,10.27亿,135.03亿,20.07
274,275,603738,泰晶科技,16.16,0.56,0.09,0.06,3.51,0.97,2.37,2.21亿,3.89亿,62.91亿,55.89
275,276,603876,鼎胜新材,9.95,0.91,0.09,0.1,3.03,1.03,2.33,2.67亿,8.87亿,88.30亿,29.55
276,277,605099,共创草坪,19.6,0.46,0.09,0.05,0.23,0.99,1.33,0.18亿,4.00亿,78.42亿,15.0
277,278,688484,南芯科技,40.05,0.23,0.09,0.05,4.35,0.94,3.75,5.03亿,2.91亿,116.57亿,47.02
278,279,600160,巨化股份,22.3,0.36,0.08,-0.13,0.9,1.1,4.09,5.46亿,27.00亿,602.04亿,35.91
279,280,600188,兖矿能源,15.01,0.54,0.08,0.0,0.45,0.93,1.88,3.93亿,58.87亿,883.66亿,9.91
280,281,600288,大恒科技,10.1,0.8,0.08,0.1,9.95,0.96,5.39,4.38亿,4.37亿,44.12亿,--
281,282,600820,隧道股份,6.91,1.17,0.08,0.0,1.04,1.27,2.2,2.25亿,31.44亿,217.26亿,10.87
282,283,600866,星湖科技,6.97,1.16,0.08,-0.14,4.42,1.4,2.76,3.42亿,11.09亿,77.32亿,12.82
283,284,601163,三角轮胎,15.66,0.51,0.08,-0.06,1.07,0.91,2.18,1.35亿,8.00亿,125.28亿,10.63
284,285,601179,中国西电,7.81,1.03,0.08,0.0,1.17,1.08,3.1,4.68亿,51.26亿,400.33亿,38.16
285,286,601198,东兴证券,11.73,0.69,0.08,0.09,1.91,1.19,2.75,7.23亿,32.32亿,379.17亿,30.16
286,287,601636,旗滨集团,6.13,1.32,0.08,-0.16,1.71,1.55,3.47,2.81亿,26.84亿,164.50亿,17.65
287,288,603938,三孚股份,12.26,0.66,0.08,0.08,0.83,1.36,1.81,0.39亿,3.83亿,46.91亿,69.62
288,289,688046,药康生物,14.84,0.54,0.08,-0.07,2.72,1.56,5.35,0.83亿,2.04亿,30.26亿,46.46
289,290,688526,科前生物,15.6,0.52,0.08,0.84,0.49,0.97,2.0,0.35亿,4.66亿,72.72亿,20.93
290,291,688533,上声电子,34.62,0.23,0.08,-0.03,1.03,0.69,2.98,0.58亿,1.63亿,56.38亿,22.3
291,292,600023,浙能电力,5.72,1.24,0.07,0.0,0.42,1.0,2.48,3.19亿,134.09亿,766.98亿,8.59
292,293,600026,中远海能,12.72,0.55,0.07,0.0,0.81,1.24,2.21,3.59亿,34.75亿,441.99亿,13.33
293,294,600143,金发科技,8.92,0.79,0.07,0.0,0.9,1.17,1.92,2.09亿,25.97亿,231.67亿,25.82
294,295,600299,安迪苏,11.15,0.63,0.07,-0.18,0.3,1.28,2.53,0.90亿,26.82亿,299.03亿,22.35
295,296,600846,同济科技,9.36,0.75,0.07,0.21,1.31,0.7,2.15,0.76亿,6.25亿,58.48亿,14.3
296,297,600941,中国移动,107.29,0.07,0.07,0.0,1.47,1.06,2.07,11.97亿,7.59亿,813.93亿,15.59
297,298,601133,柏诚股份,12.32,0.57,0.07,0.0,10.3,1.16,2.86,1.87亿,1.48亿,18.17亿,30.7
298,299,601169,北京银行,5.87,1.21,0.07,0.0,0.6,1.08,2.59,7.49亿,211.43亿,1241.09亿,4.51
299,300,601949,中国出版,8.67,0.81,0.07,0.0,3.71,1.07,4.54,5.85亿,18.23亿,158.01亿,39.55
300,301,601985,中国核电,9.99,0.71,0.07,0.0,0.5,0.76,1.61,9.47亿,188.83亿,1886.44亿,15.84
301,302,603255,鼎际得,33.95,0.21,0.07,0.0,2.96,0.72,3.72,0.62亿,0.61亿,20.60亿,318.40
302,303,603638,艾迪精密,17.27,0.41,0.07,0.0,0.45,0.89,1.57,0.64亿,8.38亿,144.78亿,38.70
303,304,605005,合兴股份,16.83,0.42,0.07,0.12,0.44,1.16,2.27,0.30亿,4.01亿,67.49亿,25.75
304,305,605377,华旺科技,13.17,0.53,0.07,0.08,0.83,0.9,1.22,0.51亿,4.65亿,61.20亿,11.24
305,306,688238,和元生物,5.91,1.2,0.07,0.0,5.29,1.89,6.16,1.49亿,4.67亿,27.58亿,--
306,307,600011,华能国际,7.19,0.84,0.06,0.14,0.55,1.9,2.38,4.32亿,109.98亿,790.74亿,8.13
307,308,600028,中国石化,6.47,0.94,0.06,0.0,0.14,0.78,1.72,8.46亿,948.42亿,6136.27亿,13.33
308,309,600084,中信尼雅,6.24,0.97,0.06,0.0,0.41,1.16,3.4,0.28亿,11.24亿,70.12亿,12916.90
309,310,600406,国电南瑞,24.92,0.24,0.06,0.0,0.22,0.73,1.45,4.43亿,79.84亿,1989.73亿,33.57
310,311,600620,天宸股份,6.75,0.9,0.06,0.15,4.78,1.73,9.12,2.14亿,6.87亿,46.35亿,--
311,312,600642,申能股份,8.86,0.68,0.06,0.0,0.56,0.81,2.16,2.42亿,48.79亿,432.28亿,9.91
312,313,601279,英利汽车,4.36,1.4,0.06,0.0,1.26,1.51,3.26,0.87亿,15.86亿,69.14亿,116.67
313,314,601288,农业银行,5.01,1.21,0.06,0.0,0.16,1.27,2.63,25.29亿,3192.44亿,15994.10亿,6.13
314,315,601319,中国人保,7.52,0.8,0.06,0.27,0.22,1.43,2.28,5.96亿,354.98亿,2669.43亿,6.87
315,316,601512,中新集团,8.24,0.73,0.06,-0.12,0.58,1.25,3.18,0.71亿,14.99亿,123.51亿,13.78
316,317,601678,滨化股份,4.16,1.46,0.06,0.0,2.56,1.8,4.39,2.20亿,20.58亿,85.61亿,33.93
317,318,601838,成都银行,16.21,0.37,0.06,0.0,0.67,0.82,1.67,4.11亿,38.07亿,617.05亿,5.13
318,319,603075,热威股份,20.11,0.3,0.06,-0.05,3.01,0.79,1.5,0.24亿,0.40亿,8.05亿,26.54
319,320,603408,建霖家居,12.61,0.48,0.06,-0.16,0.67,0.98,2.15,0.38亿,4.48亿,56.44亿,10.67
320,321,603439,贵州三力,14.12,0.43,0.06,-0.07,1.36,0.9,2.06,0.77亿,4.04亿,57.02亿,22.36
321,322,605599,菜百股份,11.42,0.53,0.06,0.09,0.75,1.02,1.41,0.67亿,7.78亿,88.82亿,12.02
322,323,688472,阿特斯,14.71,0.41,0.06,0.27,2.62,1.0,2.59,5.29亿,13.82亿,203.28亿,20.82
323,324,600035,楚天高速,4.54,1.11,0.05,0.22,1.77,1.29,3.34,1.29亿,16.10亿,73.10亿,8.27
324,325,600096,云天化,21.64,0.23,0.05,0.05,1.09,0.88,1.39,4.33亿,18.34亿,396.95亿,6.73
325,326,600150,中国船舶,35.6,0.14,0.05,0.0,0.81,0.97,1.77,12.89亿,44.72亿,1592.18亿,52.59
326,327,600328,中盐化工,8.37,0.6,0.05,0.12,1.55,1.58,2.16,1.91亿,14.61亿,122.27亿,16.1
327,328,600429,三元股份,4.65,1.09,0.05,0.22,1.82,2.32,5.22,1.27亿,14.98亿,69.64亿,50.87
328,329,600557,康缘药业,15.12,0.33,0.05,0.07,1.89,1.07,2.46,1.66亿,5.78亿,87.47亿,18.47
329,330,600596,新安股份,9.0,0.56,0.05,0.0,1.26,0.71,1.79,1.46亿,12.93亿,116.37亿,66.49
330,331,600641,万业企业,16.54,0.3,0.05,0.0,2.04,0.61,3.64,3.15亿,9.31亿,153.93亿,--
331,332,600811,东方集团,3.3,1.54,0.05,0.0,10.1,0.63,5.85,12.17亿,36.59亿,120.74亿,69.00
332,333,600982,宁波能源,4.14,1.22,0.05,0.24,1.98,1.58,1.96,0.91亿,11.18亿,46.27亿,17.59
333,334,601166,兴业银行,18.54,0.27,0.05,-0.05,0.28,0.93,1.41,10.83亿,207.74亿,3851.56亿,4.58
334,335,601333,广深铁路,3.6,1.41,0.05,0.0,1.44,1.25,2.82,2.89亿,56.52亿,203.48亿,15.82
335,336,601665,齐鲁银行,5.29,0.95,0.05,0.19,0.5,0.86,1.91,1.28亿,48.35亿,255.77亿,5.57
336,337,601958,金钼股份,10.63,0.47,0.05,0.0,0.72,1.63,1.61,2.47亿,32.27亿,342.99亿,11.72
337,338,601988,中国银行,5.15,0.98,0.05,-0.19,0.1,1.12,1.96,10.76亿,2107.66亿,10854.40亿,6.47
338,339,601991,大唐发电,2.96,1.72,0.05,0.34,1.14,1.51,2.06,4.18亿,123.96亿,366.92亿,9.28
339,340,603132,金徽股份,11.89,0.42,0.05,0.08,1.87,1.21,2.11,0.36亿,1.60亿,18.98亿,24.92
340,341,603187,海容冷链,11.62,0.43,0.05,0.0,1.41,1.24,1.64,0.63亿,3.86亿,44.89亿,12.38
341,342,603533,掌阅科技,22.85,0.22,0.05,0.18,7.67,0.99,5.26,7.72亿,4.39亿,100.29亿,--
342,343,688298,东方生物,32.6,0.15,0.05,-0.09,1.84,1.07,3.44,1.22亿,2.02亿,65.72亿,--
343,344,600015,华夏银行,7.82,0.51,0.04,0.26,0.25,0.63,1.93,2.97亿,153.87亿,1203.28亿,5.04
344,345,600177,雅戈尔,8.09,0.5,0.04,0.0,0.45,0.8,1.74,1.70亿,46.23亿,374.04亿,11.17
345,346,600267,海正药业,8.65,0.47,0.04,0.12,1.09,1.17,1.97,1.13亿,11.98亿,103.64亿,15.21
346,347,600368,五洲交通,4.06,0.99,0.04,0.0,1.87,1.11,1.49,1.22亿,16.10亿,65.35亿,8.65
347,348,600409,三友化工,5.84,0.69,0.04,0.0,1.97,1.63,2.59,2.38亿,20.64亿,120.56亿,22.91
348,349,600420,国药现代,12.32,0.33,0.04,0.0,0.96,1.01,1.55,1.59亿,13.41亿,165.23亿,12.98
349,350,600531,豫光金铅,6.97,0.58,0.04,-0.14,2.4,1.41,2.6,1.83亿,10.90亿,75.99亿,10.29
350,351,600629,华建集团,7.84,0.51,0.04,-0.13,3.96,1.08,4.49,2.93亿,9.45亿,74.06亿,22.70
351,352,600691,阳煤化工,2.79,1.46,0.04,-0.36,5.64,2.92,7.64,3.78亿,23.76亿,66.28亿,--
352,353,600916,中国黄金,8.89,0.45,0.04,0.0,1.48,1.51,1.81,2.22亿,16.80亿,149.35亿,15.02
353,354,600973,宝胜股份,4.47,0.9,0.04,0.0,1.54,0.83,1.81,0.94亿,13.71亿,61.30亿,184.00
354,355,601238,广汽集团,9.72,0.41,0.04,0.0,1.24,0.57,2.79,8.93亿,73.63亿,715.65亿,626.64
355,356,601668,中国建筑,6.1,0.66,0.04,-0.16,0.6,1.35,1.98,15.21亿,413.20亿,2520.54亿,4.79
356,357,601872,招商轮船,6.41,0.63,0.04,0.0,0.74,1.04,1.88,3.84亿,81.44亿,522.02亿,11.62
357,358,601963,重庆银行,9.4,0.43,0.04,0.32,0.64,0.61,2.99,1.12亿,18.76亿,176.34亿,5.53
358,359,605388,均瑶健康,7.04,0.57,0.04,0.14,3.38,0.53,3.0,1.42亿,6.00亿,42.27亿,64.15
359,360,600017,日照港,3.42,0.89,0.03,-0.29,2.18,1.3,3.25,2.30亿,30.76亿,105.19亿,12.42
360,361,600019,宝钢股份,6.95,0.43,0.03,0.0,0.34,0.93,1.16,5.20亿,218.58亿,1519.13亿,19.48
361,362,600020,中原高速,4.31,0.7,0.03,0.0,0.85,1.0,1.64,0.83亿,22.47亿,96.86亿,8.83
362,363,600233,圆通速递,14.57,0.21,0.03,0.0,0.55,0.84,1.86,2.76亿,34.45亿,501.99亿,12.85
363,364,600282,南钢股份,4.48,0.67,0.03,0.22,0.66,1.09,2.7,1.81亿,61.65亿,276.20亿,11.81
364,365,600623,华谊集团,7.31,0.41,0.03,0.0,1.34,1.17,2.47,1.84亿,18.67亿,136.46亿,19.38
365,366,600674,川投能源,17.04,0.18,0.03,0.0,0.67,0.45,1.59,5.58亿,48.75亿,830.63亿,14.09
366,367,600748,上实发展,4.02,0.75,0.03,0.0,2.83,1.22,6.27,2.13亿,18.45亿,74.15亿,--
367,368,600795,国电电力,4.73,0.64,0.03,-0.21,0.51,1.01,1.28,4.30亿,178.36亿,843.62亿,6.88
368,369,600863,内蒙华电,4.41,0.69,0.03,0.23,1.06,1.0,1.83,3.05亿,65.27亿,287.84亿,8.74
369,370,600956,新天绿能,7.8,0.39,0.03,0.0,0.28,1.07,1.42,0.47亿,21.65亿,168.90亿,16.45
370,371,600971,恒源煤电,9.68,0.31,0.03,0.1,1.05,1.0,1.45,1.22亿,12.00亿,116.16亿,9.22
371,372,601018,宁波港,3.93,0.77,0.03,-0.25,0.29,1.16,2.05,1.81亿,158.07亿,621.23亿,13.96
372,373,601058,赛轮轮胎,14.55,0.21,0.03,0.0,0.83,0.57,1.17,3.97亿,32.88亿,478.42亿,11.06
373,374,601328,交通银行,7.4,0.41,0.03,0.14,0.36,0.93,1.49,10.32亿,392.51亿,2904.56亿,6.00
374,375,601929,吉视传媒,2.35,1.29,0.03,-0.42,21.25,1.65,13.79,17.56亿,34.90亿,82.01亿,--
375,376,601998,中信银行,7.29,0.41,0.03,-0.14,0.13,0.61,2.07,3.80亿,392.16亿,2858.83亿,5.71
376,377,603156,养元饮品,21.41,0.14,0.03,-0.05,0.25,0.81,1.45,0.67亿,12.65亿,270.94亿,16.53
377,378,603169,兰石重装,6.02,0.5,0.03,0.0,1.94,1.08,2.17,1.52亿,13.06亿,78.64亿,61.12
378,379,603800,洪田股份,25.23,0.12,0.03,-0.12,1.98,1.14,3.77,1.03亿,2.08亿,52.48亿,46.23
379,380,603889,新澳股份,7.11,0.42,0.03,0.0,0.8,1.33,1.41,0.41亿,7.16亿,50.94亿,10.53
380,381,605018,长华集团,9.87,0.3,0.03,-0.2,4.94,1.35,9.65,2.34亿,4.70亿,46.40亿,38.77
381,382,605222,起帆电缆,16.65,0.18,0.03,0.06,0.63,0.58,1.69,0.43亿,4.13亿,68.75亿,24.84
382,383,688388,嘉元科技,16.22,0.18,0.03,0.0,2.54,0.83,4.94,1.79亿,4.26亿,69.14亿,--
383,384,600063,皖维高新,4.45,0.45,0.02,0.0,1.38,1.03,2.94,1.18亿,19.26亿,85.70亿,35.08
384,385,600166,福田汽车,2.8,0.72,0.02,0.0,2.82,1.14,2.88,5.14亿,64.89亿,181.69亿,38.47
385,386,600226,亨通股份,2.68,0.75,0.02,-0.37,2.12,1.3,3.38,1.74亿,30.59亿,81.98亿,32.81
386,387,600269,赣粤高速,5.45,0.37,0.02,0.0,0.68,0.74,1.47,0.87亿,23.35亿,127.28亿,8.29
387,388,600307,酒钢宏兴,1.86,1.09,0.02,0.0,3.98,2.38,9.78,4.74亿,62.63亿,116.50亿,--
388,389,600339,中油工程,3.89,0.52,0.02,-0.26,1.07,0.91,2.84,2.34亿,55.83亿,217.18亿,25.76
389,390,600352,浙江龙盛,10.4,0.19,0.02,0.1,0.75,0.95,1.73,2.54亿,32.53亿,338.35亿,18.75
390,391,600488,津药药业,4.68,0.43,0.02,0.0,0.86,1.03,2.36,0.44亿,10.92亿,51.10亿,20.53
391,392,600546,山煤国际,13.0,0.15,0.02,0.08,0.83,0.74,1.77,2.12亿,19.82亿,257.72亿,9.29
392,393,600551,时代出版,9.46,0.21,0.02,0.0,1.87,1.34,3.28,1.20亿,6.78亿,64.14亿,18.4
393,394,600601,方正科技,4.48,0.45,0.02,0.0,3.89,0.4,4.04,7.29亿,41.70亿,186.83亿,66.75
394,395,600884,杉杉股份,8.76,0.23,0.02,0.0,1.49,1.0,1.83,2.29亿,17.57亿,153.93亿,637.78
395,396,600928,西安银行,3.79,0.53,0.02,0.27,0.68,1.47,2.12,1.14亿,44.21亿,167.56亿,6.56
396,397,601065,江盐集团,9.26,0.22,0.02,0.0,1.84,1.09,1.41,0.71亿,4.16亿,38.55亿,12.51
397,398,601077,渝农商行,5.81,0.34,0.02,-0.17,0.92,0.79,2.76,4.73亿,88.38亿,513.47亿,4.8
398,399,601156,东航物流,15.99,0.12,0.02,-0.06,1.07,0.71,2.38,1.63亿,9.45亿,151.04亿,9.21
399,400,601577,长沙银行,8.82,0.23,0.02,0.11,0.4,0.67,1.59,1.41亿,40.21亿,354.62亿,4.3
400,401,601598,中国外运,5.34,0.38,0.02,0.0,0.59,0.82,1.5,1.66亿,52.56亿,280.67亿,10.34
401,402,601609,金田股份,6.1,0.33,0.02,0.0,0.78,1.0,1.81,0.70亿,14.78亿,90.19亿,23.50
402,403,601666,平煤股份,10.44,0.19,0.02,0.1,1.36,0.94,2.02,3.49亿,24.69亿,257.80亿,9.48
403,404,601916,浙商银行,2.97,0.68,0.02,0.34,0.6,1.04,1.02,3.85亿,215.44亿,639.87亿,4.74
404,405,603610,麒盛科技,10.4,0.19,0.02,0.1,1.32,0.77,1.93,0.49亿,3.58亿,37.28亿,18.50
405,406,603693,江苏新能,10.38,0.19,0.02,0.0,0.4,0.94,1.83,0.37亿,8.91亿,92.54亿,16.37
406,407,605008,长鸿高科,12.72,0.16,0.02,0.08,0.88,1.71,3.31,0.72亿,6.42亿,81.71亿,60.08
407,408,605365,立达信,16.05,0.12,0.02,0.0,0.46,0.88,1.87,0.37亿,5.02亿,80.57亿,21.67
408,409,688469,芯联集成,5.97,0.34,0.02,0.0,2.42,0.64,2.35,6.33亿,43.96亿,262.44亿,--
409,410,688512,慧智微,12.11,0.17,0.02,-0.08,4.17,0.68,3.39,1.35亿,2.69亿,32.57亿,--
410,411,600007,中国国贸,22.8,0.04,0.01,0.0,0.4,0.73,1.27,0.92亿,10.07亿,229.66亿,16.91
411,412,600009,上海机场,35.53,0.03,0.01,-0.11,0.53,1.31,1.69,3.62亿,19.19亿,681.71亿,55.19
412,413,600016,民生银行,4.07,0.25,0.01,-0.25,0.57,0.89,1.48,8.19亿,354.62亿,1443.31亿,4.38
413,414,600018,上港集团,5.9,0.17,0.01,-0.17,0.14,1.01,1.36,1.96亿,232.15亿,1369.66亿,8.72
414,415,600033,福建高速,3.73,0.27,0.01,0.0,1.05,0.94,1.61,1.07亿,27.44亿,102.37亿,9.68
415,416,600098,广州发展,6.71,0.15,0.01,0.0,0.66,0.83,1.34,1.54亿,34.99亿,234.77亿,11.12
416,417,600170,上海建工,2.84,0.35,0.01,0.0,3.83,1.52,4.24,9.74亿,88.86亿,252.36亿,14.01
417,418,600201,生物股份,6.99,0.14,0.01,0.0,1.6,0.87,1.72,1.25亿,11.20亿,78.31亿,34.64
418,419,600305,恒顺醋业,8.26,0.12,0.01,0.12,0.83,0.79,1.82,0.76亿,11.03亿,91.11亿,57.18
419,420,600380,健康元,11.57,0.09,0.01,-0.09,0.96,1.26,1.82,2.08亿,18.74亿,216.84亿,14.63
420,421,600449,宁夏建材,14.99,0.07,0.01,0.07,2.68,1.21,2.87,1.93亿,4.78亿,71.68亿,31.47
421,422,600496,精工钢构,3.33,0.3,0.01,0.0,2.04,1.11,2.71,1.36亿,20.13亿,67.03亿,10.57
422,423,600510,黑牡丹,5.41,0.18,0.01,0.19,4.36,2.23,5.56,2.43亿,10.32亿,55.83亿,52.76
423,424,600572,康恩贝,4.85,0.21,0.01,0.0,1.97,1.41,2.69,2.45亿,25.63亿,124.32亿,18.03
424,425,600583,海油工程,5.48,0.18,0.01,-0.18,0.64,0.83,1.46,1.56亿,44.21亿,242.29亿,10.42
425,426,600726,华电能源,2.53,0.4,0.01,0.0,3.06,1.73,5.16,2.13亿,27.47亿,69.51亿,33.14
426,427,600905,三峡能源,4.62,0.22,0.01,-0.22,0.34,1.1,1.08,4.46亿,285.86亿,1320.67亿,19.47
427,428,600965,福成股份,4.58,0.22,0.01,0.0,2.07,1.2,6.35,0.78亿,8.19亿,37.50亿,97.19
428,429,601008,连云港,4.14,0.24,0.01,0.0,1.08,0.74,1.94,0.55亿,12.41亿,51.36亿,26.88
429,430,601139,深圳燃气,7.23,0.14,0.01,0.14,0.55,0.88,1.11,1.15亿,28.77亿,207.99亿,14.78
430,431,601187,厦门银行,5.82,0.17,0.01,0.17,2.02,0.85,1.21,1.51亿,12.84亿,74.73亿,5.96
431,432,601528,瑞丰银行,5.73,0.17,0.01,0.18,1.05,0.94,1.92,1.03亿,17.05亿,97.72亿,5.85
432,433,601658,邮储银行,5.55,0.18,0.01,0.0,0.17,0.74,1.99,6.52亿,671.22亿,3725.29亿,5.44
433,434,601686,友发集团,5.77,0.17,0.01,0.0,0.3,1.17,1.39,0.25亿,14.32亿,82.62亿,61.69
434,435,601718,际华集团,3.18,0.32,0.01,0.0,3.72,2.69,8.52,5.35亿,43.92亿,139.65亿,--
435,436,601818,光大银行,3.74,0.27,0.01,0.0,0.31,0.83,1.88,5.34亿,464.07亿,1735.61亿,4.31
436,437,601865,福莱特,24.17,0.04,0.01,-0.08,0.77,0.8,3.56,3.55亿,19.00亿,459.25亿,32.78
437,438,601919,中远海控,14.15,0.07,0.01,-0.07,0.48,0.83,1.34,8.57亿,127.61亿,1805.69亿,4.44
438,439,601992,金隅集团,2.07,0.48,0.01,0.0,2.08,2.0,7.77,3.64亿,83.34亿,172.52亿,--
439,440,601997,贵阳银行,6.13,0.16,0.01,0.16,0.89,0.86,1.31,2.01亿,36.56亿,224.12亿,4.23
440,441,603065,宿迁联盛,8.71,0.12,0.01,0.0,2.21,1.12,1.38,0.38亿,1.97亿,17.13亿,233.24
441,442,603208,江山欧派,19.82,0.05,0.01,0.0,0.59,0.78,2.02,0.21亿,1.77亿,35.12亿,16.10
442,443,603606,东方电缆,57.46,0.02,0.01,0.0,0.58,0.64,2.14,2.29亿,6.88亿,395.16亿,31.80
443,444,688176,亚虹医药,7.75,0.13,0.01,0.0,1.85,1.23,2.2,0.53亿,3.71亿,28.79亿,--
444,445,688378,奥来德,24.55,0.04,0.01,-0.08,1.64,0.68,3.71,0.81亿,2.01亿,49.40亿,37.85
445,446,688489,三未信安,39.73,0.03,0.01,-0.05,2.97,1.58,5.31,0.61亿,0.51亿,20.08亿,240.56
446,447,688505,复旦张江,8.58,0.12,0.01,-0.12,0.54,1.24,2.1,0.33亿,7.11亿,60.97亿,77.14
447,448,600008,首创环保,3.36,0.0,0.0,0.3,1.51,1.16,2.98,3.74亿,73.41亿,246.64亿,5.69
448,449,600021,上海电力,9.57,0.0,0.0,0.0,1.07,0.87,1.46,2.67亿,26.17亿,250.46亿,8.22
449,450,600036,招商银行,37.7,0.0,0.0,0.03,0.24,0.77,1.7,18.60亿,206.29亿,7777.11亿,6.30
450,451,600216,浙江医药,16.65,0.0,0.0,0.06,1.72,0.74,2.46,2.75亿,9.62亿,160.11亿,14.13
451,452,600221,海航控股,1.95,0.0,0.0,0.0,4.19,0.71,5.13,27.08亿,328.73亿,641.02亿,29.09
452,453,600335,国机汽车,6.78,0.0,0.0,0.0,1.46,1.02,2.21,1.48亿,14.96亿,101.41亿,24.80
453,454,600481,双良节能,6.88,0.0,0.0,-0.29,4.11,0.65,4.51,5.22亿,18.71亿,128.70亿,--
454,455,600502,安徽建工,4.99,0.0,0.0,0.0,1.63,1.08,2.0,1.40亿,17.17亿,85.66亿,6.68
455,456,600507,方大特钢,4.37,0.0,0.0,0.0,1.05,0.96,2.06,1.06亿,23.13亿,101.09亿,40.12
456,457,600525,长园集团,5.72,0.0,0.0,-0.18,1.04,0.92,2.97,0.79亿,13.15亿,75.19亿,--
457,458,600589,大位科技,5.0,0.0,0.0,0.0,3.04,0.41,3.6,2.24亿,14.78亿,73.92亿,--
458,459,600681,百川能源,3.75,0.0,0.0,-0.27,1.26,1.34,1.87,0.63亿,13.40亿,50.24亿,21.90
459,460,600688,上海石化,3.17,0.0,0.0,-0.31,0.56,1.12,3.15,1.30亿,73.29亿,232.32亿,734.83
460,461,600780,通宝能源,6.11,0.0,0.0,-0.16,0.97,1.04,1.64,0.68亿,11.46亿,70.05亿,13.67
461,462,600782,新钢股份,4.02,0.0,0.0,0.25,1.42,1.04,3.23,1.80亿,31.46亿,126.45亿,--
462,463,600871,石化油服,2.24,0.0,0.0,-0.44,1.26,1.51,5.36,3.89亿,135.69亿,303.95亿,47.15
463,464,600888,新疆众和,7.5,0.0,0.0,-0.13,1.27,1.27,1.47,1.32亿,13.76亿,103.21亿,8.87
464,465,601000,唐山港,4.54,0.0,0.0,0.0,0.6,0.61,1.76,1.62亿,59.26亿,269.04亿,12.76
465,466,601003,柳钢股份,3.14,0.0,0.0,0.0,0.8,1.22,3.5,0.65亿,25.63亿,80.47亿,--
466,467,601005,重庆钢铁,1.68,0.0,0.0,-0.59,5.06,1.74,8.33,7.27亿,83.80亿,140.79亿,--
467,468,601006,大秦铁路,6.94,0.0,0.0,0.0,0.37,0.97,1.15,4.67亿,182.83亿,1268.85亿,11.06
468,469,601398,工商银行,6.32,0.0,0.0,-0.16,0.12,1.03,1.42,19.83亿,2696.12亿,17039.50亿,6.28
469,470,601600,中国铝业,7.64,0.0,0.0,0.0,1.17,0.97,1.96,11.77亿,131.23亿,1002.60亿,10.90
470,471,601677,明泰铝业,12.52,0.0,0.0,-0.08,1.94,0.91,1.76,2.90亿,11.92亿,149.30亿,8.28
471,472,601860,紫金银行,2.96,0.0,0.0,0.0,2.88,1.42,2.03,3.03亿,35.41亿,104.80亿,6.01
472,473,601868,中国能建,2.4,0.0,0.0,0.42,1.12,1.28,2.5,8.79亿,324.29亿,778.29亿,20.82
473,474,601890,亚星锚链,8.47,0.0,0.0,0.0,2.61,0.42,2.48,2.12亿,9.59亿,81.26亿,31.55
474,475,603071,物产环能,12.85,0.0,0.0,0.0,1.21,1.23,1.17,0.37亿,2.38亿,30.54亿,10.09
475,476,603162,海通发展,9.55,0.0,0.0,-0.11,1.32,0.64,1.78,0.34亿,2.73亿,26.08亿,16.00
476,477,603212,赛伍技术,12.07,0.0,0.0,0.0,1.99,0.94,2.24,1.05亿,4.37亿,52.81亿,--
477,478,603277,银都股份,24.25,0.0,0.0,0.0,0.2,0.82,1.44,0.20亿,4.21亿,101.97亿,16.12
478,479,688733,壹石通,25.4,0.0,0.0,-0.04,5.37,0.9,10.63,2.81亿,2.00亿,50.74亿,257.84
479,480,600004,白云机场,9.85,-0.1,-0.01,0.0,0.69,1.1,1.42,1.61亿,23.67亿,233.12亿,26.18
480,481,600039,四川路桥,7.71,-0.13,-0.01,0.0,0.35,0.63,1.55,1.83亿,67.00亿,516.58亿,10.55
481,482,600059,古越龙山,9.07,-0.11,-0.01,-0.11,1.22,1.09,1.76,1.01亿,9.12亿,82.68亿,46.05
482,483,600251,冠农股份,7.81,-0.13,-0.01,0.0,1.14,0.8,1.79,0.69亿,7.77亿,60.68亿,13.71
483,484,600252,中恒集团,2.89,-0.34,-0.01,0.35,3.65,1.71,5.52,3.67亿,34.25亿,98.99亿,663.82
484,485,600348,华阳股份,7.55,-0.13,-0.01,-0.13,0.82,0.98,1.32,2.23亿,36.08亿,272.37亿,11.23
485,486,600459,贵研铂业,14.15,-0.07,-0.01,0.07,1.02,0.99,1.98,1.09亿,7.48亿,105.80亿,18.13
486,487,600490,鹏欣资源,3.4,-0.29,-0.01,0.0,3.19,1.19,4.4,2.17亿,19.93亿,67.75亿,--
487,488,600516,方大炭素,5.26,-0.19,-0.01,0.0,0.75,0.8,2.09,1.59亿,40.26亿,211.77亿,61.89
488,489,600578,京能电力,3.69,-0.27,-0.01,-0.27,0.47,0.92,1.89,1.16亿,66.95亿,247.03亿,13.09
489,490,600617,国新能源,3.16,-0.32,-0.01,0.0,1.95,1.18,4.42,1.10亿,17.76亿,56.11亿,--
490,491,600667,太极实业,7.68,-0.13,-0.01,-0.13,3.07,0.95,3.77,4.99亿,21.06亿,161.75亿,23.64
491,492,600901,江苏金租,5.2,-0.19,-0.01,0.39,0.57,0.79,1.73,1.72亿,57.90亿,301.08亿,10.14
492,493,600929,雪天盐业,5.97,-0.17,-0.01,0.0,1.13,1.02,2.01,0.84亿,12.41亿,74.11亿,21.92
493,494,600968,海油发展,4.16,-0.24,-0.01,0.24,0.31,0.62,1.68,1.33亿,101.65亿,422.87亿,11.8
494,495,600998,九州通,5.39,-0.18,-0.01,0.19,0.86,1.62,5.37,2.39亿,50.42亿,271.79亿,12.02
495,496,601009,南京银行,10.57,-0.1,-0.01,0.0,0.34,0.73,1.23,3.50亿,96.44亿,1019.38亿,5.13
496,497,601089,福元医药,16.06,-0.06,-0.01,0.0,1.65,1.58,1.49,0.55亿,2.05亿,32.98亿,14.42
497,498,601128,常熟银行,7.69,-0.13,-0.01,0.13,0.93,1.09,2.34,2.17亿,30.15亿,231.85亿,5.84
498,499,601199,江南水务,5.88,-0.17,-0.01,0.0,1.14,0.91,1.87,0.63亿,9.35亿,54.99亿,15.19
499,500,601326,秦港股份,3.54,-0.28,-0.01,-0.28,0.67,1.39,2.25,1.13亿,47.58亿,168.42亿,11.08
500,501,601399,国机重装,3.52,-0.28,-0.01,0.57,1.03,1.37,3.68,2.63亿,72.14亿,253.92亿,45.96
501,502,601500,通用股份,5.2,-0.19,-0.01,0.19,2.56,1.52,3.07,2.11亿,15.77亿,82.00亿,16.32
502,503,601618,中国中冶,3.41,-0.29,-0.01,0.0,0.56,1.05,1.75,3.40亿,178.53亿,608.77亿,7.76
503,504,601778,晶科科技,3.14,-0.32,-0.01,0.32,2.72,1.34,4.44,3.06亿,35.71亿,112.13亿,38.26
504,505,601880,辽港股份,1.73,-0.57,-0.01,0.0,2.48,2.13,8.05,8.19亿,187.47亿,324.32亿,32.8
505,506,601989,中国重工,4.86,-0.2,-0.01,0.0,0.39,0.91,1.23,4.29亿,228.02亿,1108.18亿,89.03
506,507,603135,中重科技,10.12,-0.1,-0.01,0.1,2.63,0.76,3.06,0.68亿,2.53亿,25.57亿,698.47
507,508,603323,苏农银行,5.28,-0.19,-0.01,0.0,1.56,0.92,1.32,1.51亿,18.35亿,96.89亿,4.47
508,509,603680,今创集团,9.34,-0.11,-0.01,0.22,0.37,0.79,2.35,0.27亿,7.84亿,73.20亿,18.92
509,510,603687,大胜达,8.2,-0.12,-0.01,0.0,1.08,0.64,1.71,0.49亿,5.47亿,44.81亿,40.89
510,511,605007,五洲特纸,13.5,-0.07,-0.01,0.22,0.64,1.25,1.48,0.35亿,4.02亿,54.21亿,12.51
511,512,605050,福然德,10.34,-0.1,-0.01,-0.1,1.09,0.58,2.51,0.56亿,4.93亿,50.96亿,18.90
512,513,688538,和辉光电,2.6,-0.38,-0.01,0.39,2.2,1.26,3.83,3.31亿,57.52亿,149.56亿,--
513,514,600010,包钢股份,2.03,-0.98,-0.02,-0.49,3.05,1.43,6.83,19.87亿,314.97亿,639.39亿,--
514,515,600103,青山纸业,2.5,-0.79,-0.02,0.0,4.9,1.34,6.35,2.73亿,22.12亿,55.31亿,48.71
515,516,600110,诺德股份,4.61,-0.43,-0.02,0.0,1.71,0.82,3.24,1.36亿,17.35亿,79.99亿,--
516,517,600116,三峡水利,7.2,-0.28,-0.02,0.0,0.58,1.04,1.11,0.81亿,19.12亿,137.67亿,26.95
517,518,600167,联美控股,6.19,-0.32,-0.02,0.16,0.23,0.45,1.61,0.33亿,22.88亿,141.63亿,20.90
518,519,600197,伊力特,17.93,-0.11,-0.02,0.0,1.13,0.99,2.06,0.96亿,4.72亿,84.63亿,26.33
519,520,600273,嘉化能源,8.15,-0.24,-0.02,0.0,1.45,0.81,1.59,1.65亿,13.91亿,113.37亿,10.75
520,521,600323,瀚蓝环境,22.48,-0.09,-0.02,0.05,0.68,0.89,2.09,1.24亿,8.15亿,183.29亿,9.92
521,522,600351,亚宝药业,6.51,-0.31,-0.02,0.0,2.5,0.86,1.84,1.18亿,7.20亿,46.87亿,14.96
522,523,600361,创新新材,4.14,-0.48,-0.02,0.0,2.96,1.14,3.12,2.05亿,16.67亿,69.01亿,16.13
523,524,600515,海南机场,3.95,-0.5,-0.02,0.25,0.93,0.43,3.78,3.40亿,91.76亿,362.45亿,159.01
524,525,600569,安阳钢铁,2.06,-0.96,-0.02,0.49,1.78,1.05,6.25,1.07亿,28.72亿,59.17亿,--
525,526,600595,中孚实业,3.17,-0.63,-0.02,0.0,2.08,1.19,4.08,2.67亿,40.08亿,127.05亿,13.11
526,527,600664,哈药股份,4.0,-0.5,-0.02,0.0,1.27,0.88,2.74,1.29亿,25.19亿,100.74亿,14.87
527,528,600713,南京医药,5.28,-0.38,-0.02,0.0,1.68,0.82,2.45,0.94亿,10.47亿,55.30亿,11.73
528,529,600717,天津港,5.12,-0.39,-0.02,-0.2,0.85,0.92,1.56,1.27亿,28.94亿,148.17亿,12.45
529,530,600733,北汽蓝谷,8.78,-0.23,-0.02,0.0,3.2,0.81,2.5,13.65亿,48.71亿,427.67亿,--
530,531,600925,苏能股份,5.5,-0.36,-0.02,-0.18,0.66,1.08,1.27,0.58亿,16.06亿,88.33亿,22.70
531,532,601016,节能风电,3.35,-0.59,-0.02,0.0,1.18,0.64,2.08,2.37亿,59.60亿,199.65亿,13.78
532,533,601222,林洋能源,7.33,-0.27,-0.02,0.0,0.74,0.81,1.36,1.12亿,20.60亿,151.01亿,12.44
533,534,601228,广州港,3.54,-0.56,-0.02,0.0,0.42,0.97,2.25,1.13亿,75.45亿,267.08亿,24.47
534,535,601339,百隆东方,5.55,-0.36,-0.02,0.18,0.9,0.46,1.44,0.75亿,15.00亿,83.23亿,15.13
535,536,601515,东峰集团,4.16,-0.48,-0.02,0.0,2.03,1.03,4.07,1.57亿,18.55亿,77.16亿,--
536,537,601579,会稽山,11.78,-0.17,-0.02,0.09,1.31,0.62,2.37,0.74亿,4.79亿,56.48亿,37.61
537,538,601827,三峰环境,8.82,-0.23,-0.02,0.0,0.28,0.7,1.13,0.41亿,16.72亿,147.47亿,10.95
538,539,601866,中远海发,2.74,-0.72,-0.02,-0.36,0.93,1.09,2.54,2.48亿,96.83亿,265.30亿,20.20
539,540,601928,凤凰传媒,11.29,-0.18,-0.02,0.18,1.33,1.26,3.27,3.81亿,25.45亿,287.32亿,16.04
540,541,601939,建设银行,8.25,-0.24,-0.02,0.0,0.82,0.77,1.21,6.51亿,95.94亿,791.48亿,6.05
541,542,603113,金能科技,6.27,-0.32,-0.02,0.0,1.12,1.19,2.86,0.60亿,8.48亿,53.17亿,--
542,543,603229,奥翔药业,8.68,-0.23,-0.02,0.0,0.96,0.82,2.3,0.70亿,8.30亿,72.07亿,23.61
543,544,603299,苏盐井神,11.05,-0.18,-0.02,0.0,0.88,0.59,1.9,0.75亿,7.73亿,85.47亿,9.89
544,545,603989,艾华集团,14.98,-0.13,-0.02,0.07,0.98,0.83,1.8,0.59亿,4.01亿,60.09亿,22.73
545,546,600022,山东钢铁,1.64,-1.8,-0.03,-0.61,3.33,1.52,8.38,6.01亿,106.99亿,175.46亿,--
546,547,600031,三一重工,16.86,-0.18,-0.03,0.0,0.57,0.73,1.54,8.14亿,84.64亿,1427.07亿,22.02
547,548,600163,中闽能源,5.86,-0.51,-0.03,-0.17,0.69,0.69,2.04,0.78亿,19.03亿,111.52亿,20.44
548,549,600179,安通控股,3.18,-0.94,-0.03,-0.31,1.69,1.11,4.67,2.00亿,37.34亿,118.75亿,62.60
549,550,600180,瑞茂通,5.0,-0.6,-0.03,0.0,1.76,0.86,3.98,0.97亿,10.87亿,54.33亿,32.52
550,551,600195,中牧股份,7.18,-0.42,-0.03,0.28,1.05,0.89,2.08,0.77亿,10.21亿,73.32亿,67.22
551,552,600308,华泰股份,3.91,-0.76,-0.03,0.0,1.11,1.04,2.28,0.66亿,15.17亿,59.31亿,26.55
552,553,600320,振华重工,4.14,-0.72,-0.03,0.24,0.99,1.22,2.64,1.37亿,33.22亿,137.53亿,37.79
553,554,600425,青松建化,4.11,-0.72,-0.03,0.24,1.72,0.94,2.66,0.98亿,13.79亿,56.67亿,12.2
554,555,600461,洪城环境,9.64,-0.31,-0.03,-0.1,1.1,0.71,1.24,1.26亿,11.86亿,114.33亿,9.98
555,556,600597,光明乳业,8.83,-0.34,-0.03,0.0,0.82,0.84,1.58,1.00亿,13.78亿,121.72亿,78.45
556,557,600744,华银电力,3.57,-0.83,-0.03,-0.28,2.02,1.16,3.61,1.47亿,20.31亿,72.51亿,160.85
557,558,600755,厦门国贸,6.83,-0.44,-0.03,0.15,1.1,0.67,1.6,1.61亿,21.32亿,145.63亿,15.59
558,559,600816,建元信托,3.75,-0.79,-0.03,0.27,1.18,0.89,3.97,2.42亿,54.69亿,205.09亿,667.13
559,560,600821,金开新能,5.7,-0.52,-0.03,0.18,0.8,0.87,1.75,0.92亿,19.97亿,113.84亿,11.44
560,561,600880,博瑞传播,5.16,-0.58,-0.03,-0.19,3.91,0.86,3.08,2.20亿,10.93亿,56.40亿,345.28
561,562,600908,无锡银行,5.92,-0.5,-0.03,0.17,1.23,1.13,1.85,1.46亿,19.99亿,118.36亿,5.52
562,563,600917,重庆燃气,6.34,-0.47,-0.03,0.16,0.45,0.82,1.88,0.44亿,15.61亿,98.97亿,28.24
563,564,600975,新五丰,6.61,-0.45,-0.03,0.0,2.68,0.72,1.66,1.79亿,10.17亿,67.22亿,5088.10
564,565,601061,中信金属,7.9,-0.38,-0.03,0.0,2.17,1.08,2.14,0.86亿,5.01亿,39.59亿,16.91
565,566,601106,中国一重,3.26,-0.91,-0.03,0.31,0.81,1.37,5.17,1.82亿,68.58亿,223.56亿,--
566,567,601107,四川成渝,5.25,-0.57,-0.03,0.0,0.79,0.97,1.51,0.90亿,21.63亿,113.54亿,10.73
567,568,601158,重庆水务,5.03,-0.59,-0.03,-0.2,0.21,0.87,1.58,0.51亿,48.00亿,241.44亿,24.83
568,569,601212,白银有色,3.14,-0.95,-0.03,0.0,0.97,1.32,4.73,2.28亿,74.05亿,232.51亿,--
569,570,601669,中国电建,5.53,-0.54,-0.03,0.18,0.82,0.91,1.8,5.96亿,130.72亿,722.86亿,8.11
570,571,601700,风范股份,5.01,-0.59,-0.03,0.0,1.3,0.8,1.98,0.74亿,11.42亿,57.23亿,50.28
571,572,601886,江河集团,5.8,-0.52,-0.03,0.0,1.03,0.98,2.4,0.68亿,11.33亿,65.71亿,11.38
572,573,601975,招商南油,3.21,-0.93,-0.03,0.0,2.04,1.11,3.09,3.18亿,48.02亿,154.14亿,6.98
573,574,603056,德邦股份,14.37,-0.21,-0.03,0.07,0.55,0.6,2.15,0.82亿,10.27亿,147.57亿,21.41
574,575,603123,翠微股份,9.18,-0.33,-0.03,0.0,2.84,0.82,3.48,1.71亿,6.52亿,59.88亿,--
575,576,603369,今世缘,47.45,-0.06,-0.03,-0.04,0.45,0.66,2.84,2.64亿,12.54亿,595.26亿,14.47
576,577,603421,鼎信通讯,6.69,-0.45,-0.03,0.0,1.99,0.91,3.72,0.87亿,6.52亿,43.63亿,--
577,578,603730,岱美股份,9.24,-0.32,-0.03,0.0,0.29,0.92,1.51,0.45亿,16.53亿,152.72亿,18.38
578,579,603993,洛阳钼业,7.39,-0.4,-0.03,-0.14,0.72,0.95,1.89,9.37亿,176.66亿,1305.50亿,14.47
579,580,688087,英科再生,28.82,-0.1,-0.03,0.0,0.52,0.84,2.29,0.28亿,1.86亿,53.68亿,20.80
580,581,688303,大全能源,26.5,-0.11,-0.03,-0.15,1.37,0.81,2.22,2.01亿,5.53亿,146.47亿,--
581,582,600000,浦发银行,9.66,-0.41,-0.04,0.0,0.11,0.78,1.24,3.15亿,293.52亿,2835.42亿,6.04
582,583,600058,五矿发展,7.84,-0.51,-0.04,0.0,0.68,0.81,2.67,0.58亿,10.72亿,84.04亿,46.23
583,584,600064,南京高科,8.01,-0.5,-0.04,0.0,1.24,0.98,2.24,1.72亿,17.30亿,138.60亿,5.66
584,585,600123,兰花科创,8.93,-0.45,-0.04,0.0,1.67,0.86,1.11,2.22亿,14.85亿,132.62亿,14.07
585,586,600223,福瑞达,7.11,-0.56,-0.04,0.14,0.94,0.86,2.1,0.68亿,10.17亿,72.28亿,31.67
586,587,600248,陕建股份,4.65,-0.85,-0.04,-0.22,0.88,1.05,2.98,1.52亿,36.81亿,171.15亿,4.42
587,588,600366,宁波韵升,7.66,-0.52,-0.04,0.0,1.71,0.7,2.6,1.39亿,10.63亿,81.43亿,91.32
588,589,600400,红豆股份,3.21,-1.23,-0.04,0.0,3.63,0.77,5.23,2.70亿,22.91亿,73.55亿,1679.12
589,590,600422,昆药集团,15.09,-0.26,-0.04,0.0,1.36,1.07,2.18,1.56亿,7.57亿,114.23亿,22.11
590,591,600475,华光环能,9.56,-0.42,-0.04,0.11,0.52,0.87,1.46,0.47亿,9.42亿,90.09亿,14.24
591,592,600477,杭萧钢构,3.01,-1.31,-0.04,0.33,2.2,1.29,4.26,1.58亿,23.69亿,71.31亿,26.05
592,593,600522,中天科技,15.88,-0.25,-0.04,0.0,1.3,0.79,2.32,7.04亿,34.13亿,541.98亿,17.59
593,594,600582,天地科技,6.3,-0.63,-0.04,0.16,1.02,0.8,2.21,2.68亿,41.39亿,260.73亿,8.99
594,595,600586,金晶科技,5.95,-0.67,-0.04,0.0,0.96,0.59,1.67,0.81亿,14.29亿,85.01亿,21.47
595,596,600655,豫园股份,6.37,-0.62,-0.04,0.16,0.42,0.85,2.03,1.04亿,38.90亿,247.78亿,16.05
596,597,600758,辽宁能源,3.78,-1.05,-0.04,0.53,1.44,1.06,3.93,0.72亿,13.21亿,49.92亿,62.70
597,598,600789,鲁抗医药,9.07,-0.44,-0.04,0.0,6.1,1.01,3.18,4.99亿,8.99亿,81.51亿,17.61
598,599,600867,通化东宝,8.44,-0.47,-0.04,-0.12,0.82,1.09,2.71,1.38亿,19.82亿,167.26亿,--
599,600,600874,创业环保,6.2,-0.64,-0.04,0.0,0.92,0.93,2.24,0.70亿,12.30亿,76.29亿,10.78
600,601,600939,重庆建工,3.63,-1.09,-0.04,0.0,1.35,1.16,5.72,0.94亿,19.02亿,69.04亿,--
601,602,601015,陕西黑猫,3.68,-1.07,-0.04,0.27,1.31,0.99,4.03,0.99亿,20.43亿,75.16亿,--
602,603,601231,环旭电子,14.21,-0.28,-0.04,-0.07,0.58,0.83,1.75,1.80亿,21.89亿,310.99亿,17.98
603,604,601311,骆驼股份,8.61,-0.46,-0.04,0.0,1.04,0.86,1.5,1.05亿,11.73亿,101.01亿,15.54
604,605,601330,绿色动力,6.63,-0.6,-0.04,0.0,0.53,0.86,2.4,0.35亿,9.89亿,65.58亿,13.76
605,606,601369,陕鼓动力,8.82,-0.45,-0.04,0.34,0.61,0.88,1.58,0.92亿,16.91亿,149.18亿,17.14
606,607,601388,怡球资源,2.89,-1.36,-0.04,0.0,3.6,1.48,4.78,2.31亿,22.01亿,63.62亿,61.75
607,608,601390,中国中铁,6.61,-0.6,-0.04,-0.15,0.34,0.81,1.5,4.64亿,204.23亿,1349.99亿,5.96
608,609,601568,北元集团,4.52,-0.88,-0.04,0.22,0.45,1.0,1.75,0.82亿,39.72亿,179.54亿,56.15
609,610,601619,嘉泽新能,3.4,-1.16,-0.04,0.0,1.51,1.19,2.62,1.25亿,24.34亿,82.77亿,11.27
610,611,603105,芯能科技,9.16,-0.43,-0.04,0.0,1.57,0.99,1.96,0.72亿,5.00亿,45.80亿,18.47
611,612,603225,新凤鸣,11.09,-0.36,-0.04,0.0,0.89,1.25,2.34,1.51亿,15.12亿,167.66亿,17.01
612,613,603387,基蛋生物,9.0,-0.44,-0.04,0.0,0.8,0.74,1.99,0.37亿,5.07亿,45.64亿,16.92
613,614,603698,航天工程,18.21,-0.22,-0.04,-0.06,1.12,0.59,3.73,1.10亿,5.36亿,97.60亿,57.38
614,615,603806,福斯特,16.46,-0.24,-0.04,-0.06,0.8,0.7,2.24,3.42亿,26.09亿,429.40亿,25.6
615,616,688009,中国通号,6.41,-0.62,-0.04,-0.31,0.37,1.02,1.86,2.05亿,86.21亿,552.61亿,21.59
616,617,600032,浙江新能,7.9,-0.63,-0.05,0.0,0.27,0.93,1.89,0.51亿,24.05亿,189.97亿,22.14
617,618,600219,南山铝业,4.02,-1.23,-0.05,-0.25,0.87,1.09,2.21,4.13亿,117.09亿,470.68亿,10.12
618,619,600268,国电南自,6.95,-0.71,-0.05,0.0,0.9,0.82,1.86,0.63亿,10.06亿,69.92亿,50.51
619,620,600300,维维股份,3.28,-1.5,-0.05,0.0,3.98,0.89,4.2,2.12亿,16.17亿,53.04亿,16.17
620,621,600403,大有能源,3.41,-1.45,-0.05,-0.29,0.46,1.04,3.76,0.38亿,23.91亿,81.53亿,--
621,622,600478,科力远,4.77,-1.04,-0.05,0.0,1.77,0.77,3.32,1.41亿,16.66亿,79.45亿,289.66
622,623,600528,中铁工业,8.43,-0.59,-0.05,0.0,0.61,1.15,1.89,1.15亿,22.22亿,187.28亿,10.65
623,624,600537,亿晶光电,3.65,-1.35,-0.05,-0.27,3.59,0.88,4.05,1.56亿,11.84亿,43.21亿,--
624,625,600590,泰豪科技,5.5,-0.9,-0.05,0.0,1.7,1.02,4.14,0.80亿,8.44亿,46.40亿,--
625,626,600705,中航产融,4.13,-1.2,-0.05,0.0,1.38,0.72,3.35,5.02亿,88.04亿,363.62亿,45.61
626,627,600710,苏美达,9.14,-0.54,-0.05,0.0,0.8,0.92,1.52,0.96亿,13.07亿,119.44亿,8.95
627,628,600737,中粮糖业,9.88,-0.5,-0.05,0.1,0.92,0.77,1.41,1.95亿,21.39亿,211.32亿,13.64
628,629,600751,海航科技,3.04,-1.62,-0.05,0.0,2.46,0.86,4.53,1.92亿,25.73亿,78.22亿,59.19
629,630,600810,神马股份,8.16,-0.61,-0.05,0.0,0.7,0.48,1.71,0.58亿,10.15亿,82.83亿,232.92
630,631,600841,动力新科,5.88,-0.84,-0.05,-0.17,3.96,0.89,4.22,2.16亿,9.20亿,54.10亿,--
631,632,600876,凯盛新能,10.39,-0.48,-0.05,0.0,0.56,0.94,2.3,0.23亿,3.96亿,41.11亿,--
632,633,600959,江苏有线,3.93,-1.26,-0.05,0.0,4.51,3.42,5.53,9.04亿,50.01亿,196.53亿,66.31
633,634,600966,博汇纸业,5.53,-0.9,-0.05,0.18,0.69,0.52,2.87,0.51亿,13.37亿,73.93亿,37.17
634,635,601588,北辰实业,2.16,-2.26,-0.05,0.0,3.25,1.47,6.33,1.88亿,26.60亿,57.46亿,--
635,636,601608,中信重工,4.65,-1.06,-0.05,0.22,1.64,1.13,4.04,3.35亿,43.39亿,201.78亿,56.20
636,637,601702,华峰铝业,16.75,-0.3,-0.05,0.3,0.63,0.6,2.08,1.06亿,9.99亿,167.25亿,14.46
637,638,601808,中海油服,14.94,-0.33,-0.05,0.0,0.31,1.29,2.13,1.37亿,29.60亿,442.29亿,21.87
638,639,601825,沪农商行,8.07,-0.62,-0.05,0.0,0.36,0.58,1.85,2.71亿,93.17亿,751.85亿,5.57
639,640,601877,正泰电器,22.3,-0.22,-0.05,-0.09,0.41,0.94,1.43,1.98亿,21.49亿,479.22亿,10.28
640,641,601968,宝钢包装,5.45,-0.91,-0.05,0.0,0.65,0.66,2.55,0.40亿,11.33亿,61.75亿,29.51
641,642,603035,常熟汽饰,14.88,-0.34,-0.05,-0.07,1.63,0.76,1.47,0.93亿,3.80亿,56.55亿,11.00
642,643,603111,康尼机电,6.45,-0.77,-0.05,0.16,1.39,0.83,1.85,0.75亿,8.37亿,54.00亿,17.70
643,644,603296,华勤技术,63.85,-0.08,-0.05,0.0,1.73,0.58,1.99,2.69亿,2.44亿,155.51亿,23.73
644,645,603588,高能环境,5.58,-0.89,-0.05,0.18,3.42,1.38,2.84,2.91亿,15.23亿,85.00亿,11.36
645,646,603766,隆鑫通用,7.74,-0.64,-0.05,0.26,0.89,0.77,2.44,1.42亿,20.54亿,158.94亿,13.27
646,647,605056,咸亨国际,13.54,-0.37,-0.05,0.15,0.85,0.75,2.06,0.46亿,4.07亿,55.06亿,43.05
647,648,688055,龙腾光电,4.63,-1.07,-0.05,0.22,0.39,1.05,4.7,0.60亿,33.33亿,154.33亿,--
648,649,688099,晶晨股份,69.12,-0.07,-0.05,-0.07,1.28,0.87,2.63,3.69亿,4.19亿,289.43亿,36.56
649,650,688119,中钢洛耐,4.38,-1.13,-0.05,0.23,1.09,0.89,2.94,0.27亿,5.71亿,25.03亿,--
650,651,688319,欧林生物,11.62,-0.43,-0.05,0.09,0.61,0.52,5.74,0.29亿,4.05亿,47.11亿,878.74
651,652,688425,铁建重工,4.84,-1.02,-0.05,0.0,1.59,0.82,1.84,1.14亿,14.78亿,71.53亿,18.81
652,653,600054,黄山旅游,11.74,-0.51,-0.06,0.17,1.05,0.66,1.7,0.63亿,5.13亿,60.26亿,22.54
653,654,600073,光明肉业,7.19,-0.83,-0.06,0.28,1.44,0.99,2.35,0.97亿,9.38亿,67.42亿,13.26
654,655,600125,铁龙物流,6.46,-0.92,-0.06,-0.16,1.41,0.64,2.3,1.19亿,13.06亿,84.34亿,16.01
655,656,600210,紫江企业,7.23,-0.82,-0.06,0.0,2.81,0.64,2.74,3.09亿,15.17亿,109.66亿,15.59
656,657,600231,凌钢股份,2.12,-2.75,-0.06,-0.47,0.96,1.38,6.42,0.59亿,28.19亿,59.77亿,--
657,658,600310,广西能源,5.09,-1.17,-0.06,0.0,1.83,0.84,3.5,1.37亿,14.66亿,74.60亿,12.45
658,659,600395,盘江股份,5.4,-1.1,-0.06,-0.19,0.86,0.9,1.83,1.00亿,21.47亿,115.92亿,247.08
659,660,600491,龙元建设,4.15,-1.43,-0.06,0.0,2.19,0.6,4.75,1.40亿,15.30亿,63.48亿,--
660,661,600500,中化国际,4.36,-1.36,-0.06,-0.23,0.82,1.0,2.94,1.30亿,35.87亿,156.38亿,--
661,662,600517,国网英大,5.73,-1.04,-0.06,-0.17,0.35,0.95,2.25,1.16亿,57.18亿,327.67亿,16.92
662,663,600556,天下秀,6.09,-0.98,-0.06,0.16,8.54,1.06,5.53,9.49亿,18.08亿,110.09亿,126.22
663,664,600581,八一钢铁,3.51,-1.68,-0.06,0.0,2.12,0.86,3.92,1.15亿,15.33亿,53.80亿,--
664,665,600635,大众公用,4.53,-1.31,-0.06,0.0,3.04,0.47,4.58,3.34亿,24.19亿,109.57亿,58.89
665,666,600740,山西焦化,4.29,-1.38,-0.06,0.47,1.13,1.3,2.76,1.25亿,25.62亿,109.92亿,32.62
666,667,600742,一汽富维,9.57,-0.62,-0.06,0.0,1.21,0.82,1.76,0.86亿,7.43亿,71.11亿,13.30
667,668,600812,华北制药,5.74,-1.03,-0.06,-0.17,1.03,1.38,2.93,1.03亿,17.16亿,98.48亿,72.09
668,669,600935,华塑股份,2.97,-1.98,-0.06,0.0,1.55,0.67,4.62,1.63亿,35.07亿,104.17亿,--
669,670,601068,中铝国际,4.88,-1.22,-0.06,0.21,0.43,0.79,3.04,0.53亿,25.60亿,124.91亿,43.50
670,671,601377,兴业证券,6.48,-0.92,-0.06,0.0,0.85,0.92,1.99,4.76亿,86.36亿,559.61亿,31.80
671,672,601566,九牧王,8.77,-0.68,-0.06,0.34,0.63,0.38,2.15,0.31亿,5.75亿,50.40亿,27.98
672,673,601952,苏垦农发,10.11,-0.59,-0.06,0.2,0.74,1.13,1.77,1.04亿,13.78亿,139.32亿,22.90
673,674,603000,人民网,25.54,-0.23,-0.06,0.0,3.36,0.82,3.75,9.46亿,11.06亿,282.39亿,377.13
674,675,603127,昭衍新药,18.41,-0.33,-0.06,-0.16,3.66,1.91,5.09,4.31亿,6.30亿,116.07亿,--
675,676,603308,应流股份,13.84,-0.43,-0.06,0.0,0.95,0.76,2.3,0.89亿,6.79亿,93.98亿,31.08
676,677,603313,梦百合,7.27,-0.82,-0.06,-0.14,1.22,0.64,2.73,0.51亿,5.71亿,41.48亿,--
677,678,603328,依顿电子,9.32,-0.64,-0.06,0.0,1.12,0.94,2.45,1.05亿,9.98亿,93.05亿,19.05
678,679,603595,东尼电子,18.55,-0.32,-0.06,0.0,2.22,1.28,3.12,0.97亿,2.32亿,43.12亿,--
679,680,603668,天马科技,12.03,-0.5,-0.06,0.08,1.38,1.1,3.72,0.84亿,5.02亿,60.43亿,65.29
680,681,603848,好太太,16.73,-0.36,-0.06,0.0,0.56,0.46,3.87,0.38亿,4.02亿,67.32亿,26.62
681,682,688007,光峰科技,16.87,-0.35,-0.06,0.0,1.25,0.9,2.72,0.97亿,4.59亿,77.48亿,135.31
682,683,688114,华大智造,51.2,-0.12,-0.06,0.02,1.23,1.35,5.21,1.36亿,2.13亿,109.02亿,--
683,684,688276,百克生物,27.45,-0.22,-0.06,0.0,0.76,1.02,2.87,0.87亿,4.14亿,113.55亿,34.85
684,685,600108,亚盛集团,3.14,-2.18,-0.07,0.0,2.31,0.88,3.43,1.42亿,19.47亿,61.13亿,125.88
685,686,600126,杭钢股份,4.27,-1.61,-0.07,0.0,1.03,1.04,3.69,1.50亿,33.77亿,144.21亿,--
686,687,600138,中青旅,10.48,-0.66,-0.07,0.0,1.85,0.77,1.71,1.41亿,7.24亿,75.86亿,37.17
687,688,600141,兴发集团,22.89,-0.3,-0.07,0.04,1.02,0.98,1.92,2.60亿,11.03亿,252.53亿,14.41
688,689,600398,海澜之家,6.11,-1.13,-0.07,0.0,0.88,0.59,2.1,2.58亿,48.03亿,293.45亿,11.54
689,690,600433,冠豪高新,3.59,-1.91,-0.07,-0.28,1.36,1.09,4.1,0.86亿,17.50亿,62.84亿,67.71
690,691,600499,科达制造,8.4,-0.83,-0.07,0.0,0.65,0.98,2.01,1.05亿,19.18亿,161.10亿,17.19
691,692,600567,山鹰国际,2.12,-3.2,-0.07,0.47,14.2,2.67,7.31,16.99亿,54.71亿,115.99亿,126.97
692,693,600606,绿地控股,2.45,-2.78,-0.07,0.0,1.0,0.9,5.16,3.47亿,140.54亿,344.33亿,109.14
693,694,600643,爱建集团,5.96,-1.16,-0.07,0.0,1.1,0.83,2.65,1.04亿,15.90亿,94.78亿,28.73
694,695,600708,光明地产,4.49,-1.53,-0.07,0.0,3.0,0.66,8.55,3.06亿,22.25亿,99.92亿,--
695,696,600720,中交设计,9.41,-0.74,-0.07,0.0,1.12,0.87,2.0,0.82亿,7.76亿,73.04亿,16.52
696,697,600728,佳都科技,5.46,-1.27,-0.07,0.0,5.38,1.02,5.24,6.35亿,21.43亿,117.00亿,--
697,698,600759,洲际油气,3.03,-2.26,-0.07,-0.33,1.93,0.77,4.84,2.45亿,41.44亿,125.55亿,60.60
698,699,600765,中航重机,20.79,-0.34,-0.07,0.0,1.01,0.7,2.4,3.09亿,14.71亿,305.76亿,22.81
699,700,600801,华新水泥,12.85,-0.54,-0.07,0.0,0.95,0.44,1.47,1.64亿,13.44亿,172.74亿,17.60
700,701,600808,马钢股份,2.74,-2.49,-0.07,0.37,2.61,0.6,6.41,4.32亿,59.68亿,163.52亿,--
701,702,600851,海欣股份,6.03,-1.15,-0.07,-0.17,0.93,0.62,2.62,0.42亿,7.38亿,44.51亿,39.37
702,703,600881,亚泰集团,2.23,-3.04,-0.07,0.0,14.97,1.85,16.52,11.16亿,32.49亿,72.45亿,--
703,704,600926,杭州银行,14.25,-0.49,-0.07,0.07,0.34,0.83,1.4,2.70亿,54.95亿,783.04亿,4.62
704,705,601777,力帆科技,7.3,-0.95,-0.07,0.14,1.04,0.5,4.48,3.44亿,45.21亿,330.04亿,619.64
705,706,601990,南京证券,9.05,-0.77,-0.07,0.11,0.8,0.74,1.65,2.63亿,36.60亿,331.21亿,35.95
706,707,603077,和邦生物,2.24,-3.03,-0.07,0.0,5.22,1.92,5.63,10.44亿,88.31亿,197.82亿,67.04
707,708,603568,伟明环保,21.1,-0.33,-0.07,0.0,0.23,0.67,2.13,0.81亿,16.98亿,358.36亿,12.78
708,709,603609,禾丰股份,8.58,-0.81,-0.07,0.12,0.42,0.67,1.85,0.34亿,9.19亿,78.89亿,20.46
709,710,688033,天宜上佳,7.0,-0.99,-0.07,0.0,2.8,0.9,2.97,1.11亿,5.62亿,39.35亿,--
710,711,688085,三友医疗,21.93,-0.32,-0.07,0.05,0.34,0.57,2.46,0.19亿,2.48亿,54.49亿,476.80
711,712,688488,艾迪药业,9.35,-0.74,-0.07,0.21,0.98,0.73,3.61,0.39亿,4.21亿,39.34亿,--
712,713,600057,厦门象屿,6.37,-1.24,-0.08,0.16,1.67,0.52,2.64,2.35亿,21.92亿,139.64亿,11.99
713,714,600153,建发股份,9.98,-0.8,-0.08,-0.1,0.65,0.65,1.79,1.90亿,29.00亿,289.37亿,10.72
714,715,600162,香江控股,2.15,-3.59,-0.08,0.0,2.87,1.22,7.62,2.04亿,32.68亿,70.27亿,77.24
715,716,600207,安彩高科,5.22,-1.51,-0.08,0.0,2.36,1.07,3.96,1.34亿,10.89亿,56.86亿,--
716,717,600229,城市传媒,8.29,-0.96,-0.08,0.24,2.49,1.02,4.54,1.40亿,6.71亿,55.64亿,31.64
717,718,600256,广汇能源,7.13,-1.11,-0.08,0.0,1.31,1.33,1.94,6.14亿,65.66亿,468.14亿,17.53
718,719,600330,天通股份,7.72,-1.03,-0.08,0.13,1.8,0.64,2.56,1.72亿,12.33亿,95.22亿,57.49
719,720,600332,白云山,28.78,-0.28,-0.08,-0.07,0.42,0.99,1.84,1.71亿,14.06亿,404.62亿,11.11
720,721,600399,抚顺特钢,6.51,-1.21,-0.08,0.0,1.55,0.92,2.58,2.00亿,19.72亿,128.38亿,30.49
721,722,600598,北大荒,14.56,-0.55,-0.08,0.14,0.72,0.87,1.5,1.87亿,17.78亿,258.83亿,14.41
722,723,600610,中毅达,5.64,-1.4,-0.08,0.18,2.86,0.69,3.85,1.15亿,7.09亿,39.97亿,--
723,724,600633,浙数文化,11.33,-0.7,-0.08,0.09,1.8,0.93,3.51,2.60亿,12.68亿,143.67亿,22.70
724,725,600662,外服控股,5.28,-1.49,-0.08,0.0,0.52,1.14,2.8,0.63亿,22.63亿,119.50亿,18.02
725,726,600704,物产中大,5.38,-1.47,-0.08,0.0,1.47,0.99,2.56,4.10亿,51.54亿,277.27亿,8.99
726,727,600790,轻纺城,4.14,-1.9,-0.08,0.24,1.21,0.7,3.08,0.74亿,14.66亿,60.68亿,20.61
727,728,600906,财达证券,7.75,-1.02,-0.08,0.26,1.55,0.73,2.55,2.55亿,21.24亿,164.63亿,50.99
728,729,600909,华安证券,6.31,-1.25,-0.08,0.0,1.22,0.88,2.5,3.61亿,46.98亿,296.42亿,19.44
729,730,600958,东方证券,10.93,-0.73,-0.08,0.09,1.21,1.07,3.63,9.90亿,74.69亿,816.41亿,21.09
730,731,600987,航民股份,7.32,-1.08,-0.08,0.0,0.97,0.78,2.3,0.73亿,10.21亿,74.72亿,11.79
731,732,601162,天风证券,5.05,-1.56,-0.08,0.0,4.26,0.55,2.53,18.70亿,86.66亿,437.62亿,--
732,733,601699,潞安环能,14.98,-0.53,-0.08,0.0,0.56,0.86,1.39,2.49亿,29.91亿,448.11亿,12.01
733,734,601908,京运通,3.33,-2.35,-0.08,0.3,2.85,1.31,4.11,2.31亿,24.15亿,80.41亿,--
734,735,603053,成都燃气,10.0,-0.79,-0.08,-0.1,0.41,0.77,1.79,0.36亿,8.89亿,88.89亿,15.88
735,736,603931,格林达,25.8,-0.31,-0.08,-0.12,1.19,0.73,4.33,0.62亿,2.00亿,51.49亿,34.81
736,737,603936,博敏电子,8.82,-0.9,-0.08,0.23,2.66,0.94,2.81,1.48亿,6.30亿,55.60亿,81.83
737,738,605296,神农集团,28.92,-0.28,-0.08,0.04,0.33,0.73,1.72,0.49亿,5.23亿,151.32亿,23.70
738,739,605598,上海港湾,20.52,-0.39,-0.08,-0.29,0.66,0.39,1.8,0.33亿,2.43亿,49.87亿,34.74
739,740,688102,斯瑞新材,9.36,-0.85,-0.08,0.0,1.43,0.79,2.23,0.56亿,4.18亿,39.15亿,65.24
740,741,688128,中国电研,22.0,-0.36,-0.08,0.18,0.63,0.85,2.58,0.56亿,4.04亿,88.99亿,20.76
741,742,600061,国投资本,7.92,-1.12,-0.09,0.13,0.58,0.57,2.5,2.94亿,64.25亿,508.88亿,18.34
742,743,600127,金健米业,7.26,-1.23,-0.09,0.14,3.64,0.61,2.99,1.71亿,6.42亿,46.59亿,5382.89
743,744,600228,返利科技,7.81,-1.14,-0.09,0.0,24.32,1.79,5.95,8.10亿,4.17亿,32.54亿,--
744,745,600284,浦东建设,6.45,-1.38,-0.09,0.0,2.39,1.81,3.21,1.51亿,9.70亿,62.58亿,10.16
745,746,600362,江西铜业,21.35,-0.42,-0.09,-0.05,0.76,1.21,1.77,3.37亿,20.75亿,443.06亿,11.12
746,747,600369,西南证券,5.01,-1.76,-0.09,0.0,1.75,1.36,3.14,5.55亿,63.15亿,316.39亿,51.69
747,748,600426,华鲁恒升,22.55,-0.4,-0.09,0.04,0.89,1.24,2.61,4.30亿,21.16亿,477.09亿,11.78
748,749,600428,中远海特,6.84,-1.3,-0.09,0.0,1.38,1.14,3.17,2.04亿,21.47亿,146.83亿,9.16
749,750,600523,贵航股份,12.72,-0.7,-0.09,0.08,1.07,0.91,1.72,0.55亿,4.04亿,51.39亿,32.91
750,751,600637,东方明珠,8.36,-1.06,-0.09,0.0,1.04,0.95,3.08,2.93亿,33.62亿,281.06亿,29.33
751,752,600770,综艺股份,4.96,-1.78,-0.09,0.0,2.17,0.78,4.16,1.41亿,13.00亿,64.48亿,67.03
752,753,600771,广誉远,19.72,-0.45,-0.09,-0.1,1.04,0.69,2.32,1.00亿,4.89亿,96.53亿,102.02
753,754,600903,贵州燃气,8.0,-1.11,-0.09,0.0,1.15,0.57,2.72,1.06亿,11.50亿,92.00亿,55.86
754,755,600918,中泰证券,7.0,-1.27,-0.09,0.14,0.84,0.98,2.54,2.35亿,39.73亿,278.10亿,72.79
755,756,600933,爱柯迪,16.1,-0.56,-0.09,0.0,0.83,0.54,2.04,1.30亿,9.77亿,157.36亿,15.91
756,757,600997,开滦股份,7.3,-1.22,-0.09,0.0,0.87,0.96,2.03,1.01亿,15.88亿,115.91亿,13.42
757,758,601099,太平洋,4.78,-1.85,-0.09,0.0,5.26,0.65,2.88,17.20亿,68.16亿,325.82亿,179.33
758,759,601101,昊华能源,9.0,-0.99,-0.09,0.22,0.84,0.63,1.54,1.09亿,14.40亿,129.60亿,8.68
759,760,601555,东吴证券,8.24,-1.08,-0.09,0.0,1.01,0.96,2.28,4.15亿,49.69亿,409.42亿,16.77
760,761,601789,宁波建工,4.84,-1.83,-0.09,0.0,5.58,0.57,4.26,2.95亿,10.87亿,52.60亿,17.97
761,762,601828,美凯龙,3.83,-2.3,-0.09,0.0,1.66,0.85,5.61,2.30亿,36.13亿,138.40亿,--
762,763,603013,亚普股份,15.86,-0.56,-0.09,0.0,0.87,0.51,1.94,0.70亿,5.13亿,81.30亿,16.31
763,764,603018,华设集团,9.42,-0.95,-0.09,0.0,2.54,0.88,3.47,1.63亿,6.76亿,63.70亿,20.82
764,765,603209,兴通股份,16.3,-0.55,-0.09,0.06,0.72,0.82,1.77,0.21亿,1.83亿,29.87亿,12.31
765,766,603367,辰欣药业,14.53,-0.62,-0.09,0.0,0.77,1.02,1.98,0.51亿,4.53亿,65.79亿,12.39
766,767,603368,柳药集团,18.63,-0.48,-0.09,-0.05,1.54,0.83,1.66,1.14亿,3.97亿,73.99亿,7.79
767,768,688065,凯赛生物,44.81,-0.2,-0.09,-0.25,0.56,1.16,3.41,1.49亿,5.83亿,261.41亿,56.80
768,769,688772,珠海冠宇,16.73,-0.54,-0.09,0.12,0.82,0.71,3.15,1.55亿,11.27亿,188.59亿,52.78
769,770,600217,中再资环,6.08,-1.62,-0.1,0.0,1.56,0.94,3.4,1.31亿,13.89亿,84.43亿,119.39
770,771,600416,湘电股份,11.55,-0.86,-0.1,0.17,1.17,0.92,2.49,1.80亿,13.25亿,153.08亿,68.42
771,772,600675,中华企业,3.08,-3.15,-0.1,0.0,0.76,1.35,4.72,1.43亿,60.46亿,186.22亿,--
772,773,600739,辽宁成大,11.47,-0.86,-0.1,0.0,1.26,1.1,3.02,2.24亿,15.30亿,175.46亿,18.50
773,774,600814,杭州解百,7.33,-1.35,-0.1,0.0,1.41,0.8,3.37,0.76亿,7.23亿,53.03亿,16.89
774,775,600826,兰生股份,8.99,-1.1,-0.1,0.0,2.07,0.64,3.08,1.37亿,7.36亿,66.12亿,24.50
775,776,600936,广西广电,3.56,-2.73,-0.1,0.28,2.1,1.05,4.37,1.26亿,16.71亿,59.49亿,--
776,777,600985,淮北矿业,14.81,-0.67,-0.1,0.0,0.83,0.84,2.01,3.33亿,26.93亿,398.87亿,7.23
777,778,601108,财通证券,8.49,-1.16,-0.1,0.0,0.97,0.82,2.44,3.85亿,46.44亿,394.25亿,20.09
778,779,601200,上海环境,8.47,-1.17,-0.1,0.12,0.74,1.1,2.1,0.85亿,13.46亿,114.03亿,17.05
779,780,601611,中国核建,8.71,-1.14,-0.1,0.0,0.47,0.8,2.04,1.23亿,30.12亿,262.31亿,13.52
780,781,601633,长城汽车,26.96,-0.37,-0.1,0.04,0.29,0.58,1.77,4.85亿,61.84亿,1667.33亿,16.57
781,782,601901,方正证券,8.9,-1.11,-0.1,0.11,0.98,0.63,2.44,7.19亿,82.32亿,732.66亿,27.96
782,783,601918,新集能源,7.91,-1.25,-0.1,0.13,0.99,0.93,2.25,2.04亿,25.91亿,204.91亿,8.42
783,784,603043,广州酒家,16.36,-0.61,-0.1,0.06,0.73,0.61,2.0,0.68亿,5.69亿,93.05亿,15.58
784,785,603206,嘉环科技,17.19,-0.58,-0.1,0.0,4.42,0.61,2.49,0.66亿,0.87亿,14.99亿,52.23
785,786,603301,振德医疗,23.45,-0.42,-0.1,0.0,0.95,1.28,3.14,0.60亿,2.66亿,62.48亿,15.24
786,787,605016,百龙创园,16.32,-0.61,-0.1,0.0,0.69,1.1,2.38,0.37亿,3.23亿,52.73亿,21.66
787,788,688779,五矿新能,5.98,-1.65,-0.1,0.0,1.04,0.89,2.47,1.21亿,19.29亿,115.37亿,--
788,789,600079,人福医药,23.26,-0.47,-0.11,0.13,0.98,0.81,2.52,3.53亿,15.43亿,358.94亿,17.91
789,790,600121,郑州煤电,4.66,-2.31,-0.11,0.0,4.15,0.85,3.98,2.37亿,12.18亿,56.78亿,327.28
790,791,600196,复星医药,26.31,-0.42,-0.11,0.0,0.55,1.15,2.46,3.06亿,21.18亿,557.37亿,26.22
791,792,600651,飞乐音响,4.88,-2.2,-0.11,-0.2,1.49,0.88,4.81,1.84亿,25.07亿,122.34亿,362.38
792,793,600828,茂业商业,3.75,-2.85,-0.11,0.0,3.29,2.9,8.29,2.14亿,17.31亿,64.93亿,31.66
793,794,601801,皖新传媒,7.52,-1.44,-0.11,0.13,1.32,1.0,2.36,1.95亿,19.58亿,147.24亿,13.6
794,795,601969,海南矿业,7.28,-1.49,-0.11,0.0,0.82,0.42,3.38,1.23亿,20.31亿,147.88亿,20.34
795,796,603227,雪峰科技,9.17,-1.19,-0.11,0.11,1.16,0.69,3.99,1.05亿,9.74亿,89.32亿,12.25
796,797,603300,海南华铁,5.81,-1.86,-0.11,0.0,3.15,0.48,3.55,3.61亿,19.71亿,114.49亿,17.64
797,798,603357,设计总院,9.9,-1.1,-0.11,0.0,3.16,1.24,2.3,1.73亿,5.51亿,54.51亿,13.24
798,799,603496,恒为科技,25.37,-0.43,-0.11,-0.04,3.75,1.25,2.67,3.05亿,3.20亿,81.24亿,77.83
799,800,603515,欧普照明,17.04,-0.64,-0.11,0.0,0.21,1.05,1.75,0.26亿,7.35亿,125.22亿,15.33
800,801,688327,云从科技,14.7,-0.74,-0.11,-0.07,10.39,1.52,7.5,11.65亿,7.52亿,110.55亿,--
801,802,688496,清越科技,9.54,-1.14,-0.11,-0.42,1.31,0.84,2.8,0.29亿,2.34亿,22.28亿,--
802,803,600030,中信证券,31.12,-0.38,-0.12,0.0,1.03,0.8,2.02,39.12亿,121.77亿,3789.34亿,20.59
803,804,600072,中船科技,13.45,-0.88,-0.12,0.07,1.32,0.75,1.55,1.93亿,10.83亿,145.71亿,--
804,805,600155,华创云信,7.97,-1.48,-0.12,0.0,2.01,0.62,2.84,3.57亿,22.24亿,177.29亿,123.26
805,806,600372,中航机载,12.52,-0.95,-0.12,0.0,0.46,1.0,1.5,2.71亿,47.57亿,595.55亿,37.77
806,807,600376,首开股份,2.97,-3.88,-0.12,0.0,1.45,1.24,5.5,1.12亿,25.80亿,76.61亿,--
807,808,600535,天士力,14.43,-0.82,-0.12,-0.07,0.82,1.21,1.92,1.78亿,14.94亿,215.58亿,19.20
808,809,600648,外高桥,12.32,-0.96,-0.12,0.0,0.72,0.92,2.41,0.83亿,9.35亿,115.17亿,24.00
809,810,600764,中国海防,26.62,-0.45,-0.12,0.11,0.51,0.72,2.02,0.96亿,7.11亿,189.17亿,95.17
810,811,600869,远东股份,4.96,-2.36,-0.12,0.2,1.36,0.95,3.74,1.50亿,22.19亿,110.08亿,--
811,812,601059,信达证券,15.36,-0.78,-0.12,0.0,2.52,0.77,2.39,2.67亿,6.92亿,106.23亿,42.19
812,813,601117,中国化学,8.2,-1.44,-0.12,0.0,0.7,0.81,2.4,3.52亿,60.70亿,497.71亿,9.79
813,814,601236,红塔证券,8.57,-1.38,-0.12,-0.23,0.48,0.84,2.88,1.96亿,47.17亿,404.23亿,46.50
814,815,601375,中原证券,4.65,-2.52,-0.12,0.0,2.63,1.16,3.15,4.24亿,34.48亿,160.31亿,99.23
815,816,601696,中银证券,11.72,-1.01,-0.12,0.0,1.1,0.81,2.37,3.59亿,27.78亿,325.58亿,36.96
816,817,603100,川仪股份,22.25,-0.54,-0.12,-0.05,1.26,0.86,3.53,1.44亿,5.08亿,113.12亿,15.35
817,818,603118,共进股份,8.41,-1.41,-0.12,0.12,2.05,0.94,3.28,1.36亿,7.87亿,66.21亿,362.52
818,819,603291,联合水务,11.52,-1.03,-0.12,0.09,2.79,0.42,3.01,0.42亿,1.30亿,14.97亿,28.17
819,820,603567,珍宝岛,11.87,-1.0,-0.12,0.0,0.69,0.88,2.17,0.78亿,9.40亿,111.52亿,21.07
820,821,603599,广信股份,12.04,-0.99,-0.12,0.17,0.69,0.49,2.47,0.76亿,9.10亿,109.60亿,14.32
821,822,603815,交建股份,6.52,-1.81,-0.12,0.0,0.99,0.95,3.31,0.40亿,6.19亿,40.35亿,30.12
822,823,603858,步长制药,16.98,-0.7,-0.12,-0.12,0.54,1.28,2.16,1.01亿,11.06亿,187.81亿,45.02
823,824,603977,国泰集团,14.3,-0.83,-0.12,0.0,1.03,0.55,4.51,0.92亿,6.21亿,88.84亿,30.49
824,825,688127,蓝特光学,23.65,-0.51,-0.12,0.0,2.0,1.31,5.3,1.92亿,4.03亿,95.36亿,44.26
825,826,600094,大名城,3.9,-3.23,-0.13,-0.26,1.38,1.09,4.47,1.23亿,22.77亿,88.79亿,31.11
826,827,600100,同方股份,7.63,-1.68,-0.13,-0.26,1.86,0.89,4.0,4.79亿,33.50亿,255.63亿,256.79
827,828,600109,国金证券,9.2,-1.39,-0.13,0.0,1.22,0.92,2.36,3.60亿,32.00亿,294.36亿,28.66
828,829,600158,中体产业,8.56,-1.5,-0.13,0.12,2.17,0.75,3.11,1.79亿,9.60亿,82.13亿,265.95
829,830,600161,天坛生物,21.13,-0.61,-0.13,-0.05,0.6,0.85,1.79,2.52亿,19.77亿,417.82亿,29.8
830,831,600390,五矿资本,7.2,-1.77,-0.13,0.0,1.7,0.68,3.0,5.53亿,44.98亿,323.86亿,19.95
831,832,600415,小商品城,14.05,-0.92,-0.13,-0.21,1.03,0.59,3.24,7.86亿,54.70亿,768.57亿,24.81
832,833,600734,实达集团,4.31,-2.93,-0.13,0.0,4.73,0.87,6.53,4.38亿,21.26亿,91.64亿,192.67
833,834,600873,梅花生物,10.59,-1.21,-0.13,-0.09,0.62,0.53,1.87,1.87亿,28.53亿,302.11亿,11.36
834,835,600879,航天电子,9.47,-1.35,-0.13,-0.11,1.03,0.79,2.19,3.16亿,32.29亿,305.80亿,41.71
835,836,600977,中国电影,12.06,-1.07,-0.13,-0.17,0.74,0.86,3.86,1.67亿,18.67亿,225.16亿,78.34
836,837,600981,汇鸿集团,3.04,-4.1,-0.13,-0.33,2.69,0.71,3.79,1.85亿,22.42亿,68.17亿,--
837,838,600995,南网储能,10.43,-1.23,-0.13,0.0,0.7,0.8,2.08,0.82亿,11.09亿,115.68亿,23.92
838,839,601168,西部矿业,16.74,-0.77,-0.13,-0.06,0.93,0.87,1.84,3.72亿,23.83亿,398.91亿,10.95
839,840,603025,大豪科技,15.43,-0.84,-0.13,0.13,0.91,0.6,2.83,1.56亿,11.09亿,171.15亿,26.08
840,841,603032,德新科技,16.13,-0.8,-0.13,0.0,2.42,0.88,2.4,0.90亿,2.30亿,37.12亿,173.71
841,842,603067,振华股份,13.13,-0.98,-0.13,0.0,1.62,1.0,2.49,1.09亿,5.09亿,66.83亿,13.78
842,843,603128,华贸物流,6.52,-1.96,-0.13,0.0,2.04,0.57,2.71,1.75亿,13.09亿,85.35亿,13.55
843,844,603995,甬金股份,19.24,-0.67,-0.13,0.0,0.69,1.07,2.01,0.49亿,3.66亿,70.34亿,9.04
844,845,688231,隆达股份,15.32,-0.84,-0.13,-0.39,0.84,0.83,2.52,0.16亿,1.26亿,19.37亿,47.44
845,846,688690,纳微科技,20.8,-0.62,-0.13,-0.14,0.81,0.85,2.92,0.69亿,4.04亿,83.99亿,149.97
846,847,688739,成大生物,27.72,-0.47,-0.13,0.04,0.91,0.88,1.83,0.48亿,1.89亿,52.33亿,26.26
847,848,600037,歌华有线,7.71,-1.78,-0.14,0.0,1.72,1.19,3.44,1.85亿,13.92亿,107.31亿,--
848,849,600089,特变电工,12.93,-1.07,-0.14,0.0,0.93,0.79,1.61,6.13亿,50.53亿,653.33亿,11.40
849,850,600120,浙江东方,5.03,-2.71,-0.14,0.0,2.39,0.47,4.06,4.14亿,34.15亿,171.79亿,30.80
850,851,600169,太原重工,2.77,-4.81,-0.14,0.0,3.38,1.38,6.53,3.14亿,33.33亿,92.33亿,99.99
851,852,600271,航天信息,10.13,-1.36,-0.14,0.0,0.95,0.89,3.02,1.78亿,18.53亿,187.70亿,--
852,853,600325,华发股份,6.52,-2.1,-0.14,0.0,1.57,1.28,2.85,2.64亿,25.71亿,167.65亿,10.11
853,854,600353,旭光电子,8.13,-1.69,-0.14,0.0,2.07,0.64,2.66,1.40亿,8.29亿,67.38亿,62.69
854,855,600559,老白干酒,21.31,-0.65,-0.14,0.0,1.76,0.95,1.91,3.40亿,9.04亿,192.70亿,26.29
855,856,600639,浦东金桥,11.36,-1.22,-0.14,0.09,0.97,1.17,1.74,0.94亿,8.50亿,96.59亿,24.48
856,857,600703,三安光电,12.83,-1.08,-0.14,-0.08,0.82,0.79,2.08,5.24亿,49.89亿,640.09亿,194.23
857,858,600757,长江传媒,9.06,-1.52,-0.14,0.22,2.48,1.27,2.83,2.73亿,12.13亿,109.94亿,11.97
858,859,600986,浙文互联,6.8,-2.02,-0.14,0.0,13.0,1.09,11.67,12.07亿,13.22亿,89.92亿,48.12
859,860,601456,国联证券,12.25,-1.13,-0.14,0.08,1.28,0.88,2.26,3.75亿,23.89亿,292.67亿,65.72
860,861,601933,永辉超市,5.48,-2.49,-0.14,0.0,5.73,0.53,6.58,28.91亿,90.75亿,497.31亿,--
861,862,601966,玲珑轮胎,18.87,-0.74,-0.14,0.11,0.78,1.0,1.42,2.16亿,14.63亿,276.16亿,12.10
862,863,603256,宏和科技,9.97,-1.39,-0.14,-0.3,1.89,0.47,4.35,1.67亿,8.80亿,87.71亿,851.34
863,864,603590,康辰药业,26.64,-0.52,-0.14,0.04,1.52,0.62,2.99,0.64亿,1.58亿,42.02亿,28.30
864,865,603801,志邦家居,13.95,-0.99,-0.14,0.14,0.9,0.63,3.12,0.54亿,4.34亿,60.59亿,17.16
865,866,603866,桃李面包,6.31,-2.17,-0.14,0.16,1.68,1.01,3.72,1.71亿,16.00亿,100.94亿,17.40
866,867,603896,寿仙谷,22.66,-0.61,-0.14,-0.04,1.21,0.71,2.41,0.55亿,1.98亿,44.92亿,28.39
867,868,600088,中视传媒,19.05,-0.78,-0.15,-0.05,3.58,1.02,2.81,2.69亿,3.98亿,75.76亿,51.36
868,869,600105,永鼎股份,5.62,-2.6,-0.15,0.0,6.53,0.61,4.16,5.28亿,14.24亿,80.04亿,104.76
869,870,600258,首旅酒店,14.62,-1.02,-0.15,0.07,0.93,0.94,2.17,1.52亿,11.17亿,163.25亿,16.93
870,871,600276,恒瑞医药,49.38,-0.3,-0.15,0.08,0.43,0.81,2.08,13.69亿,63.79亿,3149.95亿,51.14
871,872,600604,市北高新,4.99,-2.92,-0.15,0.0,1.37,0.92,5.25,0.97亿,14.07亿,70.23亿,--
872,873,600685,中船防务,24.64,-0.6,-0.15,-0.04,0.66,0.79,1.05,1.33亿,8.21亿,202.40亿,139.49
873,874,600787,中储股份,7.41,-1.98,-0.15,0.0,4.56,0.42,3.97,7.41亿,21.70亿,160.80亿,31.42
874,875,600855,航天长峰,12.35,-1.2,-0.15,-0.08,1.77,0.89,2.64,1.02亿,4.68亿,57.75亿,--
875,876,600864,哈投股份,7.19,-2.04,-0.15,0.0,3.1,0.48,3.13,4.66亿,20.81亿,149.59亿,42.19
876,877,601118,海南橡胶,5.87,-2.49,-0.15,0.17,1.24,0.49,3.49,3.14亿,42.79亿,251.20亿,--
877,878,601186,中国铁建,9.41,-1.57,-0.15,0.0,0.65,0.99,1.99,7.07亿,115.03亿,1082.46亿,6.11
878,879,601882,海天精工,22.78,-0.65,-0.15,0.04,0.68,0.84,2.75,0.81亿,5.22亿,118.91亿,22.09
879,880,603589,口子窖,40.21,-0.37,-0.15,0.03,0.96,0.87,1.76,2.32亿,5.98亿,240.50亿,13.81
880,881,603619,中曼石油,21.05,-0.71,-0.15,0.0,1.23,0.78,2.92,1.04亿,4.00亿,84.20亿,10.92
881,882,605507,国邦医药,21.18,-0.7,-0.15,-0.05,0.66,0.56,1.92,0.42亿,3.02亿,63.90亿,15.34
882,883,688146,中船特气,31.81,-0.47,-0.15,0.09,1.84,0.96,2.63,0.84亿,1.43亿,45.36亿,53.96
883,884,688336,三生国健,22.36,-0.67,-0.15,0.13,0.29,0.89,2.53,0.40亿,6.17亿,137.91亿,44.38
884,885,688586,江航装备,9.99,-1.48,-0.15,-0.1,0.83,0.85,2.56,0.66亿,7.91亿,79.05亿,43.40
885,886,600278,东方创业,7.73,-2.03,-0.16,0.13,2.37,0.52,3.8,1.61亿,8.71亿,67.36亿,27.09
886,887,600487,亨通光电,17.96,-0.88,-0.16,0.06,1.2,0.7,2.04,5.30亿,24.67亿,443.03亿,14.35
887,888,600682,南京新百,7.4,-2.12,-0.16,0.0,2.03,0.64,4.1,1.78亿,11.65亿,86.21亿,33.72
888,889,600984,建设机械,3.55,-4.31,-0.16,0.0,2.5,1.25,6.2,1.13亿,12.57亿,44.63亿,--
889,890,600999,招商证券,19.58,-0.81,-0.16,0.0,0.3,0.71,1.87,4.36亿,74.22亿,1453.23亿,17.86
890,891,601226,华电科工,6.57,-2.38,-0.16,0.15,1.12,0.99,4.01,0.85亿,11.62亿,76.36亿,53.41
891,892,601607,上海医药,21.57,-0.74,-0.16,0.09,0.51,0.57,2.16,2.15亿,19.36亿,417.57亿,14.79
892,893,603060,国检集团,7.73,-2.03,-0.16,0.0,1.07,0.57,2.15,0.67亿,8.04亿,62.14亿,65.39
893,894,603233,大参林,15.49,-1.02,-0.16,0.0,0.47,0.93,2.49,0.83亿,11.39亿,176.41亿,15.42
894,895,603399,永杉锂业,9.99,-1.58,-0.16,0.0,2.78,0.87,3.05,1.42亿,5.12亿,51.18亿,76.14
895,896,603569,长久物流,9.01,-1.75,-0.16,0.0,3.0,0.5,3.16,1.63亿,6.04亿,54.38亿,66.67
896,897,603688,石英股份,30.09,-0.53,-0.16,0.0,0.94,0.57,1.35,1.54亿,5.42亿,162.99亿,39.07
897,898,688315,诺禾致源,13.87,-1.14,-0.16,0.14,0.72,1.16,4.21,0.42亿,4.16亿,57.73亿,32.2
898,899,600315,上海家化,17.57,-0.96,-0.17,0.29,0.62,0.77,2.09,0.73亿,6.72亿,118.11亿,54.44
899,900,600550,保变电气,9.19,-1.82,-0.17,0.11,2.03,0.86,2.88,3.44亿,18.42亿,169.24亿,150.39
900,901,600645,中源协和,20.02,-0.84,-0.17,-0.05,1.47,1.13,3.47,1.39亿,4.68亿,93.65亿,52.63
901,902,603912,佳力图,7.74,-2.15,-0.17,0.0,2.72,0.65,3.54,1.14亿,5.42亿,41.93亿,257.67
902,903,603939,益丰药房,23.38,-0.72,-0.17,0.0,0.46,0.76,2.17,1.29亿,12.12亿,283.41亿,19.14
903,904,605338,巴比食品,17.53,-0.96,-0.17,0.23,0.77,0.48,2.43,0.34亿,2.48亿,43.47亿,16.77
904,905,688236,春立医疗,14.71,-1.14,-0.17,-0.2,2.5,1.24,4.5,0.29亿,0.79亿,11.66亿,69.20
905,906,688387,信科移动,6.41,-2.58,-0.17,0.0,1.83,0.85,3.34,1.63亿,13.79亿,88.38亿,--
906,907,688523,航天环宇,22.33,-0.76,-0.17,-0.05,1.97,0.59,2.71,0.37亿,0.85亿,19.05亿,133.11
907,908,600185,格力地产,7.69,-2.29,-0.18,-0.13,2.32,0.6,3.43,3.38亿,18.85亿,144.96亿,--
908,909,600198,大唐电信,10.46,-1.69,-0.18,0.0,3.11,0.57,2.63,2.87亿,8.80亿,92.10亿,--
909,910,600238,海南椰岛,9.52,-1.86,-0.18,-0.11,9.25,0.53,5.36,4.01亿,4.45亿,42.36亿,--
910,911,600521,华海药业,17.99,-0.99,-0.18,-0.11,0.7,0.83,2.81,1.85亿,14.67亿,263.87亿,19.19
911,912,600658,电子城,5.14,-3.38,-0.18,0.39,2.8,0.59,4.13,1.62亿,11.19亿,57.50亿,--
912,913,600663,陆家嘴,10.29,-1.72,-0.18,0.29,0.28,1.3,2.48,0.86亿,29.33亿,301.85亿,36.85
913,914,600837,海通证券,11.54,-1.54,-0.18,0.0,0.86,1.1,2.82,9.66亿,96.55亿,1114.14亿,--
914,915,601066,中信建投,27.6,-0.65,-0.18,0.04,0.19,0.73,2.05,3.43亿,64.96亿,1792.81亿,37.36
915,916,601121,宝地矿业,6.62,-2.65,-0.18,0.15,3.63,1.77,4.26,0.92亿,3.80亿,25.16亿,23.29
916,917,601208,东材科技,8.3,-2.12,-0.18,-0.24,1.77,0.85,2.71,1.33亿,8.97亿,74.43亿,23.64
917,918,603298,杭叉集团,17.68,-1.01,-0.18,0.17,0.51,0.8,2.41,1.18亿,13.10亿,231.57亿,11.04
918,919,603327,福蓉科技,13.31,-1.33,-0.18,0.0,1.1,0.83,3.11,1.14亿,7.68亿,102.23亿,53.90
919,920,603612,索通发展,13.76,-1.29,-0.18,0.07,1.48,1.06,2.8,1.02亿,4.98亿,68.54亿,25.77
920,921,605266,健之佳,25.3,-0.71,-0.18,-0.12,1.58,0.65,2.32,0.57亿,1.41亿,35.60亿,29.48
921,922,688157,松井股份,43.61,-0.41,-0.18,0.02,0.28,0.49,2.24,0.14亿,1.12亿,48.73亿,51.3
922,923,688223,晶科能源,8.67,-2.03,-0.18,0.12,1.01,0.65,2.71,2.74亿,31.09亿,269.52亿,53.55
923,924,688575,亚辉龙,17.6,-1.01,-0.18,-0.11,0.74,0.92,2.7,0.75亿,5.70亿,100.37亿,34.43
924,925,688677,海泰新光,38.05,-0.47,-0.18,-0.16,0.58,0.63,3.03,0.27亿,1.21亿,45.89亿,35.34
925,926,600392,盛和资源,11.36,-1.65,-0.19,0.0,1.27,0.6,3.81,2.54亿,17.53亿,199.12亿,160.81
926,927,600511,国药股份,34.98,-0.54,-0.19,0.14,0.87,0.64,1.82,1.69亿,5.53亿,193.56亿,13.36
927,928,600587,新华医疗,18.1,-1.04,-0.19,0.0,1.35,0.76,2.19,1.47亿,6.02亿,108.97亿,13.35
928,929,600736,苏州高新,6.3,-2.93,-0.19,0.0,3.59,0.66,3.85,2.62亿,11.51亿,72.53亿,22.95
929,930,600897,厦门空港,14.9,-1.26,-0.19,0.0,1.0,1.39,2.19,0.63亿,4.17亿,62.12亿,12.55
930,931,601878,浙商证券,12.74,-1.47,-0.19,0.0,1.9,0.59,2.4,11.09亿,45.74亿,582.70亿,34.55
931,932,601995,中金公司,37.0,-0.51,-0.19,0.03,0.7,0.96,1.96,7.56亿,29.24亿,1081.71亿,46.87
932,933,603777,来伊份,11.39,-1.64,-0.19,0.18,2.45,0.49,2.33,0.94亿,3.35亿,38.21亿,--
933,934,603799,华友钴业,32.43,-0.58,-0.19,0.03,1.6,0.95,2.67,8.83亿,16.86亿,546.88亿,13.67
934,935,688150,莱特光电,22.46,-0.84,-0.19,-0.18,2.79,0.96,2.96,1.12亿,1.79亿,40.16亿,52.25
935,936,688401,路维光电,27.86,-0.68,-0.19,0.14,1.48,0.69,2.42,0.47亿,1.16亿,32.24亿,33.37
936,937,688777,中控技术,50.06,-0.38,-0.19,0.08,2.32,1.09,4.48,9.18亿,7.79亿,389.79亿,41.41
937,938,600184,光电股份,10.88,-1.8,-0.2,-0.09,1.42,0.86,2.71,0.79亿,5.09亿,55.35亿,3756.67
938,939,600189,泉阳泉,8.15,-2.4,-0.2,0.0,2.58,0.49,3.83,1.51亿,7.15亿,58.29亿,204.11
939,940,600331,宏达股份,8.19,-2.38,-0.2,0.0,1.43,0.72,3.93,2.42亿,20.32亿,166.42亿,586.15
940,941,600718,东软集团,10.58,-1.85,-0.2,0.0,1.88,1.2,4.82,2.42亿,12.04亿,127.35亿,62.69
941,942,600750,江中药业,20.71,-0.96,-0.2,-0.1,0.8,0.77,2.01,1.04亿,6.27亿,129.88亿,15.4
942,943,600845,宝信软件,27.74,-0.72,-0.2,0.0,0.54,0.97,1.61,3.20亿,21.21亿,588.41亿,31.09
943,944,600882,妙可蓝多,18.5,-1.07,-0.2,0.0,1.16,0.61,2.46,1.10亿,5.12亿,94.73亿,83.54
944,945,601688,华泰证券,18.43,-1.07,-0.2,0.0,0.84,0.9,2.42,11.32亿,72.94亿,1344.35亿,9.96
945,946,603198,迎驾贡酒,60.05,-0.33,-0.2,0.02,0.33,0.78,2.12,1.60亿,8.00亿,480.40亿,17.96
946,947,603881,数据港,16.71,-1.18,-0.2,0.0,1.49,0.87,2.72,1.49亿,5.99亿,100.03亿,71.39
947,948,603919,金徽酒,20.44,-0.97,-0.2,-0.05,0.86,0.87,2.13,0.89亿,5.07亿,103.68亿,23.35
948,949,605337,李子园,11.38,-1.73,-0.2,0.0,1.88,0.47,2.85,0.84亿,3.94亿,44.89亿,21.41
949,950,688106,金宏气体,18.41,-1.07,-0.2,0.0,1.03,0.95,2.15,0.92亿,4.82亿,88.73亿,31.62
950,951,688403,汇成股份,9.17,-2.13,-0.2,0.22,2.48,1.04,2.88,1.32亿,5.79亿,53.09亿,57.15
951,952,688556,高测股份,12.85,-1.53,-0.2,0.0,1.27,0.85,2.22,0.85亿,5.18亿,66.52亿,25.67
952,953,688567,孚能科技,11.79,-1.67,-0.2,0.09,0.66,0.75,3.0,0.95亿,12.22亿,144.09亿,--
953,954,600060,海信视像,19.16,-1.08,-0.21,0.0,0.75,0.83,2.12,1.88亿,12.95亿,248.14亿,14.31
954,955,600062,华润双鹤,20.61,-1.01,-0.21,0.05,0.95,0.78,2.64,2.02亿,10.27亿,211.71亿,11.50
955,956,600378,昊华科技,30.15,-0.69,-0.21,-0.07,0.21,1.01,2.93,0.59亿,9.11亿,274.56亿,29.45
956,957,600480,凌云股份,12.18,-1.7,-0.21,0.08,6.65,0.58,5.89,7.56亿,9.17亿,111.69亿,17.16
957,958,600498,烽火通信,18.18,-1.14,-0.21,0.0,1.18,0.8,2.34,2.50亿,11.67亿,212.08亿,41.04
958,959,600621,华鑫股份,15.88,-1.3,-0.21,0.0,1.96,0.76,2.36,3.31亿,10.61亿,168.47亿,41.58
959,960,600970,中材国际,10.28,-2.0,-0.21,0.0,0.73,1.18,2.96,1.68亿,22.34亿,229.67亿,9.89
960,961,601001,晋控煤业,14.66,-1.41,-0.21,-0.07,0.98,0.89,1.95,2.43亿,16.74亿,245.36亿,8.56
961,962,601225,陕西煤业,24.58,-0.85,-0.21,0.0,0.46,1.1,4.2,10.93亿,96.95亿,2383.03亿,11.21
962,963,601727,上海电气,8.92,-2.3,-0.21,0.11,2.44,0.5,3.94,27.81亿,126.55亿,1128.86亿,137.45
963,964,601869,长飞光纤,28.15,-0.74,-0.21,0.11,0.63,0.96,2.12,0.72亿,4.06亿,114.38亿,27.93
964,965,601881,中国银河,15.8,-1.31,-0.21,0.06,0.78,0.83,2.81,8.93亿,72.43亿,1144.46亿,18.61
965,966,603093,南华期货,12.18,-1.7,-0.21,0.08,0.91,1.22,3.07,0.68亿,6.10亿,74.31亿,15.55
966,967,603970,中农立华,16.04,-1.29,-0.21,0.0,1.62,0.43,2.89,0.70亿,2.69亿,43.12亿,18.46
967,968,688313,仕佳光子,14.03,-1.48,-0.21,0.07,2.19,0.81,2.88,1.41亿,4.59亿,64.37亿,133.33
968,969,688389,普门科技,16.01,-1.29,-0.21,0.06,0.98,1.16,2.65,0.68亿,4.28亿,68.59亿,19.98
969,970,688432,有研硅,12.29,-1.68,-0.21,0.16,1.35,0.82,3.92,0.84亿,5.08亿,62.38亿,59.07
970,971,600053,九鼎投资,16.36,-1.33,-0.22,0.0,1.39,0.67,3.68,0.99亿,4.34亿,70.93亿,759.50
971,972,600199,金种子酒,14.28,-1.52,-0.22,0.0,2.41,0.72,2.9,2.28亿,6.58亿,93.93亿,--
972,973,600200,江苏吴中,9.96,-2.16,-0.22,0.1,2.9,0.82,3.93,2.06亿,7.11亿,70.80亿,118.01
973,974,600657,信达地产,4.83,-4.36,-0.22,0.0,1.85,1.05,6.34,2.58亿,28.52亿,137.75亿,--
974,975,600776,东方通信,12.78,-1.69,-0.22,0.0,2.55,0.48,3.38,3.13亿,9.56亿,122.18亿,116.17
975,976,601012,隆基绿能,17.63,-1.23,-0.22,-0.06,0.94,0.84,1.96,12.60亿,75.78亿,1336.01亿,--
976,977,603063,禾望电气,20.6,-1.06,-0.22,0.0,3.76,1.14,5.04,3.50亿,4.43亿,91.31亿,27.03
977,978,603733,仙鹤股份,19.18,-1.13,-0.22,0.1,0.4,0.88,1.8,0.55亿,7.06亿,135.41亿,12.43
978,979,603983,丸美股份,29.27,-0.75,-0.22,-0.17,0.44,0.64,4.14,0.53亿,4.01亿,117.37亿,36.86
979,980,688122,西部超导,44.06,-0.5,-0.22,-0.27,0.89,0.95,2.06,2.55亿,6.50亿,286.24亿,35.56
980,981,688177,百奥泰,22.0,-0.99,-0.22,-0.05,0.61,0.94,3.6,0.56亿,4.14亿,91.10亿,--
981,982,688508,芯朋微,45.17,-0.48,-0.22,0.0,1.92,0.7,2.6,1.13亿,1.31亿,59.31亿,57.59
982,983,688569,铁科轨道,22.8,-0.96,-0.22,0.22,0.49,0.9,1.82,0.24亿,2.11亿,48.03亿,26.43
983,984,600266,城建发展,5.56,-3.97,-0.23,0.18,2.56,1.5,5.18,2.98亿,20.76亿,115.41亿,15.87
984,985,600552,凯盛科技,12.13,-1.86,-0.23,0.08,2.49,0.92,2.75,2.87亿,9.45亿,114.58亿,76.84
985,986,600649,城投控股,5.0,-4.4,-0.23,0.0,1.79,1.19,5.35,2.29亿,25.30亿,126.48亿,--
986,987,601900,南方传媒,15.79,-1.44,-0.23,0.57,2.24,1.11,6.12,3.19亿,8.96亿,141.46亿,20.05
987,988,603027,千禾味业,12.43,-1.82,-0.23,-0.08,1.45,1.16,2.77,1.75亿,9.61亿,119.48亿,27.25
988,989,603228,景旺电子,24.92,-0.92,-0.23,-0.04,0.96,0.9,2.03,2.21亿,9.21亿,229.41亿,19.27
989,990,603871,嘉友国际,20.54,-1.11,-0.23,0.0,0.72,0.83,3.13,1.45亿,9.77亿,200.71亿,13.83
990,991,603997,继峰股份,11.84,-1.91,-0.23,-0.08,0.49,0.72,2.82,0.74亿,12.66亿,149.90亿,--
991,992,688390,固德威,47.81,-0.48,-0.23,0.02,1.8,0.93,2.04,2.08亿,2.43亿,115.98亿,1005.37
992,993,688660,电气风电,8.96,-2.5,-0.23,-0.11,3.03,0.5,7.83,3.69亿,13.33亿,119.47亿,--
993,994,600151,航天机电,8.43,-2.77,-0.24,0.0,1.78,0.92,3.46,2.15亿,14.34亿,120.91亿,--
994,995,600208,衢州发展,3.2,-6.98,-0.24,-0.31,3.64,0.95,7.56,10.10亿,85.08亿,272.25亿,10.30
995,996,600848,上海临港,10.36,-2.26,-0.24,0.0,0.36,1.02,3.02,0.89亿,23.94亿,248.01亿,31.69
996,997,603087,甘李药业,45.64,-0.52,-0.24,0.04,1.11,1.22,2.55,2.83亿,5.54亿,252.81亿,40.56
997,998,603185,弘元绿能,18.52,-1.28,-0.24,0.16,3.1,1.04,2.98,3.92亿,6.79亿,125.75亿,--
998,999,603230,内蒙新华,13.85,-1.7,-0.24,0.0,17.81,1.47,3.19,2.21亿,0.89亿,12.38亿,12.43
999,1000,603393,新天然气,30.8,-0.77,-0.24,0.0,1.55,0.83,1.87,2.02亿,4.23亿,130.14亿,11.10
1000,1001,605077,华康股份,15.51,-1.52,-0.24,0.07,1.0,0.81,2.41,0.46亿,2.97亿,46.07亿,19.04
1001,1002,688233,神工股份,25.62,-0.93,-0.24,0.08,1.53,0.65,2.82,0.67亿,1.70亿,43.63亿,119.06
1002,1003,688410,山外山,13.03,-1.81,-0.24,0.0,1.32,0.85,3.24,0.40亿,2.31亿,30.14亿,50.69
1003,1004,688519,南亚新材,21.61,-1.1,-0.24,-0.19,0.45,1.04,2.88,0.23亿,2.35亿,50.73亿,69.36
1004,1005,688563,航材股份,62.16,-0.39,-0.24,0.26,1.87,0.95,4.13,1.35亿,1.15亿,71.60亿,48.12
1005,1006,600114,东睦股份,17.52,-1.41,-0.25,0.06,4.76,0.72,4.62,5.20亿,6.16亿,107.99亿,29.27
1006,1007,600391,航发科技,18.74,-1.32,-0.25,0.0,1.34,0.94,2.84,0.83亿,3.30亿,61.87亿,86.99
1007,1008,600877,电科芯片,13.69,-1.79,-0.25,0.07,1.09,0.67,2.3,1.50亿,9.97亿,136.48亿,206.21
1008,1009,600927,永安期货,13.78,-1.78,-0.25,0.0,0.96,1.01,2.5,0.70亿,5.28亿,72.69亿,35.9
1009,1010,601116,三江购物,11.02,-2.22,-0.25,0.0,1.58,0.47,4.26,0.96亿,5.48亿,60.35亿,37.39
1010,1011,603288,海天味业,46.27,-0.54,-0.25,0.0,0.13,0.63,2.19,3.33亿,55.61亿,2572.89亿,40.08
1011,1012,603317,天味食品,13.9,-1.77,-0.25,0.0,0.58,1.1,3.04,0.86亿,10.64亿,147.97亿,25.68
1012,1013,603719,良品铺子,13.13,-1.87,-0.25,0.15,3.01,0.69,3.06,1.59亿,4.01亿,52.65亿,203.65
1013,1014,603833,欧派家居,72.98,-0.34,-0.25,0.0,0.35,0.72,3.91,1.58亿,6.09亿,444.56亿,16.42
1014,1015,605108,同庆楼,25.06,-0.99,-0.25,0.0,1.86,0.54,4.46,1.21亿,2.60亿,65.16亿,58.60
1015,1016,605118,力鼎光电,16.91,-1.46,-0.25,-0.06,1.17,1.09,2.62,0.80亿,4.07亿,68.84亿,44.62
1016,1017,605577,龙版传媒,17.07,-1.44,-0.25,0.0,2.02,0.87,3.81,1.53亿,4.44亿,75.87亿,25.43
1017,1018,688562,航天软件,17.48,-1.41,-0.25,-0.11,1.66,0.87,3.89,0.49亿,1.69亿,29.54亿,--
1018,1019,688798,艾为电子,75.94,-0.33,-0.25,-0.05,1.79,0.62,2.73,1.84亿,1.35亿,102.73亿,74.48
1019,1020,600383,金地集团,5.35,-4.63,-0.26,0.0,3.51,1.7,5.7,8.54亿,45.15亿,241.53亿,--
1020,1021,600699,均胜电子,15.64,-1.64,-0.26,0.0,2.32,1.32,2.89,4.98亿,13.68亿,213.97亿,17.55
1021,1022,600783,鲁信创投,13.98,-1.83,-0.26,-0.07,0.75,0.5,2.88,0.78亿,7.44亿,104.06亿,25.15
1022,1023,600993,马应龙,26.79,-0.96,-0.26,-0.04,1.0,0.5,2.4,1.16亿,4.30亿,115.28亿,18.93
1023,1024,601800,中国交建,10.7,-2.37,-0.26,-0.19,0.53,1.02,2.65,6.64亿,117.47亿,1256.95亿,8.03
1024,1025,603636,南威软件,11.78,-2.16,-0.26,0.17,3.04,0.72,3.07,2.08亿,5.80亿,68.37亿,--
1025,1026,688381,帝奥微,20.63,-1.25,-0.26,0.1,1.84,0.87,3.5,0.70亿,1.84亿,37.87亿,208.90
1026,1027,688507,索辰科技,70.15,-0.37,-0.26,-0.07,4.18,1.11,6.63,1.34亿,0.46亿,31.92亿,--
1027,1028,688549,中巨芯,9.84,-2.57,-0.26,0.0,3.66,0.58,3.96,2.10亿,5.78亿,56.85亿,366.65
1028,1029,688609,九联科技,11.32,-2.25,-0.26,0.09,2.92,0.92,3.89,1.66亿,5.00亿,56.60亿,--
1029,1030,600211,西藏药业,37.25,-0.72,-0.27,-0.05,0.86,1.02,1.79,1.03亿,3.22亿,120.06亿,11.37
1030,1031,600438,通威股份,25.74,-1.04,-0.27,0.0,0.81,0.71,1.88,9.37亿,45.02亿,1158.81亿,--
1031,1032,600588,用友网络,12.66,-2.09,-0.27,-0.16,1.21,0.93,4.49,5.25亿,34.17亿,432.59亿,--
1032,1033,603520,司太立,10.28,-2.56,-0.27,0.0,3.45,0.72,2.94,1.23亿,3.43亿,35.21亿,376.58
1033,1034,688192,迪哲医药,47.93,-0.56,-0.27,0.0,1.44,0.66,3.15,0.85亿,1.23亿,58.99亿,--
1034,1035,688621,阳光诺和,42.69,-0.63,-0.27,-0.02,3.64,2.71,6.87,1.78亿,1.12亿,47.81亿,17.27
1035,1036,600048,保利发展,9.87,-2.76,-0.28,0.0,1.08,1.38,3.25,12.82亿,119.70亿,1181.48亿,11.34
1036,1037,600580,卧龙电驱,15.72,-1.75,-0.28,0.0,4.89,0.69,4.12,10.14亿,13.03亿,204.77亿,24.06
1037,1038,600640,国脉文化,14.4,-1.91,-0.28,-0.14,3.52,1.46,4.36,3.99亿,7.96亿,114.58亿,647.20
1038,1039,603008,喜临门,18.27,-1.51,-0.28,0.0,0.76,0.53,2.75,0.53亿,3.79亿,69.24亿,13.84
1039,1040,603960,克来机电,22.91,-1.21,-0.28,0.04,3.84,0.61,2.42,2.32亿,2.62亿,60.07亿,133.57
1040,1041,688035,德邦科技,37.3,-0.74,-0.28,0.05,2.11,0.81,2.53,0.70亿,0.89亿,33.13亿,65.83
1041,1042,688112,鼎阳科技,31.61,-0.88,-0.28,0.0,1.17,1.24,4.45,0.59亿,1.59亿,50.32亿,41.18
1042,1043,688658,悦康药业,21.17,-1.3,-0.28,0.38,0.56,0.97,3.26,0.54亿,4.50亿,95.27亿,34.07
1043,1044,600111,北方稀土,22.88,-1.25,-0.29,0.0,1.04,0.65,2.72,8.67亿,36.15亿,827.13亿,153.05
1044,1045,600435,北方导航,10.41,-2.71,-0.29,0.0,1.44,1.14,2.71,2.27亿,15.03亿,156.42亿,--
1045,1046,600729,重庆百货,29.65,-0.97,-0.29,-0.2,2.19,0.48,2.44,1.22亿,1.88亿,55.87亿,10.61
1046,1047,601318,中国平安,54.83,-0.53,-0.29,0.07,0.47,1.07,1.54,28.01亿,107.63亿,5901.17亿,6.28
1047,1048,603220,中贝通信,22.03,-1.3,-0.29,0.0,2.56,0.95,2.51,2.45亿,4.34亿,95.60亿,49.63
1048,1049,603279,景津装备,18.42,-1.55,-0.29,-0.05,0.73,0.78,1.92,0.77亿,5.72亿,105.37亿,11.97
1049,1050,603713,密尔克卫,53.92,-0.54,-0.29,0.04,0.64,0.64,2.08,0.55亿,1.62亿,87.24亿,13.36
1050,1051,688173,希荻微,13.33,-2.13,-0.29,0.08,2.67,0.66,3.23,0.85亿,2.39亿,31.81亿,--
1051,1052,600343,航天动力,10.96,-2.66,-0.3,0.0,2.85,1.41,4.44,1.99亿,6.38亿,69.95亿,--
1052,1053,600839,四川长虹,10.82,-2.7,-0.3,0.09,6.24,0.69,4.32,31.37亿,46.15亿,499.34亿,108.72
1053,1054,601211,国泰君安,18.98,-1.56,-0.3,0.05,0.69,1.1,2.28,9.78亿,74.80亿,1419.77亿,13.31
1054,1055,600095,湘财股份,7.66,-3.89,-0.31,0.0,3.52,0.91,3.14,7.77亿,28.59亿,219.01亿,112.81
1055,1056,600106,重庆路桥,7.12,-4.17,-0.31,0.14,6.41,1.29,8.61,6.15亿,13.29亿,94.63亿,56.27
1056,1057,600562,国睿科技,19.17,-1.59,-0.31,0.0,0.68,0.81,3.03,1.62亿,12.34亿,236.56亿,48.48
1057,1058,603103,横店影视,15.47,-1.97,-0.31,0.39,0.79,0.46,3.29,0.78亿,6.34亿,98.11亿,423.21
1058,1059,603883,老百姓,18.83,-1.62,-0.31,0.05,3.49,0.7,3.4,5.02亿,7.58亿,142.72亿,17.04
1059,1060,603888,新华网,25.94,-1.18,-0.31,0.0,4.29,1.29,4.8,5.81亿,5.19亿,134.64亿,64.80
1060,1061,688027,国盾量子,289.08,-0.11,-0.31,0.0,2.85,1.04,5.13,6.74亿,0.80亿,232.35亿,--
1061,1062,600133,东湖高新,10.73,-2.9,-0.32,0.0,2.81,1.0,3.62,3.24亿,10.66亿,114.41亿,39.26
1062,1063,600576,祥源文旅,7.39,-4.15,-0.32,0.0,4.12,0.81,6.1,2.01亿,6.60亿,48.80亿,53.05
1063,1064,605098,行动教育,36.16,-0.88,-0.32,0.0,2.52,0.72,3.48,1.09亿,1.19亿,43.12亿,16.62
1064,1065,605369,拱东医疗,30.54,-1.04,-0.32,0.13,0.48,0.63,3.05,0.23亿,1.58亿,48.12亿,25.53
1065,1066,688006,杭可科技,20.71,-1.52,-0.32,0.1,0.61,0.97,3.14,0.77亿,6.04亿,125.02亿,24.95
1066,1067,688520,神州细胞,38.64,-0.82,-0.32,-0.1,0.41,0.88,3.7,0.70亿,4.45亿,172.08亿,86.06
1067,1068,600178,东安动力,13.07,-2.46,-0.33,0.0,6.9,0.86,4.03,4.24亿,4.66亿,60.97亿,--
1068,1069,600996,贵广网络,9.95,-3.21,-0.33,0.0,1.75,1.17,3.11,2.13亿,12.21亿,121.50亿,--
1069,1070,603396,金辰股份,29.92,-1.09,-0.33,0.0,1.69,0.73,3.27,0.70亿,1.39亿,41.45亿,45.53
1070,1071,688248,南网科技,32.98,-0.99,-0.33,0.18,1.14,1.12,2.25,0.86亿,2.28亿,75.33亿,49.94
1071,1072,688728,格科微,16.03,-2.02,-0.33,0.06,0.82,0.83,3.06,1.92亿,14.49亿,232.26亿,3854.54
1072,1073,600206,有研新材,18.6,-1.79,-0.34,0.05,10.87,0.52,3.54,17.18亿,8.47亿,157.46亿,103.06
1073,1074,600673,东阳光,8.56,-3.82,-0.34,0.12,0.95,0.81,5.39,2.49亿,30.02亿,256.93亿,61.93
1074,1075,601011,宝泰隆,3.08,-9.94,-0.34,0.0,13.28,1.07,5.85,8.01亿,19.16亿,59.00亿,--
1075,1076,688707,振华新材,13.32,-2.49,-0.34,0.0,1.8,0.81,4.32,1.23亿,5.09亿,67.76亿,--
1076,1077,600585,海螺水泥,25.5,-1.35,-0.35,0.08,0.44,1.06,2.44,4.53亿,40.00亿,1019.92亿,19.50
1077,1078,600619,海立股份,12.94,-2.63,-0.35,0.0,5.09,0.45,3.91,5.26亿,7.89亿,102.12亿,458.67
1078,1079,600754,锦江酒店,25.72,-1.34,-0.35,0.0,1.23,0.92,1.88,2.88亿,9.08亿,233.54亿,18.67
1079,1080,601601,中国太保,35.35,-0.98,-0.35,0.03,0.5,0.97,2.49,12.13亿,68.45亿,2419.72亿,6.66
1080,1081,603786,科博达,57.89,-0.6,-0.35,0.0,0.4,1.45,3.86,0.95亿,4.02亿,232.94亿,28.91
1081,1082,603882,金域医学,33.99,-1.02,-0.35,0.03,1.35,0.84,4.22,2.12亿,4.60亿,156.40亿,125.85
1082,1083,688105,诺唯赞,25.0,-1.38,-0.35,0.32,0.44,0.98,3.83,0.45亿,4.01亿,100.36亿,415.28
1083,1084,688205,德科立,68.55,-0.51,-0.35,0.28,3.67,0.91,4.69,1.72亿,0.68亿,46.51亿,81.47
1084,1085,688207,格灵深瞳,16.85,-2.04,-0.35,0.06,6.33,1.02,5.17,1.92亿,1.79亿,30.10亿,--
1085,1086,600456,宝钛股份,29.4,-1.21,-0.36,-0.1,1.08,0.97,2.65,1.54亿,4.78亿,140.47亿,20.39
1086,1087,600600,青岛啤酒,73.48,-0.49,-0.36,-0.03,0.5,0.83,2.06,2.61亿,7.09亿,521.00亿,15.07
1087,1088,600602,云赛智联,14.74,-2.38,-0.36,0.07,2.33,0.89,3.97,3.71亿,10.74亿,158.35亿,95.74
1088,1089,688711,宏微科技,20.23,-1.75,-0.36,0.0,1.88,0.71,4.18,0.82亿,2.13亿,43.07亿,799.32
1089,1090,600486,扬农化工,54.8,-0.67,-0.37,-0.15,0.33,0.75,2.38,0.73亿,4.03亿,220.77亿,16.29
1090,1091,603033,三维股份,12.72,-2.83,-0.37,0.16,0.63,1.01,3.44,0.82亿,10.13亿,128.79亿,182.41
1091,1092,603868,飞科电器,41.33,-0.89,-0.37,0.0,0.17,0.68,1.77,0.30亿,4.36亿,180.03亿,29.06
1092,1093,688668,鼎通科技,36.63,-1.0,-0.37,0.0,1.52,0.71,1.89,0.77亿,1.39亿,50.82亿,48.65
1093,1094,600055,万东医疗,17.58,-2.12,-0.38,0.0,1.55,0.91,3.62,1.49亿,5.41亿,95.08亿,80.10
1094,1095,600859,王府井,14.89,-2.49,-0.38,0.0,2.49,0.78,3.54,4.09亿,10.93亿,162.82亿,29.70
1095,1096,600885,宏发股份,31.93,-1.18,-0.38,-0.06,0.58,0.74,1.61,1.93亿,10.43亿,332.93亿,19.67
1096,1097,601360,三六零,13.09,-2.82,-0.38,0.0,4.34,0.63,6.61,39.92亿,70.00亿,916.24亿,--
1097,1098,603816,顾家家居,28.06,-1.34,-0.38,0.0,0.55,0.77,2.18,1.26亿,8.12亿,227.89亿,12.73
1098,1099,603081,大丰实业,11.43,-3.3,-0.39,0.0,2.62,0.61,3.47,1.22亿,4.06亿,46.40亿,66.65
1099,1100,603477,巨星农牧,18.69,-2.04,-0.39,0.0,1.4,0.95,2.1,1.34亿,5.10亿,95.33亿,27.55
1100,1101,603613,国联股份,25.03,-1.53,-0.39,0.08,1.7,0.91,3.27,3.08亿,7.21亿,180.35亿,12.08
1101,1102,688289,圣湘生物,23.3,-1.65,-0.39,0.0,1.32,0.75,3.42,1.81亿,5.82亿,135.70亿,52.08
1102,1103,688531,日联科技,55.01,-0.7,-0.39,-0.09,1.15,0.81,2.08,0.47亿,0.73亿,40.27亿,44.98
1103,1104,600329,达仁堂,31.63,-1.25,-0.4,-0.1,0.61,0.96,2.28,1.10亿,5.66亿,178.98亿,22.73
1104,1105,600363,联创光电,49.04,-0.81,-0.4,0.0,4.42,0.96,3.24,9.76亿,4.55亿,223.24亿,49.91
1105,1106,600775,南京熊猫,11.35,-3.4,-0.4,0.0,7.25,0.56,4.43,5.56亿,6.72亿,76.25亿,--
1106,1107,603927,中科软,23.37,-1.68,-0.4,0.04,1.42,0.81,3.41,2.77亿,8.31亿,194.21亿,50.27
1107,1108,605090,九丰能源,27.92,-1.41,-0.4,-0.04,0.7,0.84,2.15,1.25亿,6.35亿,177.32亿,8.80
1108,1109,688321,微芯生物,20.64,-1.9,-0.4,-0.1,1.69,1.24,5.56,1.43亿,4.08亿,84.17亿,--
1109,1110,600340,华夏幸福,3.65,-10.1,-0.41,0.0,17.91,1.1,12.31,26.74亿,38.93亿,142.11亿,--
1110,1111,600745,闻泰科技,36.58,-1.11,-0.41,-0.11,2.49,0.47,2.11,11.40亿,12.44亿,455.09亿,82.34
1111,1112,600085,同仁堂,40.19,-1.03,-0.42,0.0,0.57,1.06,3.0,3.16亿,13.71亿,551.19亿,30.62
1112,1113,600696,岩石股份,14.99,-2.73,-0.42,0.0,3.4,0.65,3.89,1.71亿,3.34亿,50.14亿,--
1113,1114,600887,伊利股份,28.82,-1.44,-0.42,-0.1,0.83,1.4,2.33,15.21亿,63.34亿,1825.59亿,12.66
1114,1115,688385,复旦微电,40.98,-1.01,-0.42,-0.07,1.13,0.74,3.0,2.49亿,5.35亿,219.13亿,58.92
1115,1116,600038,中直股份,39.63,-1.07,-0.43,0.05,0.77,0.85,1.45,1.81亿,5.89亿,233.61亿,68.21
1116,1117,600129,太极集团,25.98,-1.63,-0.43,0.0,1.36,0.69,2.95,1.98亿,5.57亿,144.68亿,19.91
1117,1118,600345,长江通信,27.69,-1.53,-0.43,0.11,4.98,0.64,5.01,2.77亿,1.98亿,54.83亿,137.49
1118,1119,600894,广日股份,13.2,-3.15,-0.43,0.08,0.96,0.85,4.04,1.10亿,8.60亿,113.51亿,15.87
1119,1120,603171,税友股份,32.4,-1.31,-0.43,0.12,1.46,0.55,4.84,1.92亿,4.06亿,131.51亿,85.26
1120,1121,603348,文灿股份,27.89,-1.52,-0.43,0.14,2.77,0.7,3.28,2.05亿,2.64亿,73.65亿,66.36
1121,1122,688110,东芯股份,22.43,-1.88,-0.43,0.0,2.55,0.7,2.93,1.59亿,2.77亿,62.03亿,--
1122,1123,688552,航天南湖,20.04,-2.1,-0.43,0.05,3.09,0.54,3.27,0.52亿,0.84亿,16.83亿,--
1123,1124,688601,力芯微,46.77,-0.91,-0.43,0.13,2.33,0.6,3.5,1.46亿,1.34亿,62.53亿,46.68
1124,1125,600694,大商股份,21.11,-2.04,-0.44,-0.19,2.86,0.63,3.39,1.89亿,3.13亿,66.09亿,9.33
1125,1126,688133,泰坦科技,23.9,-1.81,-0.44,0.21,1.3,0.72,5.59,0.51亿,1.64亿,39.30亿,303.62
1126,1127,601028,玉龙股份,13.66,-3.19,-0.45,0.07,7.87,1.49,6.73,8.34亿,7.83亿,106.96亿,27.84
1127,1128,601606,长城军工,13.35,-3.26,-0.45,0.23,3.91,0.75,3.19,3.80亿,7.24亿,96.68亿,--
1128,1129,603138,海量数据,16.77,-2.61,-0.45,0.0,3.39,0.68,3.95,1.62亿,2.83亿,47.48亿,--
1129,1130,603877,太平鸟,14.68,-2.97,-0.45,-0.07,0.84,0.52,3.57,0.59亿,4.69亿,68.90亿,48.39
1130,1131,600309,万华化学,73.17,-0.62,-0.46,0.03,0.47,0.83,1.57,10.93亿,31.40亿,2297.35亿,15.53
1131,1132,603153,上海建科,19.45,-2.31,-0.46,0.05,3.2,0.87,2.86,0.85亿,1.35亿,26.26亿,41.86
1132,1133,688209,英集芯,18.54,-2.42,-0.46,-0.05,2.53,0.6,3.53,1.41亿,2.99亿,55.41亿,67.03
1133,1134,688702,盛科通信,72.02,-0.64,-0.46,0.01,0.9,0.68,4.1,1.30亿,2.01亿,145.11亿,--
1134,1135,600410,华胜天成,9.18,-4.87,-0.47,0.0,33.63,0.9,9.74,34.04亿,10.96亿,100.66亿,--
1135,1136,601138,工业富联,22.13,-2.08,-0.47,0.05,0.47,0.82,2.74,20.70亿,198.64亿,4395.89亿,21.78
1136,1137,603303,得邦照明,12.22,-3.7,-0.47,-0.08,0.8,1.12,4.57,0.47亿,4.77亿,58.28亿,16.93
1137,1138,688478,晶升股份,33.58,-1.38,-0.47,0.0,2.9,1.13,3.73,0.99亿,1.02亿,34.26亿,64.08
1138,1139,688639,华恒生物,35.3,-1.31,-0.47,0.03,1.66,0.87,3.16,1.36亿,2.28亿,80.61亿,38.91
1139,1140,601038,一拖股份,15.5,-3.0,-0.48,0.0,1.96,1.75,4.07,2.26亿,7.32亿,113.41亿,11.87
1140,1141,603219,富佳股份,14.52,-3.2,-0.48,0.21,3.47,0.93,4.07,2.82亿,5.61亿,81.52亿,42.19
1141,1142,688126,沪硅产业,21.6,-2.17,-0.48,-0.19,0.56,0.8,3.31,3.29亿,27.20亿,587.58亿,--
1142,1143,688202,美迪西,37.75,-1.26,-0.48,-0.19,4.86,2.03,8.27,2.56亿,1.35亿,50.84亿,--
1143,1144,688351,微电生理,22.62,-2.08,-0.48,0.04,1.85,0.62,4.16,0.53亿,1.25亿,28.24亿,191.33
1144,1145,688581,安杰思,62.4,-0.76,-0.48,-0.02,0.88,0.74,1.7,0.22亿,0.41亿,25.35亿,19.16
1145,1146,601595,上海电影,27.38,-1.76,-0.49,0.0,2.29,0.73,4.23,2.81亿,4.48亿,122.72亿,85.69
1146,1147,603078,江化微,18.56,-2.57,-0.49,0.0,6.38,0.59,4.62,4.61亿,3.86亿,71.57亿,62.23
1147,1148,603305,旭升集团,15.36,-3.09,-0.49,0.07,3.42,0.67,5.3,4.93亿,9.33亿,143.34亿,33.29
1148,1149,688123,聚辰股份,57.94,-0.84,-0.49,-0.1,2.4,1.01,3.59,2.19亿,1.57亿,91.21亿,32.37
1149,1150,688180,君实生物,30.4,-1.59,-0.49,0.0,0.9,0.84,4.01,2.11亿,7.65亿,232.42亿,--
1150,1151,600460,士兰微,27.79,-1.77,-0.5,0.07,1.74,0.62,2.23,8.07亿,16.64亿,462.45亿,1201.02
1151,1152,600861,北京人力,19.59,-2.49,-0.5,-0.1,0.59,0.7,3.83,0.43亿,3.67亿,71.81亿,12.97
1152,1153,603057,紫燕食品,17.39,-2.79,-0.5,-0.23,6.49,0.9,4.64,0.77亿,0.68亿,11.84亿,15.48
1153,1154,603069,海汽集团,20.28,-2.41,-0.5,0.05,2.5,0.48,3.08,1.60亿,3.16亿,64.08亿,--
1154,1155,603322,超讯通信,36.2,-1.36,-0.5,0.06,5.51,1.29,6.24,3.14亿,1.58亿,57.05亿,168.27
1155,1156,688190,云路股份,80.3,-0.62,-0.5,0.0,0.31,0.81,3.02,0.30亿,1.20亿,96.36亿,27.49
1156,1157,603178,圣龙股份,21.95,-2.27,-0.51,-0.05,2.54,0.6,3.43,1.33亿,2.36亿,51.89亿,567.17
1157,1158,603337,杰克股份,30.09,-1.67,-0.51,0.2,0.45,1.03,2.94,0.65亿,4.76亿,143.33亿,17.60
1158,1159,603658,安图生物,45.13,-1.12,-0.51,-0.07,0.4,1.01,1.88,1.06亿,5.81亿,262.21亿,20.57
1159,1160,601155,新城控股,12.82,-3.9,-0.52,0.08,1.21,1.34,4.72,3.54亿,22.56亿,289.17亿,14.91
1160,1161,603659,璞泰来,18.63,-2.71,-0.52,-0.05,0.84,0.65,2.71,3.37亿,21.36亿,398.01亿,24.11
1161,1162,600761,安徽合力,17.82,-2.89,-0.53,0.0,3.64,1.3,2.83,5.82亿,8.91亿,158.72亿,10.81
1162,1163,688599,天合光能,23.68,-2.19,-0.53,0.09,0.68,0.7,2.97,3.53亿,21.79亿,516.07亿,--
1163,1164,600446,金证股份,17.75,-2.95,-0.54,0.06,4.1,0.79,3.77,6.95亿,9.46亿,167.96亿,--
1164,1165,603611,诺力股份,19.22,-2.73,-0.54,0.05,5.04,0.8,4.35,2.52亿,2.58亿,49.51亿,10.23
1165,1166,688005,容百科技,34.78,-1.53,-0.54,0.0,2.23,0.75,3.48,2.46亿,3.15亿,109.71亿,108.25
1166,1167,688066,航天宏图,24.41,-2.16,-0.54,0.04,2.54,0.57,3.37,1.63亿,2.61亿,63.78亿,--
1167,1168,688278,特宝生物,70.3,-0.76,-0.54,0.0,0.57,1.04,2.68,1.62亿,4.07亿,285.98亿,38.70
1168,1169,688063,派能科技,45.85,-1.19,-0.55,0.0,1.5,0.9,2.03,1.70亿,2.45亿,112.50亿,225.77
1169,1170,688172,燕东微,23.1,-2.33,-0.55,0.22,0.85,0.72,3.47,1.15亿,5.81亿,134.14亿,--
1170,1171,688396,华润微,49.45,-1.1,-0.55,0.04,0.36,0.65,2.4,2.36亿,13.24亿,654.48亿,98.31
1171,1172,603517,绝味食品,19.2,-2.83,-0.56,0.05,2.84,0.79,3.34,3.39亿,6.20亿,119.03亿,20.36
1172,1173,600259,广晟有色,30.01,-1.86,-0.57,0.03,1.36,0.65,2.91,1.35亿,3.29亿,98.88亿,--
1173,1174,603556,海兴电力,37.62,-1.49,-0.57,0.0,1.54,1.65,3.56,2.82亿,4.89亿,183.84亿,17.42
1174,1175,605358,立昂微,26.37,-2.12,-0.57,-0.04,0.96,0.65,2.67,1.72亿,6.71亿,177.04亿,--
1175,1176,688208,道通科技,36.98,-1.52,-0.57,-0.05,1.88,0.67,2.37,3.17亿,4.52亿,167.10亿,23.15
1176,1177,688700,东威科技,29.65,-1.89,-0.57,0.07,1.58,0.75,5.2,1.42亿,2.98亿,88.48亿,97.01
1177,1178,600316,洪都航空,32.78,-1.74,-0.58,0.09,0.98,0.78,2.58,2.31亿,7.17亿,235.07亿,1239.87
1178,1179,600183,生益科技,22.17,-2.59,-0.59,-0.18,1.19,1.08,4.13,6.30亿,23.71亿,525.73亿,29.44
1179,1180,688100,威胜信息,35.83,-1.62,-0.59,-0.06,0.36,0.82,2.44,0.64亿,4.92亿,176.17亿,31.27
1180,1181,600118,中国卫星,28.46,-2.06,-0.6,-0.11,1.45,0.56,2.06,4.90亿,11.82亿,336.54亿,--
1181,1182,603773,沃格光电,24.43,-2.4,-0.6,0.0,2.81,0.59,3.36,1.41亿,2.04亿,49.73亿,--
1182,1183,603899,晨光股份,30.9,-1.91,-0.6,-0.07,0.88,0.67,2.38,2.54亿,9.24亿,285.46亿,20.96
1183,1184,605111,新洁能,34.16,-1.73,-0.6,0.03,2.41,0.74,2.47,3.44亿,4.15亿,141.88亿,32.03
1184,1185,688138,清溢光电,24.89,-2.39,-0.61,0.0,0.88,0.84,3.69,0.59亿,2.67亿,66.41亿,41.34
1185,1186,688561,奇安信,30.79,-1.94,-0.61,-0.07,0.64,0.74,4.39,1.36亿,6.85亿,210.97亿,--
1186,1187,600285,羚锐制药,21.63,-2.79,-0.62,-0.19,3.33,1.07,4.94,4.09亿,5.67亿,122.67亿,16.03
1187,1188,688161,威高骨科,28.26,-2.15,-0.62,-0.39,0.19,1.06,3.19,0.22亿,4.00亿,113.04亿,51.60
1188,1189,600850,电科数字,23.87,-2.57,-0.63,-0.08,1.7,0.95,3.67,2.50亿,6.10亿,145.58亿,40.43
1189,1190,600131,国网信通,21.45,-2.9,-0.64,-0.14,3.86,2.9,8.6,9.63亿,11.96亿,256.52亿,64.89
1190,1191,600862,中航高科,24.25,-2.57,-0.64,0.0,0.86,1.19,3.09,2.92亿,13.93亿,337.81亿,27.78
1191,1192,603508,思维列控,22.69,-2.74,-0.64,0.0,1.24,1.17,3.04,1.08亿,3.81亿,86.51亿,19.80
1192,1193,603528,多伦科技,9.54,-6.29,-0.64,0.0,15.26,4.61,12.38,10.53亿,7.06亿,67.35亿,120.27
1193,1194,688088,虹软科技,37.36,-1.68,-0.64,0.0,2.79,1.17,5.76,4.21亿,4.01亿,149.88亿,127.32
1194,1195,600990,四创电子,23.97,-2.64,-0.65,0.0,2.99,1.07,3.94,1.93亿,2.69亿,64.48亿,--
1195,1196,603267,鸿远电子,41.02,-1.56,-0.65,0.02,1.11,0.83,2.57,1.05亿,2.31亿,94.79亿,55.80
1196,1197,603650,彤程新材,34.73,-1.84,-0.65,0.0,0.98,0.6,2.49,2.03亿,5.96亿,206.87亿,35.58
1197,1198,603690,至纯科技,26.36,-2.41,-0.65,-0.11,2.32,0.66,3.0,2.38亿,3.86亿,101.64亿,39.59
1198,1199,688311,盟升电子,31.88,-2.03,-0.66,0.0,1.53,0.79,3.38,0.80亿,1.65亿,52.58亿,--
1199,1200,688631,莱斯信息,96.1,-0.69,-0.67,0.0,3.61,0.77,3.59,2.13亿,0.61亿,58.85亿,756.38
1200,1201,600482,中国动力,23.17,-2.85,-0.68,-0.04,1.01,0.9,3.23,5.35亿,22.52亿,521.72亿,52.65
1201,1202,600702,舍得酒业,73.9,-0.91,-0.68,-0.01,2.17,0.71,2.35,5.35亿,3.32亿,245.55亿,27.61
1202,1203,688629,华丰科技,34.64,-1.93,-0.68,0.0,4.01,0.81,5.01,2.29亿,1.65亿,57.07亿,--
1203,1204,688029,南微医学,71.35,-0.98,-0.71,0.01,1.05,1.03,2.37,1.41亿,1.88亿,134.03亿,22.28
1204,1205,601698,中国卫通,21.57,-3.23,-0.72,-0.05,1.2,0.78,3.37,11.02亿,42.24亿,911.20亿,142.12
1205,1206,688002,睿创微纳,48.57,-1.48,-0.73,0.1,0.97,0.7,3.45,2.14亿,4.48亿,217.82亿,33.80
1206,1207,688375,国博电子,49.84,-1.44,-0.73,0.0,0.51,0.65,2.95,0.68亿,2.65亿,132.31亿,72.71
1207,1208,688680,海优新材,38.58,-1.86,-0.73,0.0,1.41,0.64,3.23,0.46亿,0.84亿,32.41亿,--
1208,1209,603002,宏昌电子,6.63,-10.04,-0.74,0.0,14.61,1.27,4.88,10.79亿,11.02亿,73.07亿,153.59
1209,1210,603893,瑞芯微,83.79,-0.88,-0.74,0.05,0.8,0.66,2.39,2.80亿,4.18亿,350.32亿,74.74
1210,1211,688380,中微半导,27.53,-2.62,-0.74,0.0,3.08,0.75,3.64,1.26亿,1.48亿,40.68亿,74.25
1211,1212,688598,金博股份,24.99,-2.88,-0.74,-0.04,3.4,0.94,4.08,1.76亿,2.04亿,51.02亿,--
1212,1213,603667,五洲新春,28.7,-2.55,-0.75,-0.1,37.62,3.25,12.87,43.47亿,3.66亿,105.10亿,80.27
1213,1214,688062,迈威生物,24.01,-3.03,-0.75,0.04,1.4,0.63,3.92,0.70亿,2.04亿,49.02亿,--
1214,1215,688147,微导纳米,29.85,-2.45,-0.75,0.03,3.76,0.7,3.5,1.08亿,0.96亿,28.61亿,67.97
1215,1216,688268,华特气体,51.4,-1.44,-0.75,-0.02,0.8,0.74,2.61,0.50亿,1.20亿,61.79亿,34.98
1216,1217,688232,新点软件,32.18,-2.31,-0.76,-0.16,1.52,0.88,5.28,0.85亿,1.73亿,55.83亿,--
1217,1218,600895,张江高科,28.37,-2.64,-0.77,0.04,2.23,0.57,3.36,9.89亿,15.49亿,439.36亿,64.48
1218,1219,605123,派克新材,58.0,-1.31,-0.77,-0.14,0.77,0.75,2.11,0.54亿,1.21亿,70.28亿,21.34
1219,1220,605009,豪悦护理,40.69,-1.88,-0.78,0.1,0.92,0.69,2.94,0.58亿,1.55亿,62.93亿,16.09
1220,1221,600763,通策医疗,48.91,-1.59,-0.79,-0.02,1.38,1.08,2.8,3.05亿,4.47亿,218.77亿,32.93
1221,1222,601689,拓普集团,53.58,-1.45,-0.79,-0.11,1.67,1.13,4.95,15.27亿,16.86亿,903.37亿,30.33
1222,1223,688166,博瑞医药,32.0,-2.41,-0.79,0.0,1.92,0.87,4.67,2.61亿,4.22亿,135.19亿,57.15
1223,1224,688516,奥特维,45.55,-1.71,-0.79,0.04,1.17,0.66,2.24,1.56亿,2.91亿,132.46亿,9.23
1224,1225,603501,韦尔股份,98.54,-0.81,-0.81,0.09,0.81,0.68,1.69,9.75亿,12.14亿,1196.70亿,37.79
1225,1226,688206,概伦电子,22.33,-3.5,-0.81,-0.18,2.28,0.51,3.8,0.91亿,1.77亿,39.54亿,--
1226,1227,600760,中航沈飞,47.65,-1.69,-0.82,0.27,0.67,0.95,2.48,8.73亿,27.45亿,1307.87亿,54.18
1227,1228,688041,海光信息,128.99,-0.63,-0.82,0.12,1.58,0.71,2.69,18.08亿,8.87亿,1143.57亿,147.38
1228,1229,603283,赛腾股份,72.38,-1.13,-0.83,-0.01,2.61,0.71,2.99,3.69亿,1.95亿,141.14亿,22.89
1229,1230,688776,国光电气,58.35,-1.4,-0.83,-0.02,0.86,0.71,2.81,0.55亿,1.08亿,63.24亿,109.58
1230,1231,600835,上海机电,20.3,-4.02,-0.85,0.1,4.25,1.0,8.37,7.15亿,8.07亿,163.72亿,21.38
1231,1232,688612,威迈斯,27.9,-2.96,-0.85,-0.07,1.25,0.68,2.61,0.67亿,1.93亿,53.89亿,29.75
1232,1233,600071,凤凰光学,23.05,-3.64,-0.87,0.0,3.76,1.33,3.51,2.44亿,2.82亿,64.90亿,--
1233,1234,688220,翱捷科技,39.38,-2.16,-0.87,-0.05,1.41,0.79,2.91,1.26亿,2.25亿,88.45亿,--
1234,1235,600246,万通发展,8.3,-9.68,-0.89,-0.24,7.74,1.72,10.99,13.07亿,19.87亿,164.95亿,--
1235,1236,688259,创耀科技,38.29,-2.27,-0.89,-0.49,1.76,0.97,2.94,0.55亿,0.81亿,30.92亿,68.42
1236,1237,688568,中科星图,57.61,-1.52,-0.89,0.14,1.23,0.53,2.77,3.88亿,5.43亿,313.01亿,161.14
1237,1238,688337,普源精电,44.61,-1.98,-0.9,0.75,2.5,0.96,5.14,0.74亿,0.66亿,29.32亿,108.00
1238,1239,688347,华虹公司,49.44,-1.79,-0.9,-0.04,2.96,0.79,3.85,5.72亿,3.91亿,193.53亿,110.25
1239,1240,600732,爱旭股份,13.55,-6.29,-0.91,0.0,4.54,1.21,6.02,9.98亿,15.97亿,216.41亿,--
1240,1241,688333,铂力特,47.58,-1.9,-0.92,-0.02,1.3,0.69,3.5,1.70亿,2.72亿,129.31亿,363.35
1241,1242,688409,富创精密,59.98,-1.51,-0.92,0.08,1.54,0.49,3.1,1.67亿,1.79亿,107.38亿,73.03
1242,1243,600584,长电科技,38.63,-2.35,-0.93,0.0,2.06,0.73,3.16,14.29亿,17.89亿,691.25亿,48.17
1243,1244,688630,芯碁微装,63.56,-1.44,-0.93,0.03,0.97,0.69,2.6,0.82亿,1.32亿,83.73亿,40.50
1244,1245,603678,火炬电子,30.61,-2.98,-0.94,-0.03,1.38,0.7,4.12,1.96亿,4.58亿,140.30亿,46.57
1245,1246,688091,上海谊众,41.15,-2.23,-0.94,0.07,1.02,0.71,4.56,0.87亿,2.06亿,84.67亿,183.16
1246,1247,688279,峰岹科技,150.57,-0.62,-0.94,0.01,1.36,0.64,3.43,1.15亿,0.56亿,84.11亿,56.74
1247,1248,688363,华熙生物,58.32,-1.59,-0.94,0.0,0.51,0.92,2.6,1.43亿,4.82亿,280.92亿,58.20
1248,1249,688686,奥普特,69.05,-1.36,-0.95,-0.01,1.36,0.82,3.89,1.16亿,1.22亿,84.40亿,47.98
1249,1250,600571,信雅达,15.46,-5.9,-0.97,-0.19,25.87,3.21,17.53,19.10亿,4.58亿,70.77亿,--
1250,1251,688676,金盘科技,31.89,-2.95,-0.97,0.0,1.65,0.62,3.01,2.42亿,4.57亿,145.88亿,27.09
1251,1252,688515,裕太微,91.76,-1.06,-0.98,0.0,2.71,0.59,3.2,1.23亿,0.49亿,45.12亿,--
1252,1253,688139,海尔生物,33.18,-2.9,-0.99,0.06,1.08,1.43,4.3,1.14亿,3.18亿,105.50亿,25.59
1253,1254,688249,晶合集成,27.5,-3.48,-0.99,0.0,3.54,0.94,5.51,11.43亿,11.77亿,323.60亿,148.34
1254,1255,601519,大智慧,10.66,-8.58,-1.0,0.0,17.29,0.93,12.44,39.05亿,20.04亿,213.61亿,--
1255,1256,688266,泽璟制药,67.17,-1.47,-1.0,-0.09,0.6,0.73,3.08,1.07亿,2.65亿,177.80亿,--
1256,1257,603005,晶方科技,27.72,-3.52,-1.01,0.0,5.92,0.73,3.9,10.81亿,6.52亿,180.78亿,73.50
1257,1258,688025,杰普特,51.03,-1.96,-1.02,0.06,1.56,0.83,3.82,0.76亿,0.95亿,48.50亿,35.22
1258,1259,688261,东微半导,47.35,-2.11,-1.02,0.09,2.29,0.77,3.16,0.90亿,0.83亿,39.07亿,142.03
1259,1260,600171,上海贝岭,38.1,-2.63,-1.03,0.0,5.64,0.55,2.96,15.32亿,7.09亿,270.10亿,84.91
1260,1261,688343,云天励飞,42.04,-2.41,-1.04,0.0,5.8,0.79,4.88,6.35亿,2.58亿,108.41亿,--
1261,1262,603009,北特科技,41.18,-2.49,-1.05,-0.02,7.39,0.95,9.52,10.40亿,3.38亿,139.36亿,171.94
1262,1263,688506,百利天恒,221.63,-0.48,-1.06,0.0,1.28,0.76,4.21,2.58亿,0.90亿,200.47亿,16.40
1263,1264,688400,凌云光,24.06,-4.26,-1.07,0.0,5.5,1.22,6.25,3.20亿,2.40亿,57.68亿,74.69
1264,1265,688305,科德数控,74.02,-1.44,-1.08,-0.09,1.6,0.9,3.69,1.22亿,1.02亿,75.28亿,78.55
1265,1266,688239,航宇科技,39.02,-2.74,-1.1,-0.03,1.14,1.01,3.29,0.65亿,1.47亿,57.24亿,29.36
1266,1267,688107,安路科技,29.8,-3.59,-1.11,0.03,0.82,0.71,4.59,1.00亿,4.01亿,119.45亿,--
1267,1268,688297,中无人机,43.33,-2.5,-1.11,0.0,1.83,0.74,3.02,2.17亿,2.72亿,117.69亿,--
1268,1269,688359,三孚新科,44.91,-2.43,-1.12,-0.02,1.06,0.91,5.21,0.44亿,0.93亿,41.76亿,--
1269,1270,688536,思瑞浦,107.68,-1.03,-1.12,0.07,1.75,0.78,2.65,2.49亿,1.33亿,142.78亿,--
1270,1271,688293,奥浦迈,44.59,-2.47,-1.13,0.23,0.39,0.53,4.57,0.14亿,0.79亿,35.06亿,140.93
1271,1272,688392,骄成超声,43.24,-2.61,-1.16,0.23,1.23,0.79,4.75,0.37亿,0.70亿,30.19亿,182.06
1272,1273,688366,昊海生科,62.79,-1.89,-1.21,-0.27,0.34,1.06,3.14,0.41亿,1.94亿,121.84亿,32.35
1273,1274,688023,安恒信息,51.91,-2.3,-1.22,-0.06,2.52,0.79,4.71,1.35亿,1.02亿,52.98亿,--
1274,1275,688606,奥泰生物,68.9,-1.77,-1.24,0.15,0.62,0.95,3.18,0.34亿,0.79亿,54.62亿,20.74
1275,1276,601888,中国中免,69.29,-1.8,-1.27,-0.03,0.72,0.74,1.97,9.82亿,19.52亿,1352.87亿,27.43
1276,1277,603083,剑桥科技,42.12,-2.93,-1.27,0.0,6.64,0.99,3.94,7.45亿,2.65亿,111.65亿,55.80
1277,1278,688800,瑞可达,40.82,-3.06,-1.29,0.0,2.44,0.55,4.73,1.61亿,1.58亿,64.67亿,45.77
1278,1279,688270,臻镭科技,41.97,-3.05,-1.32,0.02,3.07,0.59,4.85,1.88亿,1.44亿,60.53亿,465.87
1279,1280,688212,澳华内镜,45.8,-2.82,-1.33,-0.02,1.1,0.99,3.31,0.68亿,1.35亿,61.64亿,123.93
1280,1281,688331,荣昌生物,35.65,-3.6,-1.33,-0.2,2.35,0.93,6.68,1.37亿,1.62亿,57.73亿,--
1281,1282,600132,重庆啤酒,63.62,-2.09,-1.36,0.02,0.94,0.71,2.6,2.91亿,4.84亿,307.90亿,17.34
1282,1283,688008,澜起科技,68.82,-1.94,-1.36,-0.09,1.8,0.8,2.96,14.26亿,11.43亿,786.29亿,60.29
1283,1284,688596,正帆科技,37.86,-3.49,-1.37,0.0,1.86,0.87,5.28,2.06亿,2.89亿,109.48亿,24.76
1284,1285,688543,国科军工,49.92,-2.69,-1.38,-0.06,2.53,1.16,3.2,1.04亿,0.82亿,40.76亿,44.08
1285,1286,688408,中信博,74.41,-1.83,-1.39,0.07,0.99,0.67,4.3,1.50亿,2.02亿,150.59亿,28.54
1286,1287,603486,科沃斯,49.46,-2.75,-1.4,0.02,1.25,1.19,4.21,3.54亿,5.69亿,281.53亿,34.70
1287,1288,688595,芯海科技,37.81,-3.57,-1.4,-0.03,3.07,0.94,4.51,1.66亿,1.42亿,53.85亿,--
1288,1289,688522,纳睿雷达,55.0,-2.5,-1.41,0.31,1.99,0.93,3.42,0.94亿,0.85亿,46.61亿,343.42
1289,1290,688234,天岳先进,58.12,-2.38,-1.42,-0.02,1.6,0.68,3.29,2.49亿,2.64亿,153.66亿,130.96
1290,1291,600893,航发动力,40.27,-3.54,-1.48,-0.03,0.99,1.68,3.76,10.72亿,26.65亿,1073.25亿,110.87
1291,1292,603345,安井食品,82.83,-1.79,-1.51,-0.01,1.57,1.04,2.57,3.83亿,2.93亿,242.94亿,17.40
1292,1293,688183,生益电子,37.47,-3.87,-1.51,0.0,0.85,0.72,6.0,2.63亿,8.32亿,311.68亿,125.33
1293,1294,688439,振华风光,56.0,-2.66,-1.53,0.02,1.97,1.01,3.32,1.27亿,1.14亿,63.79亿,33.81
1294,1295,688016,心脉医疗,109.48,-1.4,-1.55,-0.02,1.47,0.44,3.58,2.00亿,1.23亿,134.95亿,18.29
1295,1296,688348,昱能科技,54.48,-2.8,-1.57,0.06,2.45,0.96,3.23,1.08亿,0.81亿,43.90亿,42.72
1296,1297,688356,键凯科技,61.8,-2.52,-1.6,-1.04,1.15,0.78,5.49,0.44亿,0.61亿,37.48亿,86.09
1297,1298,688262,国芯科技,33.92,-4.61,-1.64,0.03,6.56,0.69,4.61,5.96亿,2.64亿,89.67亿,--
1298,1299,688188,柏楚电子,181.87,-0.9,-1.65,-0.12,0.43,0.57,2.7,1.62亿,2.05亿,373.66亿,38.62
1299,1300,688383,新益昌,50.34,-3.23,-1.68,0.06,1.55,1.07,4.58,0.80亿,1.02亿,51.41亿,55.51
1300,1301,603605,珀莱雅,90.53,-1.83,-1.69,0.01,0.81,1.07,1.93,2.93亿,3.95亿,357.96亿,26.93
1301,1302,603398,沐邦高科,26.16,-6.3,-1.76,0.0,4.84,0.81,5.95,5.54亿,4.34亿,113.44亿,--
1302,1303,603383,顶点软件,41.39,-4.14,-1.79,0.0,5.2,0.83,8.04,4.48亿,2.04亿,84.35亿,62.98
1303,1304,600605,汇通能源,39.8,-4.33,-1.8,0.08,3.45,1.41,10.05,2.88亿,2.06亿,82.10亿,62.57
1304,1305,688696,极米科技,92.4,-1.93,-1.82,-0.02,1.8,0.78,5.29,1.18亿,0.70亿,64.68亿,--
1305,1306,688582,芯动联科,50.04,-3.56,-1.85,-0.06,2.24,0.94,4.66,2.80亿,2.44亿,121.94亿,108.88
1306,1307,688789,宏华数科,65.41,-2.81,-1.89,0.0,1.31,1.21,3.33,1.56亿,1.79亿,117.38亿,28.40
1307,1308,688521,芯原股份,49.5,-3.7,-1.9,0.02,1.4,0.61,3.85,3.48亿,4.98亿,246.40亿,--
1308,1309,603290,斯达半导,99.3,-1.97,-1.99,0.07,1.29,0.65,2.12,3.09亿,2.39亿,237.70亿,42.11
1309,1310,688032,禾迈股份,122.45,-1.6,-1.99,-0.02,1.82,0.83,2.4,1.39亿,0.62亿,75.97亿,46.28
1310,1311,603019,中科曙光,74.99,-2.6,-2.0,0.0,4.33,0.61,3.61,47.59亿,14.59亿,1093.81亿,106.94
1311,1312,688050,爱博医疗,95.0,-2.06,-2.0,-0.08,1.14,1.2,4.4,2.06亿,1.90亿,180.07亿,42.52
1312,1313,688525,佰维存储,58.29,-3.33,-2.01,-0.02,3.6,0.84,3.63,6.61亿,3.13亿,182.17亿,82.64
1313,1314,688017,绿的谐波,122.37,-1.63,-2.03,0.08,5.03,0.89,7.31,10.56亿,1.69亿,206.52亿,263.27
1314,1315,603099,长白山,46.82,-4.17,-2.04,0.0,7.79,0.98,7.74,10.06亿,2.67亿,124.86亿,63.34
1315,1316,605199,葫芦娃,18.34,-10.01,-2.04,0.0,12.92,3.93,5.2,9.61亿,4.00亿,73.38亿,65.61
1316,1317,688012,中微公司,214.04,-0.95,-2.05,-0.08,0.85,0.61,3.3,11.38亿,6.22亿,1332.11亿,109.43
1317,1318,688047,龙芯中科,153.7,-1.33,-2.08,0.07,1.28,0.69,3.39,5.48亿,2.80亿,429.81亿,--
1318,1319,688185,康希诺,68.29,-2.96,-2.08,0.0,2.07,0.99,4.62,1.64亿,1.15亿,78.38亿,--
1319,1320,603728,鸣志电器,58.01,-3.54,-2.13,0.0,5.92,0.92,6.82,14.74亿,4.19亿,242.99亿,385.53
1320,1321,688981,中芯国际,86.78,-2.42,-2.15,-0.01,2.13,0.75,3.1,36.99亿,19.88亿,1725.50亿,191.81
1321,1322,600519,贵州茅台,1518.8,-0.14,-2.21,0.0,0.16,0.8,1.09,30.08亿,12.56亿,19079.10亿,23.52
1322,1323,605117,德业股份,85.48,-2.52,-2.21,-0.01,0.94,0.99,3.31,4.95亿,6.09亿,520.71亿,18.47
1323,1324,688559,海目星,38.44,-5.44,-2.21,0.0,3.67,1.22,5.86,2.98亿,2.07亿,79.42亿,42.47
1324,1325,688019,安集科技,146.8,-1.49,-2.22,-0.07,1.54,0.87,3.44,2.94亿,1.29亿,189.69亿,36.24
1325,1326,688281,华秦科技,95.14,-2.38,-2.32,0.0,1.57,0.66,3.64,0.73亿,0.49亿,46.31亿,44.89
1326,1327,688095,福昕软件,79.97,-2.83,-2.33,0.04,4.43,1.03,6.77,3.28亿,0.91亿,73.12亿,141.81
1327,1328,688082,盛美上海,110.31,-2.08,-2.34,0.0,0.34,0.73,3.27,1.66亿,4.34亿,478.26亿,47.88
1328,1329,688200,华峰测控,107.94,-2.23,-2.46,0.11,0.91,0.7,3.24,1.35亿,1.35亿,146.19亿,51.45
1329,1330,603986,兆易创新,83.32,-3.09,-2.66,-0.01,3.32,1.07,3.47,18.47亿,6.63亿,552.40亿,49.87
1330,1331,688031,星环科技,59.99,-4.32,-2.71,0.15,10.88,1.01,12.65,6.23亿,0.94亿,56.20亿,--
1331,1332,688003,天准科技,47.52,-5.53,-2.78,-0.02,2.74,1.09,5.35,2.56亿,1.94亿,92.00亿,--
1332,1333,600436,片仔癀,223.19,-1.27,-2.87,0.0,0.44,1.01,1.92,5.95亿,6.03亿,1346.54亿,37.59
1333,1334,688072,拓荆科技,180.96,-1.66,-3.06,-0.01,2.0,0.76,3.46,5.60亿,1.54亿,278.39亿,139.24
1334,1335,688535,华海诚科,77.4,-4.11,-3.32,-0.16,5.92,0.69,4.16,2.27亿,0.49亿,37.95亿,134.16
1335,1336,688235,百济神州,168.91,-1.97,-3.39,-0.05,1.22,0.79,3.25,2.39亿,1.15亿,194.34亿,--
1336,1337,688503,聚和材料,54.78,-5.88,-3.42,-0.36,5.86,1.16,6.31,5.90亿,1.81亿,98.97亿,23.61
1337,1338,688372,伟测科技,60.48,-5.5,-3.52,0.0,5.64,2.32,7.5,2.69亿,0.79亿,47.59亿,83.26
1338,1339,688152,麒麟信安,66.04,-5.17,-3.6,-0.03,6.74,1.23,7.37,1.41亿,0.31亿,20.51亿,--
1339,1340,688037,芯源微,92.44,-3.86,-3.71,0.03,2.61,0.87,4.06,4.93亿,2.01亿,185.77亿,129.44
1340,1341,688301,奕瑞科技,107.84,-3.65,-4.09,-0.03,0.89,0.75,4.22,1.40亿,1.43亿,154.28亿,29.66
1341,1342,688361,中科飞测,93.87,-4.95,-4.89,-0.15,2.21,1.14,3.94,5.15亿,2.44亿,229.19亿,--
1342,1343,688627,精智达,73.8,-6.21,-4.89,0.1,3.29,1.2,7.07,1.77亿,0.71亿,52.70亿,101.28
1343,1344,603129,春风动力,147.45,-3.88,-5.96,0.1,1.68,1.31,4.5,3.80亿,1.51亿,223.29亿,15.49
1344,1345,688498,源杰科技,144.5,-5.02,-7.64,-0.08,7.43,1.31,7.18,6.33亿,0.59亿,85.71亿,--
1345,1346,688120,华海清科,184.07,-4.13,-7.93,-0.03,1.65,0.96,4.19,5.22亿,1.70亿,312.87亿,45.34
1346,1347,688318,财富趋势,193.93,-4.0,-8.07,0.23,4.55,1.0,7.03,16.32亿,1.83亿,354.78亿,184.76
1347,1348,688617,惠泰医疗,372.52,-2.99,-11.48,0.05,0.68,1.12,5.13,2.47亿,0.97亿,362.81亿,51.52
1348,1349,688256,寒武纪,539.0,-2.64,-14.6,0.06,2.04,1.13,7.54,45.38亿,4.17亿,2250.09亿,--
1349,1350,688502,茂莱光学,247.8,-6.52,-17.28,0.0,10.8,1.01,7.78,4.45亿,0.16亿,40.21亿,400.68
