,序号,代码,名称,现价,涨跌幅,涨跌,涨速,换手,量比,振幅,成交额,流通股,流通市值,市盈率
0,1,301556,托普云农,109.03,7.33,7.45,-0.01,31.32,1.11,14.21,6.19亿,0.18亿,20.00亿,91.04
1,2,301536,星宸科技,59.06,11.67,6.17,-0.41,48.47,2.15,19.17,10.58亿,0.38亿,22.38亿,95.04
2,3,300860,锋尚文化,36.22,20.01,6.04,0.0,18.94,2.43,18.42,7.25亿,1.12亿,40.53亿,235.35
3,4,301589,诺瓦星云,185.69,2.67,4.83,-0.16,12.38,2.87,7.82,4.23亿,0.18亿,34.33亿,27.95
4,5,300442,润泽科技,48.11,10.42,4.54,0.17,16.3,2.07,21.09,47.25亿,6.14亿,295.50亿,41.03
5,6,300795,米奥会展,22.36,20.02,3.73,0.0,17.84,7.12,17.18,5.21亿,1.34亿,30.04亿,56.78
6,7,300280,紫天科技,22.18,20.02,3.7,0.0,41.78,2.78,21.38,14.01亿,1.60亿,35.59亿,318.44
7,8,300833,浩洋股份,49.35,7.33,3.37,-0.02,10.99,3.15,12.05,4.36亿,0.81亿,40.10亿,18.12
8,9,300496,中科创达,66.18,5.05,3.18,0.03,19.08,2.23,13.11,46.84亿,3.67亿,242.91亿,150.25
9,10,002991,甘源食品,88.16,3.6,3.06,0.08,5.88,2.52,11.14,2.57亿,0.50亿,43.80亿,22.23
10,11,301308,江波龙,91.45,3.38,2.99,0.0,13.14,2.92,6.61,13.76亿,1.16亿,105.95亿,51.23
11,12,301382,蜂助手,33.93,9.59,2.97,0.0,31.85,2.67,21.64,15.08亿,1.37亿,46.39亿,61.18
12,13,002265,建设工业,28.24,10.01,2.57,0.0,17.72,0.92,3.27,20.09亿,4.03亿,113.83亿,119.43
13,14,000681,视觉中国,25.54,9.99,2.32,0.0,14.92,0.54,7.24,25.25亿,6.76亿,172.66亿,164.27
14,15,301391,卡莱特,43.34,5.14,2.12,-0.02,11.82,3.73,11.21,2.48亿,0.49亿,21.37亿,263.91
15,16,300781,因赛集团,75.42,2.82,2.07,-0.01,21.52,1.19,11.02,13.22亿,0.81亿,61.17亿,171.51
16,17,002045,国光电器,22.0,10.0,2.0,0.0,24.63,1.18,8.35,29.56亿,5.62亿,123.60亿,38.02
17,18,002402,和而泰,21.9,9.99,1.99,0.0,37.27,1.82,14.01,63.04亿,8.01亿,175.50亿,42.76
18,19,002741,光华科技,24.95,7.96,1.84,-0.12,29.08,1.11,12.2,25.34亿,3.62亿,90.20亿,1283.89
19,20,300779,惠城环保,95.5,1.89,1.77,0.11,5.43,2.5,8.38,7.86亿,1.49亿,142.74亿,323.25
20,21,002670,国盛金控,19.14,10.0,1.74,0.0,16.03,1.91,20.0,45.53亿,16.23亿,310.71亿,334.20
21,22,300331,苏大维格,25.87,7.08,1.71,0.04,19.0,3.92,13.62,9.80亿,2.01亿,51.96亿,127.97
22,23,002919,名臣健康,18.54,10.03,1.69,0.0,10.15,1.96,11.63,4.86亿,2.64亿,49.02亿,38.29
23,24,300052,中青宝,23.08,7.85,1.68,0.04,25.51,2.52,14.3,15.79亿,2.62亿,60.44亿,--
24,25,300533,冰川网络,27.08,6.41,1.63,0.04,11.68,1.64,12.34,5.16亿,1.65亿,44.61亿,--
25,26,300811,铂科新材,50.5,3.29,1.61,-0.04,4.93,2.61,6.67,5.68亿,2.29亿,115.55亿,37.14
26,27,300177,中海达,15.47,11.29,1.57,0.0,38.27,2.54,23.17,35.74亿,6.06亿,93.80亿,--
27,28,300785,值得买,41.76,3.91,1.57,-0.17,27.0,0.96,20.3,13.87亿,1.22亿,51.06亿,1637.02
28,29,301018,申菱环境,32.87,4.82,1.51,-0.03,7.36,1.11,8.87,4.73亿,1.99亿,65.43亿,45.91
29,30,002009,天奇股份,16.5,10.0,1.5,0.0,9.85,0.82,11.07,6.27亿,4.01亿,66.09亿,--
30,31,002351,漫步者,20.04,8.03,1.49,0.0,20.11,1.98,11.91,20.56亿,5.21亿,104.41亿,39.51
31,32,300170,汉得信息,13.18,11.51,1.36,0.08,27.59,2.14,17.51,34.13亿,9.48亿,124.89亿,71.69
32,33,300223,北京君正,71.12,1.92,1.34,-0.07,7.42,2.62,6.18,22.19亿,4.20亿,298.41亿,84.38
33,34,300296,利亚德,8.06,19.94,1.34,0.0,23.19,1.7,9.82,38.45亿,20.90亿,168.47亿,84.30
34,35,000721,西安饮食,12.97,10.01,1.18,0.0,35.72,1.47,12.81,19.17亿,4.38亿,56.74亿,--
35,36,300042,朗科科技,22.87,5.39,1.17,0.0,9.62,2.2,9.12,4.36亿,2.00亿,45.83亿,--
36,37,000811,冰轮环境,12.61,10.04,1.15,0.0,11.39,4.21,10.56,10.29亿,7.46亿,94.05亿,15.24
37,38,002311,海大集团,49.36,2.38,1.15,-0.08,0.83,1.96,5.62,6.72亿,16.63亿,820.62亿,17.00
38,39,003031,中瓷电子,56.09,2.04,1.12,0.14,2.6,1.72,4.09,2.38亿,1.65亿,92.67亿,51.40
39,40,300866,安克创新,90.4,1.25,1.12,-0.09,1.5,1.02,5.15,4.02亿,2.96亿,267.95亿,24.48
40,41,002400,省广集团,12.23,9.98,1.11,0.0,32.39,1.19,11.96,65.58亿,17.26亿,211.11亿,175.28
41,42,301366,一博科技,47.19,2.25,1.04,-0.02,13.3,1.91,7.52,3.45亿,0.55亿,25.82亿,63.48
42,43,002115,三维通信,10.84,10.05,0.99,0.0,16.65,1.01,5.38,13.30亿,7.52亿,81.54亿,--
43,44,002281,光迅科技,44.31,2.19,0.95,-0.07,8.45,1.9,8.3,28.56亿,7.73亿,342.53亿,56.84
44,45,301029,怡合达,28.58,3.4,0.94,-0.76,4.28,1.84,8.29,4.91亿,4.04亿,115.53亿,41.41
45,46,002929,润建股份,32.34,2.9,0.91,-0.03,10.48,2.38,7.19,7.20亿,2.13亿,68.98亿,23.60
46,47,300232,洲明科技,8.32,12.13,0.9,-0.12,19.52,4.01,15.09,13.95亿,8.86亿,73.74亿,53.32
47,48,300617,安靠智电,28.25,3.21,0.88,0.04,4.0,2.72,8.07,1.58亿,1.41亿,39.72亿,26.07
48,49,300888,稳健医疗,42.36,2.07,0.86,0.0,6.59,1.49,4.34,4.89亿,1.76亿,74.34亿,33.46
49,50,002891,中宠股份,33.8,2.58,0.85,-0.09,2.56,1.77,6.22,2.54亿,2.94亿,99.41亿,26.44
50,51,300592,华凯易佰,16.83,5.19,0.83,-0.18,11.82,1.76,12.12,7.31亿,3.66亿,61.66亿,27.00
51,52,002639,雪人股份,8.69,10.0,0.79,0.0,25.77,3.45,6.08,14.44亿,6.51亿,56.54亿,149.95
52,53,300712,永福股份,28.95,2.77,0.78,0.0,4.62,2.06,6.85,2.49亿,1.87亿,54.02亿,121.22
53,54,001330,博纳影业,8.49,9.97,0.77,0.0,6.75,1.8,10.49,5.84亿,10.55亿,89.58亿,--
54,55,002354,天娱数科,8.5,9.96,0.77,0.0,43.63,1.74,18.76,56.08亿,16.18亿,137.56亿,--
55,56,002291,遥望科技,8.36,10.0,0.76,0.0,14.53,1.22,12.11,10.34亿,8.78亿,73.37亿,--
56,57,300990,同飞股份,40.19,1.88,0.74,0.0,8.98,2.39,6.06,2.79亿,0.77亿,31.10亿,73.03
57,58,002463,沪电股份,37.9,1.96,0.73,-0.24,5.26,2.65,4.76,38.16亿,19.17亿,726.51亿,29.50
58,59,002824,和胜股份,19.18,3.96,0.73,-0.05,13.28,2.04,10.41,4.75亿,1.89亿,36.28亿,72.22
59,60,002181,粤传媒,7.94,9.97,0.72,0.0,3.95,0.39,8.45,3.49亿,11.34亿,90.08亿,--
60,61,300025,华星创业,14.85,5.1,0.72,0.07,12.85,1.54,8.63,8.19亿,4.32亿,64.12亿,--
61,62,002612,朗姿股份,19.63,3.7,0.7,-0.1,14.94,2.92,8.51,7.42亿,2.54亿,49.77亿,31.13
62,63,002915,中欣氟材,16.66,4.32,0.69,1.59,22.31,1.6,14.09,10.88亿,2.88亿,48.03亿,--
63,64,301325,曼恩斯特,52.93,1.32,0.69,0.1,12.28,1.37,6.09,3.76亿,0.58亿,30.64亿,89.03
64,65,301348,蓝箭电子,29.4,2.37,0.68,0.0,10.9,2.37,5.47,4.26亿,1.33亿,39.22亿,46810.50
65,66,300458,全志科技,39.93,1.71,0.67,-0.13,12.4,1.5,8.41,25.64亿,5.18亿,206.78亿,125.63
66,67,002552,宝鼎科技,13.9,4.91,0.65,0.0,7.32,2.52,10.11,3.32亿,3.20亿,44.51亿,37.84
67,68,002752,昇兴股份,7.14,10.02,0.65,0.0,5.91,1.68,7.4,4.06亿,9.77亿,69.74亿,15.22
68,69,300383,光环新网,12.41,5.44,0.64,0.0,7.93,3.01,8.5,17.25亿,17.94亿,222.60亿,46.33
69,70,300133,华策影视,9.29,7.15,0.62,0.11,19.67,1.71,14.88,29.10亿,16.24亿,150.85亿,79.69
70,71,300475,香农芯创,30.3,2.02,0.6,-0.17,5.76,2.39,7.98,7.66亿,4.40亿,133.39亿,28.54
71,72,002246,北化股份,12.3,5.04,0.59,0.16,7.31,2.77,9.14,4.96亿,5.49亿,67.53亿,--
72,73,002292,奥飞娱乐,11.84,5.06,0.57,0.09,31.57,1.15,15.08,38.00亿,10.18亿,120.52亿,184.31
73,74,300389,艾比森,13.42,4.19,0.54,0.45,10.51,2.38,8.07,3.28亿,2.33亿,31.29亿,31.56
74,75,300570,太辰光,69.14,0.79,0.54,-0.1,6.77,1.06,5.32,9.03亿,1.92亿,132.95亿,80.78
75,76,002077,大港股份,16.64,3.29,0.53,0.0,10.3,2.39,9.0,9.75亿,5.80亿,96.57亿,182.49
76,77,002383,合众思壮,11.34,4.71,0.51,-0.09,25.11,2.71,13.57,17.92亿,6.16亿,69.89亿,--
77,78,002605,姚记科技,34.18,1.51,0.51,-0.03,8.54,1.12,7.93,9.77亿,3.33亿,113.69亿,25.02
78,79,301487,盟固利,27.84,1.79,0.49,0.0,11.12,1.52,6.95,8.48亿,2.73亿,75.95亿,1062.61
79,80,002123,梦网科技,12.12,4.12,0.48,0.0,19.96,3.23,10.31,16.69亿,6.87亿,83.25亿,239.03
80,81,002122,汇洲智能,4.95,10.0,0.45,0.0,17.05,0.96,18.67,15.40亿,19.88亿,98.39亿,108.12
81,82,000048,京基智农,18.05,2.5,0.44,-0.5,1.87,1.21,5.91,1.75亿,5.27亿,95.08亿,11.94
82,83,002139,拓邦股份,14.2,3.2,0.44,-0.07,15.71,1.41,7.34,24.25亿,10.71亿,152.14亿,24.05
83,84,000785,居然智家,4.74,9.98,0.43,0.0,5.44,1.49,6.03,15.18亿,59.59亿,282.45亿,30.54
84,85,000863,三湘印象,4.69,10.09,0.43,0.0,4.64,1.16,13.38,2.38亿,11.64亿,54.57亿,63.63
85,86,000813,德展健康,4.62,10.0,0.42,0.0,19.94,2.09,12.14,19.23亿,21.65亿,100.00亿,927.32
86,87,300058,蓝色光标,11.95,3.64,0.42,0.0,28.24,1.41,11.45,84.06亿,24.50亿,292.73亿,183.90
87,88,002277,友阿股份,4.47,10.1,0.41,0.0,0.17,0.04,0.0,0.11亿,13.94亿,62.32亿,40.87
88,89,002717,岭南股份,4.53,9.95,0.41,0.0,24.29,0.82,11.65,17.06亿,16.01亿,72.51亿,--
89,90,300087,荃银高科,12.1,3.51,0.41,0.0,9.45,2.39,6.76,10.12亿,8.96亿,108.41亿,--
90,91,301262,海看股份,29.16,1.43,0.41,0.0,7.98,1.82,5.32,2.88亿,1.22亿,35.60亿,27.7
91,92,300793,佳禾智能,20.02,2.04,0.4,0.0,18.44,1.44,10.65,13.57亿,3.64亿,72.91亿,77.59
92,93,002223,鱼跃医疗,35.55,1.11,0.39,0.03,1.37,0.95,2.7,4.56亿,9.39亿,333.70亿,17.45
93,94,301162,国能日新,44.45,0.89,0.39,0.14,3.86,0.65,3.45,1.05亿,0.61亿,27.30亿,62.74
94,95,002410,广联达,13.69,2.78,0.37,0.0,8.87,2.49,7.51,19.36亿,15.88亿,217.45亿,79.53
95,96,301297,富乐德,48.72,0.77,0.37,0.0,12.49,1.88,4.72,8.43亿,1.38亿,67.42亿,155.68
96,97,000156,华数传媒,8.4,4.22,0.34,0.0,4.89,3.38,9.06,6.95亿,17.00亿,142.79亿,33.19
97,98,002516,旷达科技,6.17,5.83,0.34,0.16,8.33,1.94,12.01,7.49亿,14.54亿,89.73亿,57.57
98,99,002758,浙农股份,9.88,3.35,0.32,-0.1,5.47,2.83,7.95,2.83亿,5.18亿,51.17亿,24.09
99,100,002797,第一创业,9.47,3.5,0.32,0.0,14.29,2.52,9.73,56.42亿,42.02亿,397.97亿,46.56
100,101,300276,三丰智能,11.5,2.86,0.32,1.05,26.31,0.72,15.03,30.57亿,10.21亿,117.39亿,653.21
101,102,300657,弘信电子,22.87,1.42,0.32,0.0,12.03,1.73,7.98,12.70亿,4.57亿,104.44亿,153.15
102,103,301091,深城交,51.8,0.62,0.32,0.0,7.65,1.85,16.38,11.40亿,2.84亿,147.07亿,266.20
103,104,301165,锐捷网络,49.7,0.61,0.3,0.26,3.93,1.29,3.62,1.33亿,0.68亿,33.89亿,51.44
104,105,000524,岭南控股,11.5,2.5,0.28,-0.17,6.11,2.58,9.18,4.64亿,6.70亿,77.05亿,42.75
105,106,002301,齐心集团,8.71,3.32,0.28,0.0,13.58,1.69,11.98,8.53亿,7.18亿,62.54亿,29.72
106,107,300298,三诺生物,27.16,1.04,0.28,0.04,3.02,1.41,4.65,3.73亿,4.55亿,123.67亿,45.01
107,108,000031,大悦城,3.9,7.14,0.26,-0.26,4.45,3.23,14.84,6.81亿,40.03亿,156.11亿,--
108,109,000501,武商集团,10.74,2.48,0.26,0.0,11.16,3.46,8.59,9.27亿,7.68亿,82.51亿,49.90
109,110,002517,恺英网络,14.21,1.86,0.26,-0.14,5.84,1.77,6.67,15.98亿,19.14亿,272.02亿,17.92
110,111,300364,中文在线,31.03,0.84,0.26,0.0,18.4,1.31,8.19,38.70亿,6.61亿,205.10亿,--
111,112,000155,川能动力,12.42,1.97,0.24,0.08,3.88,1.35,5.58,7.07亿,14.76亿,183.31亿,27.31
112,113,003037,三和管桩,7.57,3.27,0.24,0.0,20.75,1.3,12.28,3.12亿,2.01亿,15.22亿,163.23
113,114,300017,网宿科技,10.05,2.45,0.24,0.0,10.5,2.04,6.42,24.01亿,22.87亿,229.81亿,42.94
114,115,000796,凯撒旅业,5.54,4.33,0.23,-0.18,10.68,2.15,10.73,5.71亿,9.70亿,53.73亿,--
115,116,300766,每日互动,16.87,1.38,0.23,0.0,13.93,1.51,7.45,8.43亿,3.56亿,60.00亿,781.92
116,117,000607,华媒控股,4.8,4.58,0.21,-0.21,7.68,2.0,8.28,3.18亿,8.70亿,41.75亿,327.85
117,118,002130,沃尔核材,20.61,1.03,0.21,-0.05,11.23,1.22,5.25,29.31亿,12.49亿,257.45亿,29.73
118,119,300113,顺网科技,16.22,1.31,0.21,0.0,10.77,1.69,5.56,9.30亿,5.29亿,85.79亿,39.80
119,120,002238,天威视讯,10.59,1.93,0.2,0.0,5.88,1.47,7.7,5.02亿,8.03亿,84.99亿,416.81
120,121,002373,千方科技,11.0,1.85,0.2,-0.09,4.61,1.64,5.37,6.98亿,13.78亿,151.53亿,827.27
121,122,002653,海思科,35.38,0.57,0.2,-0.03,1.12,1.12,3.13,2.12亿,5.33亿,188.74亿,77.83
122,123,301202,朗威股份,35.27,0.57,0.2,0.0,11.18,1.45,2.65,1.47亿,0.37亿,13.11亿,64.91
123,124,300001,特锐德,22.77,0.84,0.19,0.0,2.62,1.76,5.71,6.14亿,10.28亿,234.06亿,40.38
124,125,002649,博彦科技,13.65,1.34,0.18,0.15,11.35,2.17,8.54,8.54亿,5.49亿,74.89亿,33.59
125,126,300408,三环集团,38.21,0.45,0.17,0.29,0.98,1.19,3.02,7.00亿,18.70亿,714.45亿,34.26
126,127,300790,宇瞳光学,19.67,0.87,0.17,0.05,9.97,1.0,5.74,5.65亿,2.84亿,55.96亿,39.81
127,128,000670,盈方微,8.64,1.89,0.16,0.12,17.85,1.66,5.07,10.99亿,7.22亿,62.39亿,--
128,129,002916,深南电路,99.68,0.16,0.16,-0.07,0.96,1.47,2.51,4.90亿,5.11亿,509.18亿,25.77
129,130,000531,穗恒运A,6.47,2.37,0.15,0.0,2.07,1.67,5.38,1.20亿,9.10亿,58.86亿,27.51
130,131,002033,丽江股份,9.76,1.56,0.15,0.0,10.74,2.71,5.2,5.77亿,5.49亿,53.63亿,20.92
131,132,002614,奥佳华,7.91,1.93,0.15,-0.13,10.59,1.87,7.86,3.74亿,4.41亿,34.88亿,72.52
132,133,300613,富瀚微,52.3,0.29,0.15,0.0,4.25,0.62,4.14,4.85亿,2.18亿,114.17亿,48.91
133,134,300791,仙乐健康,29.91,0.5,0.15,0.03,2.87,1.39,4.7,1.66亿,1.94亿,58.14亿,22.07
134,135,301085,亚康股份,72.95,0.21,0.15,-0.06,24.07,1.52,8.68,10.73亿,0.59亿,42.98亿,83.14
135,136,002042,华孚时尚,5.25,2.74,0.14,-0.19,4.86,1.14,6.65,4.28亿,17.01亿,89.29亿,140.16
136,137,002174,游族网络,11.1,1.28,0.14,0.09,13.75,2.31,6.2,14.08亿,9.14亿,101.51亿,1472.57
137,138,000429,粤高速A,12.28,1.07,0.13,0.16,1.9,1.89,1.98,3.03亿,13.03亿,160.05亿,14.2
138,139,002065,东华软件,8.27,1.6,0.13,0.0,7.88,2.18,6.14,19.03亿,29.08亿,240.49亿,40.58
139,140,300292,吴通控股,5.88,2.26,0.13,0.0,15.2,1.63,6.61,10.01亿,11.16亿,65.62亿,74.21
140,141,000712,锦龙股份,16.48,0.73,0.12,0.0,12.29,1.42,7.4,18.17亿,8.95亿,147.52亿,--
141,142,000981,山子高科,2.82,4.44,0.12,0.36,22.44,0.94,15.56,40.07亿,65.25亿,184.01亿,--
142,143,002449,国星光电,9.17,1.33,0.12,0.11,6.69,2.04,4.42,3.78亿,6.16亿,56.53亿,63.76
143,144,301102,兆讯传媒,13.74,0.88,0.12,0.07,23.89,0.79,7.05,3.39亿,1.01亿,13.95亿,62.24
144,145,301606,绿联科技,36.68,0.33,0.12,0.0,13.55,1.28,4.18,1.56亿,0.31亿,11.45亿,35.47
145,146,300413,芒果超媒,30.02,0.37,0.11,0.0,2.67,0.99,3.68,8.25亿,10.22亿,306.71亿,29.16
146,147,300788,中信出版,36.3,0.3,0.11,-0.06,7.76,1.11,5.44,5.44亿,1.90亿,69.03亿,39.78
147,148,000886,海南高速,7.19,1.41,0.1,0.0,5.0,1.11,4.65,3.52亿,9.78亿,70.31亿,133.35
148,149,002547,春兴精工,6.45,1.57,0.1,0.0,20.92,0.91,10.71,15.09亿,11.05亿,71.26亿,--
149,150,300291,百纳千成,6.6,1.54,0.1,-0.15,10.06,1.43,6.92,6.23亿,9.29亿,61.31亿,--
150,151,000888,峨眉山A,14.5,0.62,0.09,0.07,6.93,1.91,6.32,5.31亿,5.27亿,76.40亿,23.49
151,152,002728,特一药业,9.63,0.94,0.09,0.0,11.44,1.96,5.87,4.16亿,3.75亿,36.08亿,613.86
152,153,002733,雄韬股份,13.71,0.66,0.09,0.07,2.55,1.03,3.67,1.29亿,3.69亿,50.57亿,33.27
153,154,301377,鼎泰高科,21.27,0.42,0.09,-0.09,6.98,1.46,4.53,1.06亿,0.71亿,15.11亿,37.98
154,155,301566,达利凯普,20.13,0.45,0.09,-0.2,16.08,1.61,4.24,1.58亿,0.49亿,9.80亿,68.47
155,156,000755,山西高速,5.18,1.57,0.08,0.0,2.72,3.38,7.25,2.06亿,14.67亿,76.01亿,14.93
156,157,002749,国光股份,14.56,0.55,0.08,-0.14,0.82,0.83,1.93,0.51亿,4.23亿,61.54亿,18.94
157,158,002847,盐津铺子,56.8,0.14,0.08,-0.16,2.17,2.26,4.05,3.05亿,2.44亿,138.72亿,23.57
158,159,002320,海峡股份,7.03,1.01,0.07,0.0,3.27,1.34,3.74,5.19亿,22.29亿,156.69亿,46.28
159,160,002768,国恩股份,24.15,0.29,0.07,0.04,2.52,1.15,2.2,1.08亿,1.77亿,42.68亿,10.72
160,161,300005,探路者,8.33,0.85,0.07,0.24,7.8,2.0,3.03,5.78亿,8.83亿,73.58亿,54.26
161,162,300323,华灿光电,6.68,1.06,0.07,-0.15,3.95,1.24,4.69,2.32亿,8.79亿,58.73亿,--
162,163,301101,明月镜片,43.59,0.16,0.07,0.0,16.67,1.11,8.46,5.26亿,0.71亿,31.15亿,48.08
163,164,002154,报喜鸟,5.23,1.16,0.06,0.19,10.7,0.92,5.61,6.62亿,11.80亿,61.70亿,13.79
164,165,002256,兆新股份,3.05,2.01,0.06,0.0,16.73,1.76,10.03,7.49亿,14.40亿,43.93亿,--
165,166,002487,大金重工,23.11,0.26,0.06,0.0,1.89,1.24,2.56,2.76亿,6.31亿,145.81亿,39.20
166,167,000665,湖北广电,4.91,1.03,0.05,0.0,6.43,0.86,4.12,3.60亿,11.37亿,55.83亿,--
167,168,000676,智度股份,10.63,0.47,0.05,-0.09,11.58,1.46,6.14,15.76亿,12.64亿,134.34亿,64.97
168,169,000815,美利云,12.16,0.41,0.05,-0.08,6.4,1.13,3.39,5.44亿,6.95亿,84.54亿,--
169,170,002678,珠江钢琴,5.74,0.88,0.05,0.0,0.69,1.03,3.69,0.54亿,13.58亿,77.92亿,--
170,171,002895,川恒股份,22.5,0.22,0.05,-0.04,1.31,1.18,3.16,1.59亿,5.40亿,121.54亿,13.61
171,172,300031,宝通科技,21.71,0.23,0.05,-0.05,12.82,1.19,7.48,9.87亿,3.49亿,75.73亿,28.47
172,173,300494,盛天网络,14.85,0.34,0.05,-0.13,21.85,0.77,7.97,13.16亿,3.98亿,59.15亿,2233.75
173,174,300603,立昂技术,11.26,0.45,0.05,0.0,14.14,1.24,6.96,5.85亿,3.60亿,40.52亿,710.35
174,175,300705,九典制药,26.21,0.19,0.05,-0.34,2.11,1.78,3.21,2.03亿,3.65亿,95.65亿,21.61
175,176,301345,涛涛车业,62.12,0.08,0.05,-0.15,3.85,1.37,3.67,0.71亿,0.30亿,18.51亿,16.97
176,177,301376,致欧科技,22.0,0.23,0.05,0.09,4.99,1.52,3.23,1.39亿,1.28亿,28.06亿,23.87
177,178,002016,世荣兆业,8.54,0.47,0.04,0.12,1.28,1.17,4.24,0.88亿,8.09亿,69.10亿,216.57
178,179,002059,云南旅游,6.12,0.66,0.04,0.16,5.99,2.65,6.25,3.49亿,9.44亿,57.76亿,34.06
179,180,002321,华英农业,2.96,1.37,0.04,0.34,6.86,1.23,11.3,4.42亿,21.24亿,62.88亿,144.36
180,181,300252,金信诺,9.89,0.41,0.04,-0.2,7.18,1.31,4.47,3.79亿,5.37亿,53.11亿,881.28
181,182,000534,万泽股份,12.95,0.23,0.03,0.16,2.05,0.89,3.79,1.32亿,5.00亿,64.69亿,35.70
182,183,000564,供销大集,4.05,0.75,0.03,0.25,13.89,1.49,12.19,82.06亿,142.76亿,578.20亿,--
183,184,002163,海南发展,11.29,0.27,0.03,-0.18,8.56,0.9,5.77,7.86亿,8.04亿,90.72亿,--
184,185,300079,数码视讯,6.69,0.45,0.03,0.15,8.58,0.85,4.5,7.44亿,12.81亿,85.73亿,320.99
185,186,300098,高新兴,7.41,0.41,0.03,0.0,17.17,1.23,7.18,19.92亿,15.42亿,114.24亿,--
186,187,000620,新华联,2.87,0.7,0.02,0.35,9.56,2.97,10.18,11.85亿,41.45亿,118.96亿,151.36
187,188,000868,安凯客车,5.95,0.34,0.02,-0.17,7.7,1.62,8.26,3.43亿,7.33亿,43.63亿,--
188,189,002068,黑猫股份,9.5,0.21,0.02,0.0,5.24,0.59,3.38,3.65亿,7.35亿,69.79亿,--
189,190,002818,富森美,14.57,0.14,0.02,0.07,3.99,2.9,6.32,1.75亿,2.98亿,43.47亿,14.98
190,191,002955,鸿合科技,27.03,0.07,0.02,0.04,4.34,1.1,3.67,2.19亿,1.87亿,50.59亿,19.55
191,192,300302,同有科技,17.36,0.12,0.02,0.06,9.14,1.73,5.88,5.81亿,3.69亿,64.04亿,199.04
192,193,301408,华人健康,13.32,0.15,0.02,-0.15,12.6,2.38,5.71,2.49亿,1.49亿,19.87亿,37.02
193,194,000917,电广传媒,8.78,0.11,0.01,-0.11,8.46,1.17,5.47,10.62亿,14.17亿,124.45亿,153.05
194,195,002803,吉宏股份,15.99,0.06,0.01,0.0,7.96,1.28,3.57,3.70亿,2.89亿,46.14亿,34.26
195,196,300144,宋城演艺,10.3,0.1,0.01,-0.48,4.8,1.82,4.96,11.66亿,23.56亿,242.64亿,20.1
196,197,300315,掌趣科技,6.72,0.15,0.01,0.0,14.55,1.18,7.0,25.77亿,25.94亿,174.33亿,70.23
197,198,300319,麦捷科技,13.07,0.08,0.01,-0.08,5.22,1.31,3.52,5.71亿,8.30亿,108.44亿,35.3
198,199,300459,汤姆猫,7.65,0.13,0.01,-0.13,20.65,1.05,9.42,50.88亿,31.68亿,242.35亿,241.54
199,200,300702,天宇股份,18.34,0.06,0.01,-0.11,2.63,1.44,3.27,1.02亿,2.11亿,38.73亿,56.23
200,201,000848,承德露露,9.74,0.00,0.00,-0.21,3.42,1.76,4.21,3.47亿,10.40亿,101.25亿,18.35
201,202,002044,美年健康,5.27,0.00,0.00,0.00,1.75,0.78,2.28,3.59亿,38.72亿,204.08亿,628.08
202,203,002075,沙钢股份,7.76,0.00,0.00,0.00,5.53,1.27,5.28,9.58亿,21.94亿,170.24亿,121.16
203,204,002654,万润科技,14.20,0.00,0.00,0.07,8.49,0.91,3.59,10.22亿,8.45亿,120.02亿,270.52
204,205,002707,众信旅游,8.06,0.00,0.00,0.00,7.75,1.76,3.97,5.16亿,8.25亿,66.51亿,48.10
205,206,300688,创业黑马,--,--,--,--,--,--,--,--,1.42亿,44.42亿,--
206,207,002379,宏创控股,7.85,-0.13,-0.01,-0.38,1.83,0.76,3.31,1.62亿,11.36亿,89.21亿,--
207,208,002908,德生科技,10.46,-0.10,-0.01,0.00,13.49,1.86,4.68,4.40亿,3.09亿,32.27亿,378.11
208,209,300327,中颖电子,26.27,-0.04,-0.01,0.00,5.70,1.41,3.77,5.13亿,3.39亿,89.12亿,74.76
209,210,301303,真兰仪表,15.90,-0.06,-0.01,0.00,3.64,0.69,2.45,0.59亿,1.02亿,16.25亿,20.96
210,211,000425,徐工机械,8.18,-0.24,-0.02,-0.61,1.67,1.57,2.19,11.14亿,81.20亿,664.22亿,13.65
211,212,000729,燕京啤酒,11.18,-0.18,-0.02,0.27,1.75,1.44,2.23,4.93亿,25.10亿,280.57亿,18.35
212,213,001965,招商公路,12.35,-0.16,-0.02,-0.88,0.73,2.23,3.15,6.26亿,68.20亿,842.31亿,15.18
213,214,002121,科陆电子,4.91,-0.41,-0.02,0.0,3.65,0.77,4.26,2.54亿,14.00亿,68.74亿,--
214,215,002445,中南文化,2.78,-0.71,-0.02,0.0,4.56,0.66,3.57,3.06亿,23.81亿,66.20亿,140.08
215,216,300027,华谊兄弟,3.53,-0.56,-0.02,0.0,13.92,1.41,7.04,12.47亿,24.85亿,87.72亿,--
216,217,301291,明阳电气,44.46,-0.04,-0.02,0.5,2.34,0.78,3.6,1.33亿,1.28亿,56.94亿,23.89
217,218,000592,平潭发展,3.13,-0.95,-0.03,-0.32,18.04,1.42,10.44,11.24亿,19.15亿,59.94亿,200.95
218,219,000725,京东方A,4.36,-0.68,-0.03,0.0,1.9,1.27,2.28,30.68亿,368.52亿,1606.73亿,37.19
219,220,002014,永新股份,10.45,-0.29,-0.03,0.19,0.55,0.84,1.34,0.35亿,6.04亿,63.15亿,15.75
220,221,002318,久立特材,23.89,-0.12,-0.03,1.32,2.84,3.01,4.35,6.47亿,9.55亿,228.09亿,16.75
221,222,002489,浙江永强,3.7,-0.8,-0.03,0.0,3.5,1.17,3.22,2.47亿,19.13亿,70.78亿,12.35
222,223,002506,协鑫集成,3.07,-0.97,-0.03,-0.33,4.66,0.95,4.19,8.36亿,58.48亿,179.55亿,164.47
223,224,002646,天佑德酒,12.22,-0.24,-0.03,0.0,11.62,3.4,5.47,6.77亿,4.73亿,57.75亿,76.9
224,225,002697,红旗连锁,7.0,-0.43,-0.03,-0.14,18.81,2.24,11.95,14.24亿,10.78亿,75.43亿,18.31
225,226,002739,万达电影,13.67,-0.22,-0.03,-0.44,2.79,1.33,4.23,8.07亿,21.05亿,287.74亿,132.45
226,227,300219,鸿利智汇,8.44,-0.35,-0.03,-0.12,7.39,1.57,4.96,4.49亿,7.07亿,59.64亿,49.05
227,228,301381,赛维时代,26.77,-0.11,-0.03,0.41,2.98,0.84,2.5,1.54亿,1.92亿,51.48亿,41.11
228,229,000100,TCL科技,5.01,-0.79,-0.04,0.2,3.79,0.87,2.97,34.65亿,180.98亿,906.72亿,46.26
229,230,000735,罗牛山,7.19,-0.55,-0.04,0.0,5.99,1.23,2.77,5.00亿,11.51亿,82.75亿,18.14
230,231,002117,东港股份,10.02,-0.4,-0.04,-0.1,5.0,0.67,4.77,2.67亿,5.24亿,52.46亿,49.06
231,232,002531,天顺风能,8.96,-0.44,-0.04,0.0,1.28,1.14,2.0,2.06亿,17.87亿,160.10亿,41.41
232,233,002624,完美世界,12.76,-0.31,-0.04,-0.08,3.12,1.02,2.97,7.33亿,18.27亿,233.17亿,--
233,234,002701,奥瑞金,5.85,-0.68,-0.04,-0.17,2.23,1.27,5.43,3.38亿,25.57亿,149.61亿,14.76
234,235,001896,豫能控股,4.54,-1.09,-0.05,0.22,2.49,0.51,2.61,1.51亿,13.21亿,59.96亿,--
235,236,002195,岩山科技,4.52,-1.09,-0.05,-0.22,9.88,0.45,3.06,25.47亿,56.13亿,253.71亿,454.81
236,237,002431,棕榈股份,2.64,-1.86,-0.05,-0.38,4.42,0.76,4.09,2.14亿,18.13亿,47.86亿,--
237,238,002470,金正大,2.35,-2.08,-0.05,0.0,7.54,0.81,5.83,5.95亿,32.86亿,77.22亿,32.15
238,239,002579,中京电子,9.53,-0.52,-0.05,0.11,8.17,0.63,3.76,4.52亿,5.82亿,55.45亿,--
239,240,002880,卫光生物,29.81,-0.17,-0.05,0.13,1.16,1.7,2.38,0.79亿,2.26亿,67.38亿,27.75
240,241,003039,顺控发展,14.41,-0.35,-0.05,-0.07,1.81,2.35,4.08,1.64亿,6.18亿,88.98亿,32.62
241,242,300373,扬杰科技,45.68,-0.11,-0.05,-0.02,2.37,1.31,3.37,5.86亿,5.42亿,247.65亿,27.82
242,243,300510,金冠股份,5.01,-0.99,-0.05,0.0,5.81,1.47,5.53,2.45亿,8.25亿,41.32亿,--
243,244,300772,运达股份,14.75,-0.34,-0.05,0.0,1.91,0.95,3.04,1.95亿,6.95亿,102.51亿,29.10
244,245,301149,隆华新材,10.62,-0.47,-0.05,-0.19,3.72,1.84,3.19,0.82亿,2.04亿,21.67亿,25.04
245,246,000035,中国天楹,5.27,-1.13,-0.06,0.0,1.32,0.94,2.44,1.69亿,24.26亿,127.84亿,27.20
246,247,000537,中绿电,9.5,-0.63,-0.06,0.0,1.0,1.33,2.41,1.98亿,20.67亿,196.33亿,16.08
247,248,000572,海马汽车,4.86,-1.22,-0.06,0.0,4.34,0.95,3.25,3.50亿,16.42亿,79.81亿,106.85
248,249,000727,冠捷科技,3.61,-1.64,-0.06,-0.28,9.8,1.07,8.72,16.70亿,45.30亿,163.52亿,153.35
249,250,002096,易普力,13.09,-0.46,-0.06,0.0,2.88,1.2,3.57,1.87亿,4.88亿,63.94亿,23.23
250,251,002214,大立科技,13.78,-0.43,-0.06,0.15,3.27,1.11,3.9,2.15亿,4.79亿,66.01亿,--
251,252,002385,大北农,4.72,-1.25,-0.06,0.21,2.53,1.21,2.3,3.96亿,33.13亿,156.36亿,114.68
252,253,002429,兆驰股份,5.25,-1.13,-0.06,0.19,1.27,0.78,2.07,3.04亿,45.24亿,237.53亿,12.98
253,254,002461,珠江啤酒,9.73,-0.61,-0.06,0.31,0.82,1.48,2.25,1.78亿,22.13亿,215.36亿,20.03
254,255,002541,鸿路钢构,19.74,-0.3,-0.06,-0.1,1.84,0.55,4.65,1.80亿,4.96亿,97.94亿,15.59
255,256,002831,裕同科技,25.87,-0.23,-0.06,-0.27,1.13,1.24,2.43,1.53亿,5.21亿,134.78亿,16.21
256,257,003816,中国广核,3.99,-1.48,-0.06,0.25,0.41,1.35,1.48,6.51亿,393.35亿,1569.47亿,15.14
257,258,300081,恒信东方,9.85,-0.6,-0.06,-0.2,21.91,1.56,8.58,13.35亿,6.05亿,59.56亿,--
258,259,000507,珠海港,5.82,-1.19,-0.07,0.17,3.4,0.99,2.72,1.79亿,9.02亿,52.52亿,16.81
259,260,002020,京新药业,13.65,-0.51,-0.07,0.0,2.13,0.72,2.04,2.10亿,7.24亿,98.82亿,15.33
260,261,002108,沧州明珠,3.92,-1.75,-0.07,-0.25,1.86,0.7,1.75,1.21亿,16.48亿,64.62亿,35.38
261,262,002128,电投能源,20.37,-0.34,-0.07,-0.29,1.03,2.06,2.74,4.70亿,22.42亿,456.61亿,7.78
262,263,002166,莱茵生物,8.39,-0.83,-0.07,0.24,2.98,1.26,2.25,1.28亿,5.17亿,43.34亿,45.94
263,264,002219,新里程,2.97,-2.3,-0.07,0.34,3.46,0.92,3.62,3.35亿,32.72亿,97.18亿,142.92
264,265,002263,大东南,3.0,-2.28,-0.07,-0.33,2.72,0.74,2.28,1.54亿,18.78亿,56.35亿,--
265,266,002437,誉衡药业,2.86,-2.39,-0.07,0.0,6.82,0.68,4.78,4.33亿,21.91亿,62.65亿,26.65
266,267,002444,巨星科技,28.73,-0.24,-0.07,-0.04,1.51,1.41,3.37,5.03亿,11.51亿,330.68亿,13.39
267,268,002491,通鼎互联,4.84,-1.43,-0.07,0.21,1.67,0.95,2.65,0.96亿,11.76亿,56.94亿,550.14
268,269,002589,瑞康医药,3.47,-1.98,-0.07,0.0,5.57,1.12,4.24,2.67亿,13.66亿,47.39亿,100.91
269,270,300002,神州泰岳,12.73,-0.55,-0.07,0.0,5.43,0.99,3.2,12.71亿,18.21亿,231.77亿,17.13
270,271,000539,粤电力A,4.75,-1.66,-0.08,-0.21,0.73,0.76,1.86,0.89亿,25.54亿,121.31亿,12.75
271,272,000709,河钢股份,2.33,-3.32,-0.08,0.0,1.18,0.72,4.15,2.87亿,103.35亿,240.81亿,31.76
272,273,001208,华菱线缆,9.66,-0.82,-0.08,0.0,3.75,1.48,2.36,0.99亿,2.70亿,26.09亿,44.89
273,274,001213,中铁特货,4.33,-1.81,-0.08,-0.23,0.77,1.31,2.27,1.49亿,44.44亿,192.44亿,25.20
274,275,001227,兰州银行,2.62,-2.96,-0.08,0.38,4.79,1.1,3.7,3.50亿,27.68亿,72.52亿,7.49
275,276,002300,太阳电缆,5.85,-1.35,-0.08,0.0,2.5,1.14,3.04,1.07亿,7.22亿,42.25亿,33.27
276,277,002303,美盈森,4.06,-1.93,-0.08,0.25,5.99,0.63,4.11,1.96亿,7.94亿,32.23亿,21.32
277,278,002362,汉王科技,27.65,-0.29,-0.08,-0.11,20.94,0.69,6.13,12.24亿,2.08亿,57.40亿,--
278,279,002520,日发精机,7.02,-1.13,-0.08,0.0,16.97,0.66,4.37,7.82亿,6.45亿,45.27亿,--
279,280,002532,天山铝业,8.35,-0.95,-0.08,-0.36,1.71,1.14,3.68,5.88亿,41.30亿,344.86亿,9.45
280,281,002558,巨人网络,13.57,-0.59,-0.08,-0.29,3.3,1.26,4.18,8.79亿,19.35亿,262.55亿,18.39
281,282,002793,罗欣药业,4.54,-1.73,-0.08,-0.22,2.45,1.13,3.9,1.23亿,10.86亿,49.30亿,--
282,283,002966,苏州银行,8.02,-0.99,-0.08,0.13,1.75,1.29,1.73,5.16亿,36.84亿,295.43亿,5.42
283,284,300586,美联新材,9.83,-0.81,-0.08,0.1,4.95,0.68,4.24,2.60亿,5.34亿,52.54亿,143.57
284,285,301058,中粮科工,12.14,-0.66,-0.08,0.08,6.83,2.81,4.17,4.33亿,5.12亿,62.19亿,40.40
285,286,301177,迪阿股份,25.93,-0.31,-0.08,0.15,10.81,1.54,3.85,1.13亿,0.40亿,10.37亿,385.38
286,287,000008,神州高铁,3.14,-2.79,-0.09,0.0,5.58,0.39,4.03,4.76亿,26.86亿,84.34亿,--
287,288,000403,派林生物,21.67,-0.41,-0.09,0.46,3.02,2.61,2.25,4.51亿,6.85亿,148.38亿,21.89
288,289,000488,晨鸣纸业,3.35,-2.62,-0.09,0.0,3.53,0.83,2.91,2.00亿,16.83亿,56.38亿,--
289,290,000631,顺发恒业,3.4,-2.58,-0.09,-0.29,1.06,0.78,3.44,0.87亿,23.95亿,81.44亿,122.62
290,291,000898,鞍钢股份,2.59,-3.36,-0.09,-0.39,0.71,0.84,3.73,1.49亿,79.57亿,206.09亿,--
291,292,000959,首钢股份,3.25,-2.69,-0.09,0.0,0.76,1.02,2.99,1.62亿,65.07亿,211.49亿,93.04
292,293,002027,分众传媒,6.95,-1.28,-0.09,-0.43,1.15,1.04,2.27,11.63亿,144.42亿,1003.73亿,18.97
293,294,002157,正邦科技,3.15,-2.78,-0.09,0.0,2.76,0.88,4.32,6.17亿,70.27亿,221.36亿,73.06
294,295,002314,南山控股,2.92,-2.99,-0.09,0.0,7.58,0.72,5.98,2.98亿,13.38亿,39.08亿,--
295,296,002427,尤夫股份,4.29,-2.06,-0.09,-0.23,0.98,0.67,2.28,0.42亿,9.85亿,42.27亿,--
296,297,002588,史丹利,7.78,-1.14,-0.09,0.39,3.31,1.66,2.79,2.63亿,10.20亿,79.32亿,10.12
297,298,002724,海洋王,5.98,-1.48,-0.09,0.0,1.12,1.08,2.64,0.38亿,5.72亿,34.19亿,66.20
298,299,300197,节能铁汉,2.93,-2.98,-0.09,0.0,5.09,0.46,3.64,4.45亿,29.65亿,86.88亿,--
299,300,300251,光线传媒,9.79,-0.91,-0.09,0.0,2.48,0.77,3.75,6.84亿,27.87亿,272.87亿,46.74
300,301,300558,贝达药业,54.68,-0.16,-0.09,-0.26,1.95,0.96,4.38,4.45亿,4.17亿,228.12亿,41.23
301,302,000012,南玻A,5.64,-1.74,-0.1,-0.53,2.41,1.77,2.44,2.69亿,19.59亿,110.50亿,16.52
302,303,000601,韶能股份,4.34,-2.25,-0.1,0.0,1.49,0.85,2.93,0.71亿,10.80亿,46.89亿,17.87
303,304,000680,山推股份,9.77,-1.01,-0.1,0.0,2.45,1.44,3.65,3.16亿,13.08亿,127.79亿,16.31
304,305,000690,宝新能源,4.65,-2.1,-0.1,0.22,2.71,1.39,2.53,2.76亿,21.74亿,101.11亿,12.81
305,306,000713,丰乐种业,7.57,-1.3,-0.1,0.0,2.43,1.27,3.0,1.14亿,6.14亿,46.48亿,--
306,307,000723,美锦能源,5.06,-1.94,-0.1,0.0,1.64,1.08,1.94,3.58亿,43.04亿,217.78亿,--
307,308,000761,本钢板材,3.57,-2.73,-0.1,0.28,0.42,0.91,4.09,0.56亿,37.08亿,132.38亿,--
308,309,000778,新兴铸管,3.99,-2.44,-0.1,0.0,1.59,0.91,2.44,2.49亿,38.96亿,155.46亿,24.70
309,310,000791,甘肃能源,6.05,-1.63,-0.1,0.17,1.18,1.24,1.63,1.14亿,16.01亿,96.83亿,21.33
310,311,000875,吉电股份,5.54,-1.77,-0.1,-0.18,1.73,1.19,1.95,2.70亿,27.90亿,154.56亿,10.66
311,312,000883,湖北能源,4.98,-1.97,-0.1,0.0,0.53,1.14,2.17,1.72亿,64.80亿,322.69亿,9.87
312,313,002102,能特科技,2.96,-3.27,-0.1,0.0,2.33,0.64,2.94,1.63亿,23.31亿,69.00亿,48.63
313,314,002203,海亮股份,10.79,-0.92,-0.1,0.0,0.6,0.66,2.39,1.24亿,19.30亿,208.24亿,18.4
314,315,002206,海利得,4.72,-2.08,-0.1,0.43,2.34,0.93,2.49,1.01亿,9.16亿,43.24亿,13.88
315,316,002239,奥特佳,3.26,-2.98,-0.1,0.0,3.62,0.75,2.98,3.87亿,32.43亿,105.73亿,87.99
316,317,002936,郑州银行,2.24,-4.27,-0.1,-0.44,5.07,1.24,3.85,7.69亿,67.01亿,150.09亿,6.81
317,318,002948,青岛银行,3.77,-2.58,-0.1,0.0,1.51,1.16,2.58,1.79亿,31.10亿,117.26亿,4.76
318,319,002958,青农商行,3.1,-3.12,-0.1,0.0,1.89,1.27,3.44,2.91亿,49.26亿,152.71亿,4.03
319,320,300075,数字政通,19.15,-0.52,-0.1,-0.16,5.56,0.77,3.43,5.50亿,5.14亿,98.51亿,435.08
320,321,300102,乾照光电,13.04,-0.76,-0.1,-0.08,7.45,1.09,3.42,8.80亿,9.15亿,119.29亿,184.38
321,322,300128,锦富技术,5.96,-1.65,-0.1,0.0,4.02,1.18,4.29,3.13亿,12.99亿,77.43亿,--
322,323,300185,通裕重工,2.99,-3.24,-0.1,-0.33,3.06,0.71,2.91,3.39亿,36.73亿,109.82亿,159.81
323,324,300708,聚灿光电,12.05,-0.82,-0.1,0.0,5.63,1.02,2.63,3.41亿,4.99亿,60.07亿,38.30
324,325,000088,盐田港,5.0,-2.15,-0.11,-0.2,0.7,1.08,1.96,0.80亿,22.49亿,112.46亿,19.42
325,326,000552,甘肃能化,2.87,-3.69,-0.11,0.0,3.86,0.9,3.69,4.18亿,37.26亿,106.93亿,11.17
326,327,000767,晋控电力,2.78,-3.81,-0.11,0.0,1.86,1.06,4.5,1.52亿,29.12亿,80.96亿,--
327,328,000852,石化机械,6.35,-1.7,-0.11,0.16,1.65,0.57,2.01,0.99亿,9.41亿,59.75亿,53.89
328,329,000966,长源电力,4.93,-2.18,-0.11,0.0,1.02,0.92,2.58,1.40亿,27.49亿,135.54亿,14.17
329,330,000980,众泰汽车,2.95,-3.6,-0.11,0.0,6.68,0.67,6.54,9.87亿,48.92亿,144.30亿,--
330,331,002140,东华科技,11.08,-0.98,-0.11,0.18,3.02,0.9,4.2,1.79亿,5.42亿,60.00亿,18.53
331,332,002191,劲嘉股份,4.83,-2.23,-0.11,0.21,1.48,0.88,3.44,1.04亿,14.41亿,69.59亿,22.16
332,333,002210,飞马国际,2.48,-4.25,-0.11,0.0,5.29,0.75,4.25,3.53亿,26.61亿,66.00亿,147.47
333,334,002266,浙富控股,3.39,-3.14,-0.11,0.0,1.22,0.86,3.43,2.03亿,48.97亿,166.00亿,17.11
334,335,002345,潮宏基,5.88,-1.84,-0.11,0.17,3.51,0.59,2.5,1.80亿,8.67亿,50.98亿,12.4
335,336,002432,九安医疗,43.0,-0.26,-0.11,0.0,2.11,1.37,1.74,4.06亿,4.49亿,193.25亿,11.56
336,337,002545,东方铁塔,7.56,-1.43,-0.11,0.0,1.57,0.65,2.61,1.35亿,11.30亿,85.44亿,15.13
337,338,002567,唐人神,5.57,-1.94,-0.11,0.0,5.78,1.27,3.17,4.63亿,14.32亿,79.74亿,23.59
338,339,002807,江阴银行,4.32,-2.48,-0.11,0.0,2.71,1.6,2.48,2.92亿,24.58亿,106.21亿,7.07
339,340,002906,华阳集团,32.29,-0.34,-0.11,-0.03,1.31,0.87,2.81,2.22亿,5.25亿,169.41亿,27.35
340,341,002926,华西证券,8.81,-1.23,-0.11,0.0,1.33,1.17,3.7,3.09亿,26.25亿,231.26亿,68.26
341,342,003035,南网能源,4.55,-2.36,-0.11,0.0,0.88,1.24,2.58,0.91亿,22.58亿,102.73亿,84.98
342,343,300026,红日药业,4.19,-2.56,-0.11,0.24,3.18,1.03,3.02,3.61亿,26.86亿,112.54亿,56.08
343,344,300145,中金环境,3.6,-2.96,-0.11,0.0,3.1,0.64,3.23,2.15亿,19.05亿,68.56亿,20.59
344,345,300168,万达信息,9.24,-1.18,-0.11,0.0,2.92,0.9,4.28,3.95亿,14.39亿,132.98亿,--
345,346,300271,华宇软件,8.49,-1.28,-0.11,0.0,4.27,0.93,2.79,2.95亿,8.02亿,68.07亿,--
346,347,300324,旋极信息,4.3,-2.49,-0.11,0.0,11.5,1.34,6.12,8.62亿,17.08亿,73.45亿,--
347,348,300846,首都在线,14.21,-0.77,-0.11,0.0,10.71,1.31,3.98,6.04亿,3.90亿,55.46亿,--
348,349,301073,君亭酒店,26.72,-0.41,-0.11,0.04,15.13,1.41,10.14,4.54亿,1.12亿,29.98亿,212.79
349,350,000039,中集集团,8.04,-1.47,-0.12,0.0,1.18,1.04,1.47,2.19亿,23.01亿,185.03亿,17.79
350,351,000523,红棉股份,3.56,-3.26,-0.12,0.0,2.33,0.98,2.99,1.50亿,17.95亿,63.90亿,79.56
351,352,000543,皖能电力,8.03,-1.47,-0.12,0.13,1.11,0.6,2.58,2.04亿,22.67亿,182.03亿,8.63
352,353,000566,海南海药,5.79,-2.03,-0.12,0.0,4.73,0.97,4.91,3.25亿,11.66亿,67.51亿,--
353,354,000825,太钢不锈,3.84,-3.03,-0.12,0.26,1.23,1.13,4.29,2.71亿,56.96亿,218.74亿,--
354,355,000902,新洋丰,13.18,-0.9,-0.12,-0.23,0.92,1.09,1.73,1.40亿,11.43亿,150.62亿,11.15
355,356,000927,中国铁物,2.88,-4.0,-0.12,-0.35,1.69,1.16,4.0,3.00亿,60.50亿,174.25亿,29.89
356,357,001914,招商积余,11.25,-1.05,-0.12,-0.44,1.25,1.24,2.73,1.50亿,10.60亿,119.29亿,14.43
357,358,002060,广东建工,3.95,-2.95,-0.12,0.0,1.87,0.84,2.95,1.16亿,15.63亿,61.73亿,17.26
358,359,002064,华峰化学,8.58,-1.38,-0.12,0.0,0.62,1.0,3.91,2.66亿,49.52亿,424.88亿,15.85
359,360,002145,中核钛白,4.68,-2.5,-0.12,0.0,1.32,0.79,2.29,2.38亿,38.13亿,178.43亿,30.35
360,361,002185,华天科技,11.95,-0.99,-0.12,-0.08,2.61,1.28,2.73,10.05亿,32.04亿,382.85亿,80.44
361,362,002218,拓日新能,3.87,-3.01,-0.12,0.0,1.8,0.67,3.26,0.98亿,13.92亿,53.89亿,132.43
362,363,002375,亚厦股份,4.5,-2.6,-0.12,0.0,2.74,0.59,3.46,1.65亿,13.27亿,59.71亿,17.87
363,364,002498,汉缆股份,3.56,-3.26,-0.12,-0.28,0.88,0.92,2.99,1.05亿,33.27亿,118.43亿,15.27
364,365,002745,木林森,8.78,-1.35,-0.12,0.0,1.97,1.05,2.47,1.85亿,10.65亿,93.48亿,26.93
365,366,002815,崇达技术,10.41,-1.14,-0.12,-0.1,4.98,0.88,3.23,3.35亿,6.41亿,66.71亿,32.19
366,367,002839,张家港行,4.44,-2.63,-0.12,0.0,2.24,1.28,2.85,2.35亿,23.47亿,104.21亿,5.48
367,368,300048,合康新能,5.31,-2.21,-0.12,0.19,1.3,0.75,2.76,0.78亿,11.16亿,59.24亿,411.34
368,369,300140,节能环境,6.63,-1.78,-0.12,1.38,3.4,2.28,4.74,2.32亿,10.20亿,67.63亿,23.21
369,370,301171,易点天下,33.85,-0.35,-0.12,-0.06,20.59,0.71,8.83,21.87亿,3.09亿,104.52亿,61.44
370,371,000060,中金岭南,4.97,-2.55,-0.13,0.0,1.72,0.75,2.16,3.21亿,37.37亿,185.74亿,17.43
371,372,000069,华侨城A,3.04,-4.1,-0.13,-0.33,2.03,1.12,3.79,4.29亿,68.95亿,209.60亿,--
372,373,000401,冀东水泥,5.92,-2.15,-0.13,0.0,1.26,0.98,2.48,1.16亿,15.47亿,91.60亿,--
373,374,000517,荣安地产,2.63,-4.71,-0.13,-0.38,2.27,0.85,5.43,1.50亿,24.92亿,65.54亿,19.75
374,375,000591,太阳能,5.01,-2.53,-0.13,0.0,2.01,1.33,2.53,3.65亿,35.98亿,180.28亿,11.39
375,376,000630,铜陵有色,3.45,-3.63,-0.13,-0.29,5.23,2.46,3.63,19.10亿,105.27亿,363.16亿,12.13
376,377,000650,仁和药业,6.03,-2.11,-0.13,0.0,3.02,0.99,2.11,2.45亿,13.31亿,80.28亿,15.23
377,378,000718,苏宁环球,2.9,-4.29,-0.13,0.69,8.64,1.82,6.27,5.79亿,22.83亿,66.22亿,18.64
378,379,000720,新能泰山,3.94,-3.19,-0.13,0.0,0.8,0.84,2.95,0.40亿,12.57亿,49.51亿,--
379,380,000750,国海证券,4.72,-2.68,-0.13,-0.21,3.9,1.16,2.68,10.72亿,57.96亿,273.58亿,122.74
380,381,000751,锌业股份,3.22,-3.88,-0.13,0.0,2.33,0.75,3.88,1.07亿,14.10亿,45.40亿,918.33
381,382,000807,云铝股份,14.84,-0.87,-0.13,0.07,1.04,0.71,2.67,5.33亿,34.68亿,514.64亿,10.11
382,383,000900,现代投资,4.6,-2.75,-0.13,0.22,1.51,0.76,2.96,1.06亿,15.18亿,69.82亿,12.89
383,384,002004,华邦健康,4.78,-2.65,-0.13,0.0,1.7,1.4,3.06,1.54亿,18.82亿,89.97亿,15.70
384,385,002061,浙江交科,4.29,-2.94,-0.13,0.23,1.82,1.0,3.62,2.04亿,25.99亿,111.50亿,9.97
385,386,002100,天康生物,6.95,-1.84,-0.13,0.0,3.28,1.15,2.68,3.15亿,13.65亿,94.89亿,12.58
386,387,002146,荣盛发展,2.2,-5.58,-0.13,0.0,7.46,0.75,5.15,6.47亿,39.00亿,85.81亿,--
387,388,002249,大洋电机,5.71,-2.23,-0.13,0.18,1.87,0.65,2.4,1.97亿,18.28亿,104.39亿,15.57
388,389,002386,天原股份,4.79,-2.64,-0.13,-0.21,1.47,0.77,2.44,0.93亿,13.01亿,62.34亿,--
389,390,002478,常宝股份,5.36,-2.37,-0.13,-0.19,1.96,0.89,2.37,0.76亿,7.20亿,38.57亿,8.81
390,391,002544,普天科技,22.78,-0.57,-0.13,0.0,1.61,0.95,3.45,2.48亿,6.79亿,154.70亿,637.07
391,392,002555,三七互娱,17.09,-0.76,-0.13,0.0,8.57,1.62,3.77,23.87亿,16.05亿,274.23亿,14.98
392,393,002640,跨境通,5.46,-2.33,-0.13,0.18,27.42,0.82,11.99,21.53亿,14.27亿,77.91亿,--
393,394,002801,微光股份,25.85,-0.5,-0.13,-0.12,1.37,0.62,2.39,0.41亿,1.16亿,29.93亿,19.18
394,395,003013,地铁设计,16.86,-0.77,-0.13,0.0,0.67,0.89,1.59,0.45亿,4.00亿,67.43亿,17.41
395,396,300039,上海凯宝,6.92,-1.84,-0.13,0.29,4.53,1.3,2.41,2.88亿,9.17亿,63.45亿,25.01
396,397,300080,易成新能,5.06,-2.5,-0.13,-0.2,1.2,0.89,2.89,1.15亿,18.71亿,94.67亿,--
397,398,300110,华仁药业,4.02,-3.13,-0.13,0.0,2.46,0.86,2.65,1.18亿,11.81亿,47.48亿,37.31
398,399,300401,花园生物,15.81,-0.82,-0.13,0.13,4.61,1.22,3.26,3.92亿,5.35亿,84.53亿,26.69
399,400,300451,创业慧康,5.48,-2.32,-0.13,0.0,3.81,0.74,3.03,3.22亿,15.27亿,83.66亿,120.69
400,401,300589,江龙船艇,13.41,-0.96,-0.13,0.0,3.8,1.1,2.95,1.18亿,2.32亿,31.06亿,156.83
401,402,000078,海王生物,2.99,-4.47,-0.14,0.34,1.86,0.96,4.15,1.48亿,26.26亿,78.53亿,127.66
402,403,000166,申万宏源,5.44,-2.51,-0.14,0.18,0.56,1.17,2.15,6.96亿,225.35亿,1225.93亿,26.54
403,404,000541,佛山照明,6.12,-2.24,-0.14,-0.16,2.19,0.89,3.67,1.63亿,11.97亿,73.24亿,28.33
404,405,000589,贵州轮胎,5.12,-2.66,-0.14,-0.2,3.25,0.75,2.28,2.58亿,15.30亿,78.34亿,10.65
405,406,000629,钒钛股份,3.22,-4.17,-0.14,-0.31,2.24,0.58,4.46,6.74亿,91.95亿,296.09亿,122.51
406,407,000797,中国武夷,3.26,-4.12,-0.14,-0.31,3.91,0.92,3.82,2.02亿,15.71亿,51.20亿,82.32
407,408,000800,一汽解放,8.66,-1.59,-0.14,0.23,0.32,0.9,1.59,1.28亿,46.22亿,400.30亿,87.92
408,409,000912,泸天化,4.8,-2.83,-0.14,0.21,1.4,0.78,2.63,1.06亿,15.68亿,75.26亿,45.12
409,410,000950,重药控股,6.02,-2.27,-0.14,0.0,2.31,1.01,2.44,2.41亿,17.28亿,104.04亿,26.7
410,411,001258,立新能源,6.91,-1.99,-0.14,0.0,1.53,0.75,1.84,0.50亿,4.69亿,32.39亿,37.33
411,412,002003,伟星股份,12.82,-1.08,-0.14,-0.16,1.44,1.31,1.62,1.87亿,10.10亿,129.52亿,18.02
412,413,002267,陕天然气,8.16,-1.69,-0.14,0.49,1.73,1.55,2.41,1.57亿,11.12亿,90.75亿,13.01
413,414,002274,华昌化工,8.04,-1.71,-0.14,0.0,2.01,0.74,1.71,1.52亿,9.38亿,75.40亿,10.84
414,415,002340,格林美,6.8,-2.02,-0.14,-0.15,1.72,1.13,1.73,5.98亿,50.85亿,345.78亿,28.92
415,416,002382,蓝帆医疗,5.76,-2.37,-0.14,0.17,1.09,0.95,2.37,0.63亿,10.00亿,57.58亿,--
416,417,002440,闰土股份,6.84,-2.01,-0.14,-0.15,0.64,0.73,2.01,0.42亿,9.46亿,64.73亿,38.20
417,418,002483,润邦股份,5.46,-2.5,-0.14,0.37,1.89,0.86,2.86,0.92亿,8.85亿,48.33亿,14.24
418,419,002538,司尔特,6.4,-2.14,-0.14,0.16,2.17,0.87,2.14,1.19亿,8.54亿,54.63亿,16.76
419,420,002556,辉隆股份,6.3,-2.17,-0.14,0.0,2.5,0.89,2.48,1.49亿,9.32亿,58.71亿,24.39
420,421,002573,清新环境,4.37,-3.1,-0.14,0.0,0.82,0.93,3.55,0.52亿,14.13亿,61.74亿,78.54
421,422,002636,金安国纪,8.5,-1.62,-0.14,0.12,0.85,0.81,2.08,0.53亿,7.24亿,61.57亿,46.67
422,423,002662,京威股份,4.12,-3.29,-0.14,0.24,2.42,0.6,3.76,1.51亿,15.00亿,61.80亿,14.39
423,424,002709,天赐材料,22.13,-0.63,-0.14,-0.27,2.57,1.1,2.38,7.89亿,13.83亿,305.96亿,94.14
424,425,300160,秀强股份,6.02,-2.27,-0.14,0.0,2.22,0.56,2.27,1.02亿,7.59亿,45.72亿,19.20
425,426,300267,尔康制药,3.44,-3.91,-0.14,0.0,5.89,0.74,3.07,2.92亿,14.22亿,48.93亿,--
426,427,300485,赛升药业,8.23,-1.67,-0.14,0.37,1.8,0.98,1.91,0.41亿,2.74亿,22.54亿,--
427,428,301558,三态股份,10.48,-1.32,-0.14,0.0,15.15,0.88,3.96,3.55亿,2.20亿,23.03亿,144.18
428,429,000157,中联重科,7.09,-2.07,-0.15,-0.14,0.86,0.89,1.93,4.36亿,70.71亿,501.30亿,14.70
429,430,000415,渤海租赁,4.05,-3.57,-0.15,-0.25,3.2,0.73,3.81,7.08亿,53.93亿,218.41亿,11.81
430,431,000516,国际医学,6.03,-2.43,-0.15,0.0,1.31,1.02,2.43,1.76亿,22.24亿,134.12亿,--
431,432,000563,陕国投A,3.88,-3.72,-0.15,0.0,2.71,1.14,3.97,5.44亿,51.14亿,198.42亿,15.93
432,433,000783,长江证券,7.06,-2.08,-0.15,-0.14,1.25,1.0,1.66,4.90亿,55.30亿,390.42亿,20.42
433,434,000821,京山轻机,14.39,-1.03,-0.15,-0.07,8.47,2.02,5.02,7.48亿,6.05亿,87.10亿,15.53
434,435,000839,中信国安,3.57,-4.03,-0.15,-0.28,2.36,0.83,4.84,3.36亿,39.20亿,139.94亿,70.04
435,436,000893,亚钾国际,21.49,-0.69,-0.15,0.0,1.07,0.95,2.77,1.88亿,8.12亿,174.46亿,28.89
436,437,000932,华菱钢铁,4.55,-3.19,-0.15,-0.22,1.83,1.3,3.19,5.79亿,69.09亿,314.34亿,13.31
437,438,000949,新乡化纤,4.54,-3.2,-0.15,0.0,6.91,0.6,5.33,5.43亿,17.00亿,77.17亿,29.05
438,439,002110,三钢闽光,3.58,-4.02,-0.15,0.0,2.56,1.46,4.83,2.25亿,24.29亿,86.96亿,--
439,440,002127,南极电商,5.1,-2.86,-0.15,0.0,13.92,1.17,9.9,14.31亿,19.95亿,101.73亿,173.16
440,441,002131,利欧股份,4.11,-3.52,-0.15,0.0,17.81,0.49,3.99,43.21亿,58.51亿,240.49亿,--
441,442,002169,智光电气,6.82,-2.15,-0.15,0.0,1.94,0.77,1.86,1.01亿,7.59亿,51.74亿,--
442,443,002283,天润工业,6.25,-2.34,-0.15,-0.16,8.27,0.73,6.25,5.29亿,10.01亿,62.59亿,19.86
443,444,002307,北新路桥,4.18,-3.46,-0.15,0.0,3.65,0.6,3.23,1.68亿,10.91亿,45.61亿,791.96
444,445,002408,齐翔腾达,5.41,-2.7,-0.15,0.0,0.82,0.89,2.88,1.23亿,27.51亿,148.83亿,58.71
445,446,002434,万里扬,6.85,-2.14,-0.15,0.0,1.7,0.54,3.0,1.54亿,13.11亿,89.83亿,26.24
446,447,300587,天铁股份,4.76,-3.06,-0.15,0.0,3.69,1.59,3.26,1.63亿,9.26亿,44.06亿,172.32
447,448,301175,中科环保,5.48,-2.66,-0.15,-0.18,4.06,1.03,2.84,1.39亿,6.17亿,33.82亿,22.94
448,449,000019,深粮控股,7.15,-2.19,-0.16,0.14,2.39,0.92,2.33,0.72亿,4.16亿,29.76亿,25.27
449,450,000027,深圳能源,6.56,-2.38,-0.16,-0.15,0.58,1.29,2.38,1.82亿,47.57亿,312.08亿,11.01
450,451,000050,深天马A,9.32,-1.69,-0.16,0.0,0.92,0.84,2.64,2.10亿,24.58亿,229.06亿,--
451,452,000090,天健集团,4.45,-3.47,-0.16,-0.22,2.33,1.15,3.04,1.95亿,18.68亿,83.15亿,18.98
452,453,000559,万向钱潮,6.44,-2.42,-0.16,-0.16,1.0,0.98,2.27,2.14亿,33.04亿,212.76亿,22.27
453,454,000598,兴蓉环境,7.08,-2.21,-0.16,0.0,0.69,1.14,2.35,1.47亿,29.75亿,210.62亿,9.75
454,455,000652,泰达股份,4.54,-3.4,-0.16,0.0,2.13,1.06,3.83,1.45亿,14.74亿,66.94亿,36.56
455,456,000822,山东海化,6.46,-2.42,-0.16,0.47,2.53,0.77,3.78,1.48亿,8.95亿,57.82亿,25.25
456,457,000862,银星能源,5.44,-2.86,-0.16,0.0,1.71,0.91,2.86,0.59亿,6.28亿,34.16亿,19.66
457,458,000877,天山股份,6.54,-2.39,-0.16,0.0,1.14,1.06,2.39,1.37亿,18.22亿,119.17亿,--
458,459,000967,盈峰环境,5.04,-3.08,-0.16,-0.4,0.5,0.81,3.46,0.81亿,31.65亿,159.54亿,19.83
459,460,001338,永顺泰,11.66,-1.35,-0.16,0.0,7.33,0.93,1.69,2.03亿,2.36亿,27.51亿,19.97
460,461,002038,双鹭药业,7.55,-2.08,-0.16,0.13,2.33,1.08,2.21,1.51亿,8.52亿,64.29亿,--
461,462,002081,金螳螂,4.04,-3.81,-0.16,0.0,2.7,0.75,4.76,2.92亿,26.43亿,106.80亿,17.19
462,463,002120,韵达股份,7.94,-1.98,-0.16,0.0,1.0,1.1,1.98,2.26亿,28.15亿,223.52亿,12.26
463,464,002138,顺络电子,31.72,-0.5,-0.16,-0.06,1.74,1.04,3.42,4.16亿,7.57亿,239.97亿,30.74
464,465,002501,利源股份,2.22,-6.72,-0.16,-0.45,9.15,0.53,4.62,7.36亿,35.41亿,78.61亿,--
465,466,002511,中顺洁柔,7.52,-2.08,-0.16,0.13,1.88,1.36,2.73,1.79亿,12.65亿,95.15亿,136.16
466,467,002608,江苏国信,7.83,-2.0,-0.16,-0.13,1.17,1.86,5.76,3.53亿,37.78亿,295.82亿,7.60
467,468,300008,天海防务,5.36,-2.9,-0.16,0.0,4.49,0.8,2.54,3.98亿,16.47亿,88.29亿,90.63
468,469,300066,三川智慧,4.7,-3.29,-0.16,0.0,2.85,0.76,3.29,1.36亿,10.06亿,47.28亿,51.27
469,470,300088,长信科技,7.12,-2.2,-0.16,-0.42,5.21,1.52,2.61,9.15亿,24.43亿,173.92亿,44.75
470,471,300129,泰胜风能,7.77,-2.02,-0.16,0.0,2.67,0.99,1.89,1.38亿,6.65亿,51.63亿,36.50
471,472,000410,沈阳机床,7.65,-2.17,-0.17,0.0,1.05,0.74,2.43,1.36亿,16.81亿,128.59亿,--
472,473,000498,山东路桥,6.31,-2.62,-0.17,0.16,1.72,1.2,4.32,1.60亿,14.58亿,91.99亿,5.07
473,474,000600,建投能源,5.36,-3.07,-0.17,0.19,3.03,0.58,3.25,1.79亿,10.90亿,58.43亿,16.67
474,475,000766,通化金马,16.04,-1.05,-0.17,-0.5,3.56,0.73,4.75,5.58亿,9.66亿,154.95亿,486.00
475,476,000930,中粮科技,5.99,-2.76,-0.17,0.17,2.0,1.82,3.08,2.23亿,18.56亿,111.19亿,869.84
476,477,000936,华西股份,7.56,-2.2,-0.17,0.13,2.53,0.94,3.36,1.71亿,8.86亿,66.97亿,38.96
477,478,002011,盾安环境,11.13,-1.5,-0.17,0.0,1.23,0.76,1.59,1.26亿,9.16亿,101.99亿,13.71
478,479,002041,登海种业,10.4,-1.61,-0.17,-0.1,1.56,1.18,1.89,1.44亿,8.80亿,91.52亿,117.17
479,480,002202,金风科技,10.81,-1.55,-0.17,0.0,0.99,0.92,2.1,3.67亿,33.94亿,366.92亿,19.11
480,481,002204,大连重工,5.2,-3.17,-0.17,0.0,1.8,0.86,3.17,1.82亿,19.31亿,100.43亿,19.07
481,482,002276,万马股份,8.8,-1.9,-0.17,0.0,3.7,0.67,3.9,3.32亿,10.05亿,88.45亿,26.27
482,483,002366,融发核电,5.18,-3.18,-0.17,0.0,5.36,0.69,4.86,3.57亿,12.56亿,65.08亿,--
483,484,002405,四维图新,9.98,-1.68,-0.17,-0.2,3.42,1.19,2.96,8.08亿,23.56亿,235.08亿,--
484,485,002414,高德红外,7.97,-2.09,-0.17,0.0,0.84,0.95,1.84,2.28亿,33.99亿,270.87亿,508.41
485,486,002550,千红制药,6.41,-2.58,-0.17,0.0,1.55,0.86,2.58,0.91亿,9.10亿,58.35亿,19.87
486,487,002600,领益智造,9.11,-1.83,-0.17,-0.11,3.77,0.86,3.77,24.05亿,68.94亿,628.00亿,34.08
487,488,002672,东江环保,4.85,-3.39,-0.17,0.0,0.95,0.96,3.59,0.42亿,9.05亿,43.90亿,--
488,489,002716,湖南白银,4.05,-4.03,-0.17,0.5,7.78,1.29,3.79,7.01亿,22.10亿,89.52亿,69.47
489,490,002726,龙大美食,7.56,-2.2,-0.17,0.0,1.6,0.82,2.46,1.31亿,10.77亿,81.43亿,83.77
490,491,002746,仙坛股份,6.54,-2.53,-0.17,0.31,3.27,1.53,2.68,1.52亿,7.10亿,46.41亿,37.70
491,492,002840,华统股份,14.29,-1.18,-0.17,-0.07,10.79,1.37,2.97,7.55亿,4.84亿,69.11亿,126.94
492,493,002907,华森制药,14.59,-1.15,-0.17,0.21,1.89,1.06,2.58,0.86亿,3.09亿,45.07亿,61.27
493,494,300036,超图软件,18.84,-0.89,-0.17,0.0,3.46,1.05,2.47,2.87亿,4.37亿,82.37亿,264.68
494,495,300131,英唐智控,8.47,-1.97,-0.17,-0.12,7.52,0.97,4.17,6.76亿,10.42亿,88.28亿,155.80
495,496,300158,振东制药,5.06,-3.25,-0.17,0.0,2.56,0.91,3.44,1.31亿,10.02亿,50.69亿,95.09
496,497,300569,天能重工,5.3,-3.11,-0.17,0.0,1.85,1.05,2.74,1.01亿,10.18亿,53.96亿,705.61
497,498,300630,普利制药,9.01,-1.85,-0.17,-0.11,5.28,0.65,1.31,1.62亿,3.38亿,30.48亿,--
498,499,000030,富奥股份,5.48,-3.18,-0.18,0.0,1.04,1.0,3.89,0.98亿,16.92亿,92.73亿,16.12
499,500,000089,深圳机场,7.01,-2.5,-0.18,0.29,1.57,2.72,2.92,2.27亿,20.51亿,143.76亿,32.98
500,501,000597,东北制药,5.59,-3.12,-0.18,0.0,1.81,0.68,2.95,1.44亿,14.07亿,78.64亿,28.81
501,502,000683,远兴能源,5.9,-2.96,-0.18,-0.17,2.12,1.12,3.78,4.17亿,32.83亿,193.69亿,9.17
502,503,000717,中南股份,3.68,-4.66,-0.18,0.0,12.19,0.8,11.92,10.97亿,24.24亿,89.19亿,--
503,504,000823,超声电子,9.76,-1.81,-0.18,0.1,1.76,0.94,2.01,0.93亿,5.37亿,52.41亿,26.67
504,505,000899,赣能股份,8.78,-2.01,-0.18,0.34,1.72,1.11,3.24,1.48亿,9.76亿,85.66亿,10.05
505,506,002039,黔源电力,15.3,-1.16,-0.18,-0.13,0.95,0.98,1.36,0.62亿,4.28亿,65.42亿,18.49
506,507,002051,中工国际,8.71,-2.02,-0.18,0.0,1.5,1.1,2.14,1.62亿,12.37亿,107.77亿,25.00
507,508,002250,联化科技,6.0,-2.91,-0.18,0.5,4.11,1.58,3.07,2.24亿,9.07亿,54.39亿,126.17
508,509,002254,泰和新材,10.28,-1.72,-0.18,0.1,1.82,1.06,3.73,1.54亿,8.19亿,84.19亿,44.06
509,510,002293,罗莱生活,8.77,-2.01,-0.18,0.23,0.95,0.86,2.46,0.70亿,8.27亿,72.51亿,20.90
510,511,002367,康力电梯,7.63,-2.31,-0.18,0.0,6.41,0.88,4.61,2.61亿,5.26亿,40.15亿,16.23
511,512,002413,雷科防务,5.06,-3.44,-0.18,0.0,4.1,0.96,2.86,2.63亿,12.51亿,63.28亿,--
512,513,002441,众业达,8.2,-2.15,-0.18,0.0,1.97,0.9,3.22,0.65亿,3.99亿,32.72亿,23.94
513,514,002698,博实股份,18.45,-0.97,-0.18,0.0,3.65,0.63,3.22,5.74亿,8.41亿,155.25亿,31.02
514,515,002996,顺博合金,6.87,-2.55,-0.18,0.0,3.08,0.49,2.41,0.90亿,4.22亿,29.00亿,20.99
515,516,300055,万邦达,5.75,-3.04,-0.18,0.17,2.04,1.01,3.37,0.75亿,6.33亿,36.38亿,708.16
516,517,300072,海新能科,4.15,-4.16,-0.18,0.0,2.21,0.94,3.93,2.17亿,23.31亿,96.75亿,--
517,518,300318,博晖创新,6.33,-2.77,-0.18,0.32,1.35,0.78,2.92,0.69亿,7.99亿,50.55亿,163.52
518,519,300352,北信源,6.82,-2.57,-0.18,0.0,9.21,0.52,4.71,7.84亿,12.22亿,83.34亿,--
519,520,300366,创意信息,11.71,-1.51,-0.18,-0.26,10.22,1.53,4.96,6.48亿,5.31亿,62.12亿,--
520,521,301332,德尔玛,11.34,-1.56,-0.18,0.09,3.85,1.35,2.69,1.16亿,2.65亿,30.04亿,37.76
521,522,000036,华联控股,4.89,-3.74,-0.19,0.0,1.98,1.17,4.13,1.43亿,14.81亿,72.41亿,145.30
522,523,000553,安道麦A,6.75,-2.74,-0.19,-0.3,0.41,1.31,3.17,0.61亿,21.77亿,146.95亿,--
523,524,000703,恒逸石化,6.19,-2.98,-0.19,-0.16,0.47,1.35,2.67,1.06亿,36.47亿,225.77亿,73.71
524,525,000758,中色股份,5.16,-3.55,-0.19,0.0,1.99,1.0,3.18,2.04亿,19.69亿,101.62亿,22.91
525,526,000905,厦门港务,6.73,-2.75,-0.19,-0.15,1.49,0.97,2.75,0.75亿,7.42亿,49.92亿,19.72
526,527,000958,电投产融,6.89,-2.68,-0.19,0.15,1.09,0.92,2.83,4.06亿,53.83亿,370.92亿,36.46
527,528,000993,闽东电力,9.04,-2.06,-0.19,0.0,1.62,0.75,1.95,0.65亿,4.40亿,39.75亿,27.13
528,529,002153,石基信息,8.26,-2.25,-0.19,0.24,1.46,0.9,3.55,1.95亿,16.00亿,132.14亿,1064.47
529,530,002346,柘中股份,10.0,-1.86,-0.19,0.3,0.56,0.78,2.16,0.22亿,3.93亿,39.34亿,--
530,531,002356,赫美集团,4.19,-4.34,-0.19,0.0,2.65,0.85,3.65,1.48亿,13.11亿,54.94亿,--
531,532,002500,山西证券,6.66,-2.77,-0.19,-0.15,1.57,1.17,1.75,3.79亿,35.90亿,239.08亿,33.65
532,533,002641,公元股份,5.05,-3.63,-0.19,0.0,2.82,0.51,3.44,1.64亿,11.34亿,57.27亿,31.51
533,534,002677,浙江美大,8.21,-2.26,-0.19,0.37,2.39,1.11,3.69,1.15亿,5.84亿,47.98亿,37.32
534,535,002736,国信证券,11.44,-1.63,-0.19,0.35,0.5,0.9,1.38,5.26亿,91.39亿,1045.48亿,16.91
535,536,002867,周大生,14.22,-1.32,-0.19,0.0,2.85,2.29,2.85,4.41亿,10.80亿,153.55亿,13.67
536,537,002987,京北方,15.95,-1.18,-0.19,0.13,3.59,1.34,3.22,3.46亿,6.02亿,96.02亿,32.84
537,538,300416,苏试试验,13.32,-1.41,-0.19,-0.08,2.94,0.93,2.22,1.97亿,5.05亿,67.29亿,34.70
538,539,300497,富祥药业,9.84,-1.89,-0.19,0.1,2.34,0.81,2.29,1.04亿,4.52亿,44.44亿,--
539,540,300821,东岳硅材,8.52,-2.18,-0.19,0.24,0.86,1.07,2.3,0.89亿,12.00亿,102.21亿,86.56
540,541,301215,中汽股份,6.58,-2.81,-0.19,0.0,2.29,0.8,2.51,1.17亿,7.67亿,50.49亿,58.98
541,542,000505,京粮控股,7.03,-2.77,-0.2,0.0,2.61,0.86,2.08,1.17亿,6.32亿,44.46亿,137.60
542,543,000581,威孚高科,18.15,-1.09,-0.2,0.67,1.34,1.4,1.69,2.01亿,8.24亿,149.52亿,10.62
543,544,000686,东北证券,8.6,-2.27,-0.2,0.23,1.38,1.05,1.93,2.79亿,23.40亿,201.28亿,31.87
544,545,000957,中通客车,12.36,-1.59,-0.2,0.0,4.43,0.63,2.71,3.27亿,5.93亿,73.28亿,28.15
545,546,002048,宁波华翔,13.16,-1.5,-0.2,0.84,2.62,0.94,2.1,1.80亿,5.22亿,68.72亿,11.21
546,547,002226,江南化工,5.57,-3.47,-0.2,0.18,1.22,0.79,3.47,1.82亿,26.49亿,147.54亿,14.76
547,548,002243,力合科创,8.99,-2.18,-0.2,-0.11,1.74,0.73,2.07,1.90亿,12.04亿,108.25亿,60.26
548,549,002284,亚太股份,8.48,-2.3,-0.2,0.0,1.63,0.7,3.0,1.02亿,7.31亿,62.01亿,29.93
549,550,002453,华软科技,6.7,-2.9,-0.2,-0.74,7.13,1.54,3.48,2.93亿,6.11亿,40.93亿,--
550,551,002515,金字火腿,5.13,-3.75,-0.2,0.0,4.26,0.99,4.13,2.51亿,11.29亿,57.90亿,156.05
551,552,002568,百润股份,28.25,-0.7,-0.2,-0.04,2.45,0.94,3.48,4.99亿,7.16亿,202.38亿,38.72
552,553,002585,双星新材,6.22,-3.12,-0.2,-0.16,2.6,0.65,2.8,1.46亿,8.93亿,55.54亿,--
553,554,002595,豪迈科技,43.5,-0.46,-0.2,-0.23,0.45,1.6,2.13,1.56亿,7.95亿,345.72亿,18.42
554,555,002607,中公教育,3.89,-4.89,-0.2,0.0,14.03,0.61,5.38,27.93亿,50.29亿,195.62亿,107.00
555,556,002617,露笑科技,6.93,-2.81,-0.2,-0.14,3.23,0.94,3.37,4.30亿,18.91亿,131.08亿,42.70
556,557,300253,卫宁健康,7.95,-2.45,-0.2,-0.13,4.53,1.37,2.33,6.83亿,18.87亿,150.03亿,84.31
557,558,301439,泓淋电力,13.95,-1.41,-0.2,-0.07,1.23,0.87,1.84,0.32亿,1.83亿,25.56亿,29.46
558,559,000876,新希望,9.75,-2.11,-0.21,0.1,0.94,1.38,2.11,4.12亿,45.00亿,438.72亿,215.95
559,560,000928,中钢国际,6.81,-2.99,-0.21,0.0,2.2,1.3,3.13,2.17亿,14.35亿,97.70亿,11.44
560,561,000937,冀中能源,6.49,-3.13,-0.21,-0.46,2.04,1.82,3.43,4.61亿,34.33亿,222.83亿,14.17
561,562,001286,陕西能源,9.58,-2.15,-0.21,-0.1,2.17,1.05,2.15,2.20亿,10.50亿,100.59亿,10.79
562,563,001308,康冠科技,25.37,-0.82,-0.21,-0.16,11.56,0.81,2.58,2.29亿,0.77亿,19.60亿,23.42
563,564,002010,传化智联,5.1,-3.96,-0.21,-0.2,1.72,0.69,3.2,2.47亿,27.80亿,141.77亿,44.93
564,565,002099,海翔药业,5.73,-3.54,-0.21,-0.17,1.03,1.41,3.7,0.96亿,16.17亿,92.63亿,580.68
565,566,002221,东华能源,9.42,-2.18,-0.21,-0.32,1.1,0.82,3.53,1.52亿,14.61亿,137.62亿,84.83
566,567,002285,世联行,3.39,-5.83,-0.21,-0.29,5.79,0.68,5.28,3.94亿,19.75亿,66.96亿,--
567,568,002294,信立泰,33.97,-0.61,-0.21,0.03,0.49,1.03,2.43,1.85亿,11.15亿,378.62亿,55.72
568,569,002468,申通快递,9.97,-2.06,-0.21,-0.2,1.11,0.7,2.46,1.67亿,14.92亿,148.76亿,17.54
569,570,002539,云图控股,8.24,-2.48,-0.21,0.0,1.74,0.92,2.37,1.28亿,8.83亿,72.77亿,11.15
570,571,002651,利君股份,7.39,-2.76,-0.21,0.0,2.6,0.74,2.5,1.10亿,5.65亿,41.79亿,47.31
571,572,002690,美亚光电,15.58,-1.33,-0.21,-0.06,2.06,0.67,1.84,1.39亿,4.33亿,67.42亿,22.91
572,573,002911,佛燃能源,12.08,-1.71,-0.21,0.17,0.42,0.86,2.93,0.63亿,12.48亿,150.76亿,25.24
573,574,003005,竞业达,34.68,-0.6,-0.21,0.0,13.8,0.92,5.02,3.51亿,0.74亿,25.60亿,176.62
574,575,300024,机器人,21.78,-0.95,-0.21,-0.05,12.11,0.85,5.96,40.90亿,15.33亿,333.84亿,--
575,576,300070,碧水源,5.66,-3.58,-0.21,-0.18,1.73,0.86,3.41,3.41亿,34.35亿,194.41亿,--
576,577,300256,星星科技,5.73,-3.54,-0.21,-0.17,19.92,1.45,9.09,19.67亿,16.43亿,94.17亿,--
577,578,300395,菲利华,41.86,-0.5,-0.21,0.05,1.86,0.96,3.59,3.95亿,5.13亿,214.94亿,69.88
578,579,300741,华宝股份,18.83,-1.1,-0.21,0.43,0.52,1.44,2.42,0.60亿,6.16亿,115.97亿,48.56
579,580,300770,新媒股份,43.56,-0.48,-0.21,-0.23,2.66,1.12,3.15,2.68亿,2.29亿,99.81亿,17.51
580,581,300827,上能电气,47.24,-0.44,-0.21,-1.95,3.57,1.25,3.58,4.43亿,2.60亿,122.82亿,42.19
581,582,301069,凯盛新材,16.64,-1.25,-0.21,0.24,3.14,0.61,2.85,2.07亿,3.92亿,65.22亿,100.48
582,583,301180,万祥科技,17.55,-1.18,-0.21,-0.11,3.8,1.99,7.38,2.72亿,4.00亿,70.20亿,244.80
583,584,000061,农产品,7.73,-2.77,-0.22,0.0,0.61,1.05,2.77,0.81亿,16.97亿,131.17亿,31.40
584,585,000560,我爱我家,3.68,-5.64,-0.22,-0.27,11.73,0.7,4.87,9.93亿,22.55亿,82.99亿,766.05
585,586,000682,东方电子,10.84,-1.99,-0.22,-0.09,1.13,0.93,3.44,1.66亿,13.41亿,145.32亿,25.88
586,587,000731,四川美丰,7.93,-2.7,-0.22,0.13,3.22,0.91,2.21,1.44亿,5.59亿,44.32亿,17.55
587,588,000789,万年青,5.53,-3.83,-0.22,0.18,2.93,1.48,4.17,1.31亿,7.97亿,44.10亿,473.94
588,589,000903,云内动力,4.24,-4.93,-0.22,0.0,9.82,0.52,4.93,8.12亿,19.20亿,81.42亿,--
589,590,000983,山西焦煤,8.28,-2.59,-0.22,-0.24,1.05,0.8,2.35,4.07亿,46.40亿,384.21亿,12.39
590,591,000987,越秀资本,7.47,-2.86,-0.22,-0.13,0.8,1.14,2.34,3.03亿,50.15亿,374.64亿,16.35
591,592,002022,科华生物,7.0,-3.05,-0.22,0.0,1.39,0.86,3.19,0.50亿,5.14亿,36.00亿,--
592,593,002030,达安基因,6.41,-3.32,-0.22,0.0,2.48,1.31,3.77,2.25亿,14.03亿,89.96亿,--
593,594,002055,得润电子,8.15,-2.63,-0.22,0.25,4.94,0.75,3.58,2.41亿,5.91亿,48.20亿,--
594,595,002062,宏润建设,4.9,-4.3,-0.22,0.0,2.86,0.86,6.05,1.42亿,9.90亿,48.51亿,18.21
595,596,002135,东南网架,4.98,-4.23,-0.22,0.0,3.68,0.72,4.04,1.94亿,10.44亿,51.98亿,25.51
596,597,002252,上海莱士,7.5,-2.85,-0.22,0.0,1.49,2.04,3.76,7.47亿,66.35亿,497.61亿,20.32
597,598,002390,信邦制药,4.38,-4.78,-0.22,0.0,2.57,0.77,5.65,2.12亿,18.52亿,81.10亿,36.16
598,599,002542,中化岩土,4.94,-4.26,-0.22,0.0,7.19,0.57,4.26,5.79亿,16.01亿,79.10亿,--
599,600,002549,凯美特气,7.17,-2.98,-0.22,-0.28,2.26,1.33,2.98,1.13亿,6.92亿,49.64亿,--
600,601,002845,同兴达,15.91,-1.36,-0.22,0.0,3.49,0.81,2.23,1.40亿,2.50亿,39.81亿,53.94
601,602,002939,长城证券,8.63,-2.49,-0.22,-0.12,1.04,0.94,1.81,3.16亿,34.88亿,300.98亿,23.78
602,603,002950,奥美医疗,9.02,-2.38,-0.22,0.22,2.0,1.05,2.38,0.82亿,4.52亿,40.77亿,16.16
603,604,300146,汤臣倍健,13.29,-1.63,-0.22,0.0,4.98,1.77,3.55,7.60亿,11.30亿,150.18亿,19.52
604,605,300217,东方电热,5.43,-3.89,-0.22,0.19,4.81,1.02,4.96,3.29亿,12.27亿,66.62亿,21.53
605,606,300257,开山股份,9.79,-2.2,-0.22,0.1,0.86,0.83,2.1,0.81亿,9.55亿,93.45亿,33.12
606,607,300468,四方精创,20.38,-1.07,-0.22,-0.05,14.14,1.86,5.73,15.39亿,5.29亿,107.78亿,154.43
607,608,300737,科顺股份,5.68,-3.73,-0.22,-0.18,2.77,1.06,3.73,1.35亿,8.50亿,48.31亿,37.47
608,609,300951,博硕科技,32.08,-0.68,-0.22,-0.03,1.71,1.02,2.14,0.83亿,1.51亿,48.47亿,25.23
609,610,301207,华兰疫苗,19.0,-1.15,-0.22,1.55,5.3,1.85,2.97,1.41亿,1.42亿,26.91亿,32.03
610,611,000402,金融街,3.93,-5.53,-0.23,-0.51,4.55,0.89,5.05,5.41亿,29.88亿,117.44亿,--
611,612,000409,云鼎科技,10.13,-2.22,-0.23,0.0,5.49,0.63,2.61,2.38亿,4.23亿,42.88亿,63.80
612,613,000420,吉林化纤,4.15,-5.25,-0.23,0.0,6.94,0.86,3.88,7.19亿,24.58亿,102.01亿,123.27
613,614,000582,北部湾港,7.66,-2.92,-0.23,0.0,1.57,1.49,2.66,2.15亿,17.61亿,134.91亿,14.29
614,615,000719,中原传媒,11.93,-1.89,-0.23,-0.17,4.52,0.65,3.29,3.66亿,6.67亿,79.59亿,18.02
615,616,000830,鲁西化工,11.92,-1.89,-0.23,0.08,1.49,0.97,1.81,3.39亿,19.04亿,226.90亿,10.84
616,617,000968,蓝焰控股,6.82,-3.26,-0.23,-0.15,2.06,1.65,3.55,1.37亿,9.68亿,65.98亿,16.40
617,618,000998,隆平高科,11.19,-2.01,-0.23,-0.09,1.71,1.19,2.01,2.53亿,13.15亿,147.15亿,--
618,619,001201,东瑞股份,16.83,-1.35,-0.23,0.3,2.32,1.24,2.64,0.65亿,1.66亿,27.88亿,--
619,620,002015,协鑫能科,7.93,-2.82,-0.23,-0.13,1.63,1.33,2.7,2.11亿,16.23亿,128.73亿,15.93
620,621,002057,中钢天源,7.99,-2.8,-0.23,-0.13,2.31,0.83,2.43,1.40亿,7.50亿,59.94亿,28.9
621,622,002063,远光软件,6.45,-3.44,-0.23,0.0,3.86,1.21,3.89,4.44亿,17.59亿,113.44亿,83.5
622,623,002091,江苏国泰,7.68,-2.91,-0.23,0.0,1.57,1.1,2.53,1.95亿,15.97亿,122.67亿,10.56
623,624,002349,精华制药,8.42,-2.66,-0.23,0.0,2.95,0.8,3.01,2.04亿,8.14亿,68.55亿,31.31
624,625,002559,亚威股份,9.99,-2.25,-0.23,-0.1,7.64,0.46,2.35,3.86亿,5.01亿,50.00亿,40.44
625,626,002609,捷顺科技,9.06,-2.48,-0.23,0.11,4.79,0.51,3.98,2.03亿,4.59亿,41.62亿,102.24
626,627,002645,华宏科技,7.87,-2.84,-0.23,0.13,1.74,1.08,3.09,0.70亿,5.09亿,40.06亿,1259.41
627,628,002658,雪迪龙,7.03,-3.17,-0.23,0.0,3.35,0.72,2.89,0.85亿,3.59亿,25.21亿,44.19
628,629,002673,西部证券,9.01,-2.49,-0.23,-0.11,2.16,0.91,1.73,8.07亿,41.09亿,370.24亿,41.45
629,630,300009,安科生物,9.07,-2.47,-0.23,-0.11,1.77,0.97,2.47,1.98亿,12.22亿,110.81亿,19.34
630,631,300057,万顺新材,5.59,-3.95,-0.23,-0.18,3.33,1.18,3.61,1.40亿,7.38亿,41.26亿,--
631,632,300182,捷成股份,6.94,-3.21,-0.23,0.0,12.31,0.76,5.44,19.75亿,22.40亿,155.45亿,38.30
632,633,300303,聚飞光电,7.12,-3.13,-0.23,0.0,5.55,1.04,2.72,5.27亿,13.18亿,93.87亿,32.91
633,634,300304,云意电气,8.88,-2.52,-0.23,0.0,2.99,0.69,2.52,2.30亿,8.56亿,75.98亿,19.03
634,635,300307,慈星股份,8.05,-2.78,-0.23,0.0,3.31,0.57,3.26,2.10亿,7.77亿,62.58亿,15.36
635,636,300444,双杰电气,7.53,-2.96,-0.23,0.0,4.85,0.73,3.35,2.19亿,5.92亿,44.60亿,38.80
636,637,300507,苏奥传感,7.66,-2.92,-0.23,0.0,4.24,0.56,3.29,2.55亿,7.72亿,59.17亿,41.65
637,638,300579,数字认证,33.56,-0.68,-0.23,0.0,5.82,1.05,4.35,5.16亿,2.62亿,88.02亿,--
638,639,300982,苏文电能,19.84,-1.15,-0.23,-0.1,3.13,1.32,2.69,1.20亿,1.94亿,38.47亿,57.05
639,640,301090,华润材料,7.76,-2.88,-0.23,0.0,1.27,1.19,2.75,0.62亿,6.25亿,48.52亿,--
640,641,000009,中国宝安,9.71,-2.41,-0.24,-0.1,1.22,1.44,2.61,3.03亿,25.51亿,247.74亿,48.74
641,642,000567,海德股份,7.92,-2.94,-0.24,-0.13,0.99,0.73,2.45,1.55亿,19.50亿,154.43亿,22.45
642,643,002078,太阳纸业,14.53,-1.62,-0.24,0.0,0.66,1.11,2.17,2.66亿,27.75亿,403.25亿,12.39
643,644,002104,恒宝股份,7.98,-2.92,-0.24,0.0,4.08,0.96,3.04,1.97亿,5.95亿,47.51亿,46.09
644,645,002183,怡亚通,5.26,-4.36,-0.24,0.0,3.31,1.13,6.18,4.61亿,25.97亿,136.60亿,167.22
645,646,002421,达实智能,4.44,-5.13,-0.24,0.45,17.73,1.33,7.91,16.13亿,20.03亿,88.95亿,147.15
646,647,002446,盛路通信,7.46,-3.12,-0.24,-0.13,4.19,0.88,2.73,2.68亿,8.48亿,63.24亿,77.05
647,648,002563,森马服饰,7.1,-3.27,-0.24,0.0,2.21,1.93,4.36,3.50亿,22.08亿,156.80亿,19.00
648,649,002786,银宝山新,11.44,-2.06,-0.24,0.0,3.62,0.79,2.14,2.06亿,4.94亿,56.53亿,--
649,650,300045,华力创通,24.93,-0.95,-0.24,-0.04,7.41,1.36,3.77,9.01亿,4.86亿,121.13亿,--
650,651,300094,国联水产,5.03,-4.55,-0.24,0.0,15.2,0.9,4.74,8.59亿,11.05亿,55.58亿,--
651,652,300332,天壕能源,5.97,-3.87,-0.24,0.0,3.12,1.47,4.19,1.56亿,8.29亿,49.52亿,29.44
652,653,300471,厚普股份,10.75,-2.18,-0.24,0.09,2.47,0.93,2.73,0.98亿,3.67亿,39.40亿,--
653,654,000006,深振业A,8.95,-2.72,-0.25,0.0,2.97,0.77,4.13,3.63亿,13.50亿,120.82亿,--
654,655,000536,华映科技,5.75,-4.17,-0.25,0.0,5.26,0.72,3.83,8.51亿,27.63亿,158.88亿,--
655,656,000544,中原环保,8.8,-2.76,-0.25,0.0,0.76,1.12,2.32,0.65亿,9.75亿,85.77亿,6.45
656,657,000547,航天发展,8.04,-3.02,-0.25,0.0,1.75,1.16,2.65,2.26亿,15.88亿,127.70亿,--
657,658,000612,焦作万方,6.9,-3.5,-0.25,-0.15,2.96,0.92,3.5,2.46亿,11.91亿,82.21亿,11.69
658,659,000901,航天科技,12.25,-2.0,-0.25,-0.57,3.4,1.07,2.16,3.35亿,7.98亿,97.78亿,--
659,660,002036,联创电子,10.58,-2.31,-0.25,0.0,4.79,0.73,2.86,5.36亿,10.54亿,111.46亿,--
660,661,002097,山河智能,7.85,-3.09,-0.25,0.0,2.53,0.67,3.21,2.15亿,10.73亿,84.20亿,181.71
661,662,002233,塔牌集团,7.65,-3.17,-0.25,-0.52,1.18,1.12,3.04,1.09亿,11.91亿,91.15亿,17.95
662,663,002236,大华股份,16.67,-1.48,-0.25,0.0,2.26,0.78,2.19,7.95亿,21.04亿,350.68亿,16.19
663,664,002334,英威腾,7.65,-3.17,-0.25,0.0,4.28,0.69,2.91,2.39亿,7.20亿,55.09亿,30.44
664,665,002458,益生股份,10.35,-2.36,-0.25,0.1,2.07,0.86,2.74,1.62亿,7.49亿,77.51亿,28.58
665,666,002727,一心堂,14.67,-1.68,-0.25,0.0,4.22,1.26,2.81,2.55亿,4.08亿,59.81亿,22.42
666,667,002928,华夏航空,8.3,-2.92,-0.25,-0.12,0.99,0.72,3.27,1.06亿,12.78亿,106.09亿,25.95
667,668,003012,东鹏控股,6.77,-3.56,-0.25,0.0,1.37,1.05,3.56,1.09亿,11.61亿,78.59亿,19.30
668,669,300041,回天新材,8.95,-2.72,-0.25,-0.11,2.28,0.93,2.39,1.12亿,5.44亿,48.73亿,23.02
669,670,300287,飞利信,5.56,-4.3,-0.25,-0.36,14.68,0.88,6.54,10.83亿,13.11亿,72.88亿,--
670,671,300345,华民股份,6.54,-3.68,-0.25,0.0,2.58,0.76,3.09,0.76亿,4.44亿,29.04亿,--
671,672,300639,凯普生物,6.65,-3.62,-0.25,0.0,2.3,0.97,3.04,0.98亿,6.35亿,42.24亿,--
672,673,301269,华大九天,128.14,-0.2,-0.25,-0.14,3.45,0.84,3.96,11.69亿,2.62亿,336.14亿,891.26
673,674,301559,中集环科,16.4,-1.5,-0.25,-0.12,2.65,1.07,1.32,0.39亿,0.90亿,14.76亿,40.97
674,675,000059,华锦股份,5.08,-4.87,-0.26,-0.2,2.23,1.93,4.49,1.83亿,15.99亿,81.25亿,--
675,676,000301,东方盛虹,9.26,-2.73,-0.26,0.43,0.42,1.11,2.84,2.16亿,54.97亿,509.02亿,--
676,677,000672,上峰水泥,8.02,-3.14,-0.26,0.0,0.87,1.18,3.5,0.68亿,9.69亿,77.75亿,14.42
677,678,000722,湖南发展,10.66,-2.38,-0.26,0.09,3.12,1.2,3.75,1.57亿,4.64亿,49.48亿,60.43
678,679,000885,城发环境,13.68,-1.86,-0.26,0.07,1.03,1.25,2.73,0.92亿,6.42亿,87.84亿,7.62
679,680,002053,云南能投,11.67,-2.18,-0.26,0.0,0.56,0.6,1.84,0.60亿,9.21亿,107.45亿,14.16
680,681,002056,横店东磁,13.46,-1.9,-0.26,-0.07,1.03,1.12,2.19,2.28亿,16.25亿,218.73亿,17.73
681,682,002073,软控股份,8.54,-2.96,-0.26,0.0,2.63,0.71,3.52,2.26亿,9.90亿,84.57亿,19.01
682,683,002093,国脉科技,8.67,-2.91,-0.26,0.0,4.68,1.38,2.8,4.13亿,10.07亿,87.30亿,44.23
683,684,002180,纳思达,27.9,-0.92,-0.26,-0.07,1.86,1.07,2.84,7.21亿,13.65亿,380.91亿,27.54
684,685,002376,新北洋,7.5,-3.35,-0.26,0.0,6.81,0.92,2.71,3.60亿,6.99亿,52.41亿,104.01
685,686,002512,达华智能,6.58,-3.8,-0.26,0.0,33.23,2.65,10.38,24.16亿,10.48亿,68.99亿,1839.22
686,687,002675,东诚药业,13.08,-1.95,-0.26,-0.15,1.27,1.16,1.8,1.24亿,7.43亿,97.23亿,48.48
687,688,002706,良信股份,7.08,-3.54,-0.26,-0.14,2.46,1.07,3.41,1.61亿,9.15亿,64.76亿,19.2
688,689,002918,蒙娜丽莎,9.3,-2.72,-0.26,0.0,5.23,1.43,3.14,1.08亿,2.19亿,20.41亿,20.61
689,690,300012,华测检测,13.19,-1.93,-0.26,-0.08,3.48,1.4,4.16,6.60亿,14.32亿,188.85亿,22.3
690,691,300083,创世纪,7.65,-3.29,-0.26,0.0,4.7,0.92,3.92,5.43亿,14.93亿,114.22亿,47.38
691,692,300320,海达股份,10.72,-2.37,-0.26,0.09,2.51,0.94,2.37,1.33亿,4.90亿,52.56亿,41.48
692,693,300343,联创股份,6.69,-3.74,-0.26,-0.3,4.73,0.91,3.17,3.42亿,10.66亿,71.33亿,--
693,694,300393,中来股份,7.01,-3.58,-0.26,0.14,3.03,1.63,3.58,2.04亿,9.54亿,66.88亿,--
694,695,300548,博创科技,23.63,-1.09,-0.26,-0.09,4.2,1.25,3.01,2.23亿,2.23亿,52.76亿,136.08
695,696,300765,新诺威,28.62,-0.9,-0.26,-0.11,0.53,0.92,3.29,1.91亿,12.47亿,356.91亿,216.39
696,697,301363,美好医疗,32.6,-0.79,-0.26,1.09,2.76,0.98,2.62,1.00亿,1.12亿,36.56亿,38.56
697,698,301526,国际复材,4.4,-5.58,-0.26,0.23,14.44,0.98,4.94,3.76亿,5.83亿,25.65亿,--
698,699,000065,北方国际,10.42,-2.53,-0.27,0.0,1.69,0.91,2.34,1.61亿,9.06亿,94.39亿,10.34
699,700,000521,长虹美菱,8.98,-2.92,-0.27,0.0,4.45,0.93,2.49,3.53亿,8.75亿,78.60亿,13.08
700,701,000528,柳工,11.06,-2.38,-0.27,0.0,2.36,1.61,3.44,3.74亿,14.34亿,158.63亿,12.63
701,702,000546,金圆股份,5.72,-4.51,-0.27,0.0,5.55,0.86,3.84,2.29亿,7.13亿,40.76亿,28.71
702,703,000617,中油资本,7.26,-3.59,-0.27,0.0,0.95,1.03,2.92,8.86亿,126.42亿,917.82亿,15.85
703,704,000627,天茂集团,4.86,-5.26,-0.27,0.0,8.7,0.93,8.58,19.61亿,45.52亿,221.25亿,--
704,705,000636,风华高科,15.18,-1.75,-0.27,-0.07,1.07,0.82,1.68,1.89亿,11.57亿,175.63亿,49.62
705,706,000657,中钨高新,9.9,-2.65,-0.27,0.0,2.02,1.13,2.36,2.50亿,12.47亿,123.48亿,50.30
706,707,000697,炼石航空,8.76,-2.99,-0.27,-0.11,2.3,0.87,2.99,1.15亿,5.64亿,49.41亿,--
707,708,000708,中信特钢,12.01,-2.2,-0.27,0.08,0.26,0.94,2.28,1.60亿,50.47亿,606.16亿,11.85
708,709,000881,中广核技,7.85,-3.33,-0.27,0.0,1.77,1.25,3.2,1.11亿,7.90亿,62.04亿,--
709,710,002176,江特电机,8.24,-3.17,-0.27,0.0,2.59,0.94,2.82,3.68亿,17.06亿,140.58亿,--
710,711,002378,章源钨业,7.1,-3.66,-0.27,0.0,2.35,0.87,3.53,2.01亿,11.95亿,84.85亿,43.65
711,712,002455,百川股份,8.38,-3.12,-0.27,0.12,4.74,0.97,3.12,2.03亿,5.08亿,42.54亿,36.36
712,713,002537,海联金汇,6.83,-3.8,-0.27,-0.15,3.21,0.86,3.8,2.61亿,11.74亿,80.19亿,119.30
713,714,002644,佛慈制药,8.43,-3.1,-0.27,0.0,2.03,0.44,2.64,0.88亿,5.11亿,43.05亿,82.63
714,715,002925,盈趣科技,14.87,-1.78,-0.27,-0.2,1.26,0.73,2.31,1.39亿,7.36亿,109.47亿,50.41
715,716,300123,亚光科技,7.1,-3.66,-0.27,0.0,5.7,1.2,2.98,4.09亿,10.00亿,71.02亿,--
716,717,300913,兆龙互连,37.05,-0.72,-0.27,0.14,7.62,1.65,8.04,6.22亿,2.12亿,78.64亿,80.27
717,718,301389,隆扬电子,17.12,-1.55,-0.27,0.06,3.48,0.74,2.7,0.49亿,0.82亿,14.05亿,69.13
718,719,000002,万科A,8.41,-3.22,-0.28,0.0,1.98,1.14,2.42,16.24亿,97.17亿,817.19亿,--
719,720,000011,深物业A,9.74,-2.79,-0.28,0.1,1.81,0.76,2.4,0.94亿,5.26亿,51.28亿,1215.75
720,721,001313,粤海饲料,8.59,-3.16,-0.28,-0.12,5.48,0.55,6.2,1.04亿,2.18亿,18.73亿,--
721,722,001378,德冠新材,24.9,-1.11,-0.28,0.08,4.13,0.82,1.99,0.68亿,0.65亿,16.20亿,34.41
722,723,002125,湘潭电化,11.22,-2.44,-0.28,0.0,2.66,0.83,2.17,1.89亿,6.29亿,70.63亿,21.69
723,724,002258,利尔化学,8.74,-3.1,-0.28,-0.11,1.56,0.9,3.1,1.10亿,7.99亿,69.85亿,39.78
724,725,002279,久其软件,8.07,-3.35,-0.28,0.0,14.99,0.88,5.27,9.88亿,8.00亿,64.54亿,--
725,726,002467,二六三,6.72,-4.0,-0.28,0.0,13.48,0.81,4.43,12.59亿,13.63亿,91.62亿,107.47
726,727,002493,荣盛石化,9.5,-2.86,-0.28,0.0,0.28,1.41,2.96,2.59亿,94.98亿,902.34亿,82.29
727,728,002519,银河电子,7.08,-3.8,-0.28,0.28,11.98,1.07,7.2,9.71亿,11.18亿,79.15亿,42.14
728,729,002533,金杯电工,10.0,-2.72,-0.28,0.0,2.3,0.93,3.11,1.49亿,6.37亿,63.74亿,12.90
729,730,002534,西子洁能,11.61,-2.35,-0.28,-0.09,0.6,1.14,2.35,0.52亿,7.31亿,84.85亿,15.20
730,731,002536,飞龙股份,12.29,-2.23,-0.28,0.33,3.77,0.74,2.94,2.51亿,5.37亿,65.94亿,19.87
731,732,300525,博思软件,17.24,-1.6,-0.28,0.06,1.75,0.8,3.14,1.89亿,6.17亿,106.44亿,280.30
732,733,301039,中集车辆,9.87,-2.76,-0.28,-0.1,1.13,0.98,2.46,1.64亿,14.54亿,143.48亿,16.46
733,734,301263,泰恩康,15.43,-1.78,-0.28,0.0,1.95,0.69,2.48,0.80亿,2.63亿,40.58亿,42.33
734,735,000001,平安银行,11.56,-2.45,-0.29,-0.17,0.69,0.99,2.02,15.66亿,194.06亿,2243.29亿,4.24
735,736,000685,中山公用,9.06,-3.1,-0.29,0.0,1.63,0.94,2.78,1.86亿,12.54亿,113.61亿,9.81
736,737,000728,国元证券,8.59,-3.27,-0.29,-0.23,1.79,1.11,2.48,6.77亿,43.64亿,374.85亿,17.91
737,738,000837,秦川机床,9.92,-2.84,-0.29,-0.1,4.15,0.69,5.49,4.06亿,9.68亿,96.07亿,133.42
738,739,000970,中科三环,10.57,-2.67,-0.29,0.0,2.01,1.21,2.95,2.59亿,12.16亿,128.50亿,--
739,740,001203,大中矿业,9.58,-2.94,-0.29,-0.1,1.11,0.95,2.74,1.31亿,12.17亿,116.55亿,16.30
740,741,001236,弘业期货,11.1,-2.55,-0.29,-0.09,3.44,0.7,1.76,1.25亿,3.26亿,36.23亿,510.95
741,742,002116,中国海诚,10.67,-2.65,-0.29,0.0,1.49,0.9,2.83,0.73亿,4.54亿,48.46亿,17.47
742,743,002540,亚太科技,6.39,-4.34,-0.29,-0.31,3.84,1.0,4.04,2.17亿,8.68亿,55.44亿,17.10
743,744,002792,通宇通讯,16.08,-1.77,-0.29,0.0,5.34,0.94,3.54,2.70亿,3.14亿,50.46亿,122.36
744,745,002810,山东赫达,14.72,-1.93,-0.29,0.0,1.64,0.61,1.67,0.78亿,3.20亿,47.10亿,19.41
745,746,002967,广电计量,17.15,-1.66,-0.29,0.06,0.93,0.81,1.89,0.86亿,5.41亿,92.78亿,39.74
746,747,300184,力源信息,11.22,-2.52,-0.29,-0.09,9.12,1.15,4.43,10.89亿,10.48亿,117.61亿,96.85
747,748,300358,楚天科技,8.01,-3.49,-0.29,-0.13,3.8,1.12,3.13,1.75亿,5.67亿,45.45亿,--
748,749,300382,斯莱克,11.99,-2.36,-0.29,-1.32,6.63,1.19,4.07,5.11亿,6.28亿,75.34亿,--
749,750,300580,贝斯特,25.6,-1.12,-0.29,0.39,7.35,0.74,6.41,9.04亿,4.69亿,120.17亿,42.63
750,751,300738,奥飞数据,13.78,-2.06,-0.29,0.0,7.59,0.8,3.41,10.24亿,9.68亿,133.39亿,94.45
751,752,300806,斯迪克,14.54,-1.96,-0.29,0.0,2.59,0.83,2.5,1.21亿,3.20亿,46.48亿,91.93
752,753,300978,东箭科技,12.1,-2.34,-0.29,0.0,3.54,0.83,2.34,0.81亿,1.89亿,22.86亿,28.36
753,754,301370,国科恒泰,12.15,-2.33,-0.29,0.0,2.61,1.26,3.06,1.04亿,3.24亿,39.34亿,42.98
754,755,000700,模塑科技,7.61,-3.79,-0.3,0.0,3.56,0.93,3.54,2.52亿,9.18亿,69.86亿,9.72
755,756,000828,东莞控股,11.22,-2.6,-0.3,0.18,1.77,1.39,5.29,2.08亿,10.40亿,116.63亿,12.04
756,757,002034,旺能环境,15.66,-1.88,-0.3,0.13,0.71,0.75,2.0,0.47亿,4.24亿,66.41亿,9.77
757,758,002237,恒邦股份,10.7,-2.73,-0.3,-0.19,1.77,1.18,2.0,1.73亿,9.10亿,97.42亿,19.83
758,759,002344,海宁皮城,5.16,-5.5,-0.3,-0.19,7.47,0.99,4.58,5.01亿,12.81亿,66.12亿,68.82
759,760,002387,维信诺,10.33,-2.82,-0.3,0.0,2.17,0.83,2.35,3.15亿,13.95亿,144.08亿,--
760,761,002484,江海股份,16.57,-1.78,-0.3,0.06,2.14,0.65,2.37,2.92亿,8.20亿,135.95亿,21.38
761,762,002945,华林证券,15.39,-1.91,-0.3,0.0,1.01,0.47,2.1,4.22亿,27.00亿,415.53亿,103.16
762,763,002986,宇新股份,12.13,-2.41,-0.3,-0.08,1.42,0.9,2.17,0.52亿,3.00亿,36.40亿,13.29
763,764,300065,海兰信,9.47,-3.07,-0.3,-0.11,4.94,1.47,3.38,3.08亿,6.56亿,62.11亿,502.09
764,765,300138,晨光生物,9.28,-3.13,-0.3,0.11,3.21,1.2,3.55,1.20亿,3.98亿,36.96亿,53.71
765,766,300638,广和通,18.79,-1.57,-0.3,-0.11,6.19,0.69,3.09,6.24亿,5.32亿,100.03亿,16.55
766,767,300855,图南股份,27.55,-1.08,-0.3,0.0,2.54,0.63,2.77,2.06亿,2.93亿,80.71亿,31.66
767,768,301507,民生健康,13.9,-2.11,-0.3,0.0,5.31,0.92,1.9,0.82亿,1.11亿,15.36亿,43.13
768,769,000411,英特集团,11.75,-2.57,-0.31,0.0,3.73,0.78,3.65,1.42亿,3.21亿,37.71亿,12.96
769,770,000990,诚志股份,8.3,-3.6,-0.31,-0.12,1.69,1.08,3.72,1.72亿,12.15亿,100.86亿,34.63
770,771,002007,华兰生物,17.03,-1.79,-0.31,0.06,0.72,1.1,1.9,1.94亿,15.74亿,268.07亿,25.29
771,772,002046,国机精工,15.27,-1.99,-0.31,-0.2,5.05,0.5,4.88,4.12亿,5.26亿,80.30亿,29.62
772,773,002170,芭田股份,8.61,-3.48,-0.31,0.0,2.48,0.97,3.36,1.54亿,7.11亿,61.21亿,28.18
773,774,002275,桂林三金,14.87,-2.04,-0.31,0.0,0.47,0.74,1.98,0.40亿,5.59亿,83.13亿,17.07
774,775,002329,皇氏集团,4.65,-6.25,-0.31,0.0,13.7,0.74,5.64,4.33亿,6.59亿,30.65亿,--
775,776,002419,天虹股份,5.84,-5.04,-0.31,0.0,7.36,1.46,4.71,5.09亿,11.69亿,68.25亿,43.26
776,777,002859,洁美科技,21.5,-1.42,-0.31,0.19,1.26,0.66,2.02,1.10亿,4.06亿,87.20亿,39.22
777,778,300077,国民技术,28.71,-1.07,-0.31,0.0,12.93,1.06,5.34,21.01亿,5.66亿,162.50亿,--
778,779,300288,朗玛信息,17.71,-1.72,-0.31,-0.23,9.5,0.57,4.0,4.41亿,2.57亿,45.44亿,109.54
779,780,300498,温氏股份,17.44,-1.75,-0.31,-0.06,0.93,1.08,1.58,8.80亿,54.39亿,948.60亿,13.58
780,781,301217,铜冠铜箔,10.99,-2.74,-0.31,-0.09,2.81,1.17,2.92,0.71亿,2.29亿,25.17亿,--
781,782,301260,格力博,14.63,-2.08,-0.31,0.0,1.27,0.84,1.87,0.40亿,2.12亿,31.06亿,578.69
782,783,000557,西部创业,6.01,-5.05,-0.32,0.0,2.67,1.31,4.9,2.39亿,14.58亿,87.62亿,29.33
783,784,000603,盛达资源,13.23,-2.36,-0.32,0.0,1.67,0.88,2.58,1.40亿,6.32亿,83.68亿,34.37
784,785,002106,莱宝高科,11.02,-2.82,-0.32,0.0,3.0,0.96,3.62,2.36亿,7.04亿,77.59亿,18.88
785,786,002245,蔚蓝锂芯,10.51,-2.96,-0.32,0.0,4.93,0.84,2.49,5.68亿,10.87亿,114.27亿,32.22
786,787,002436,兴森科技,11.45,-2.72,-0.32,0.0,3.77,1.02,2.89,6.51亿,15.00亿,171.80亿,--
787,788,002514,宝馨科技,7.58,-4.05,-0.32,-0.13,4.61,0.64,3.42,1.96亿,5.54亿,42.00亿,--
788,789,002543,万和电气,10.5,-2.96,-0.32,0.19,1.48,0.89,3.7,1.04亿,6.62亿,69.47亿,12.90
789,790,002922,伊戈尔,16.87,-1.86,-0.32,-0.06,2.74,0.56,2.04,1.72亿,3.70亿,62.40亿,23.58
790,791,300224,正海磁材,12.77,-2.44,-0.32,-0.08,2.44,0.73,2.44,2.61亿,8.32亿,106.30亿,42.40
791,792,300369,绿盟科技,8.67,-3.56,-0.32,0.0,4.01,0.93,4.34,2.82亿,7.98亿,69.21亿,--
792,793,300527,中船应急,8.85,-3.49,-0.32,0.11,2.62,1.42,3.38,2.25亿,9.63亿,85.25亿,1267.32
793,794,300559,佳发教育,13.07,-2.39,-0.32,-0.08,2.41,0.58,2.69,0.99亿,3.11亿,40.67亿,77.93
794,795,300568,星源材质,10.52,-2.95,-0.32,0.0,8.08,2.35,3.23,10.33亿,12.14亿,127.70亿,30.33
795,796,301048,金鹰重工,9.92,-3.12,-0.32,0.1,1.19,0.94,2.83,0.64亿,5.33亿,52.91亿,37.88
796,797,301511,德福科技,14.61,-2.14,-0.32,0.34,3.73,1.43,2.34,2.04亿,3.74亿,54.59亿,--
797,798,000737,北方铜业,8.76,-3.63,-0.33,0.0,5.25,0.93,2.53,3.37亿,7.26亿,63.62亿,21.31
798,799,000829,天音控股,13.78,-2.34,-0.33,0.0,7.14,1.27,5.88,10.37亿,10.24亿,141.12亿,511.47
799,800,000906,浙商中拓,7.12,-4.43,-0.33,0.0,5.41,1.35,4.83,2.73亿,7.02亿,49.98亿,9.05
800,801,001239,永达股份,17.19,-1.88,-0.33,-0.23,18.64,3.82,4.17,3.72亿,1.14亿,19.60亿,68.52
801,802,002019,亿帆医药,11.72,-2.74,-0.33,-0.09,1.26,1.23,2.82,1.25亿,8.41亿,98.62亿,29.18
802,803,002079,苏州固锝,11.18,-2.87,-0.33,0.0,3.04,0.61,2.78,2.78亿,8.09亿,90.43亿,168.00
803,804,002497,雅化集团,13.47,-2.39,-0.33,-0.44,6.49,1.72,4.35,9.28亿,10.54亿,141.91亿,75.31
804,805,300433,蓝思科技,21.98,-1.48,-0.33,0.23,0.62,0.83,1.93,6.77亿,49.65亿,1091.33亿,34.65
805,806,301172,君逸数码,31.69,-1.03,-0.33,0.0,5.23,1.23,2.25,1.17亿,0.70亿,22.26亿,96.78
806,807,301216,万凯新材,11.15,-2.88,-0.33,0.18,2.1,1.35,3.05,0.67亿,2.85亿,31.74亿,--
807,808,000969,安泰科技,11.79,-2.8,-0.34,-0.09,3.24,0.73,2.14,3.95亿,10.26亿,120.97亿,27.32
808,809,002111,威海广泰,11.36,-2.91,-0.34,0.09,1.68,0.87,2.73,0.92亿,4.77亿,54.13亿,35.12
809,810,002212,天融信,7.27,-4.47,-0.34,0.0,5.5,1.24,4.21,4.74亿,11.67亿,84.87亿,--
810,811,002242,九阳股份,11.5,-2.87,-0.34,0.0,1.48,0.79,2.7,1.31亿,7.66亿,88.06亿,67.46
811,812,002327,富安娜,9.43,-3.48,-0.34,-0.11,4.55,2.25,4.61,2.09亿,4.85亿,45.72亿,20.23
812,813,002353,杰瑞股份,34.79,-0.97,-0.34,-0.14,0.88,0.75,2.62,2.12亿,6.93亿,241.25亿,16.71
813,814,002637,赞宇科技,10.58,-3.11,-0.34,0.1,1.7,0.8,3.3,0.81亿,4.43亿,46.84亿,30.94
814,815,002642,荣联科技,8.44,-3.87,-0.34,0.0,6.42,0.84,3.87,3.64亿,6.60亿,55.74亿,399.72
815,816,002703,浙江世宝,12.57,-2.63,-0.34,0.08,3.49,1.13,3.33,2.61亿,5.86亿,73.67亿,69.25
816,817,002705,新宝股份,14.96,-2.22,-0.34,0.0,1.06,0.95,2.42,1.29亿,8.08亿,120.90亿,11.61
817,818,002884,凌霄泵业,18.08,-1.85,-0.34,-0.06,1.2,1.05,2.06,0.60亿,2.73亿,49.36亿,14.7
818,819,300181,佐力药业,16.65,-2.0,-0.34,-0.18,3.7,1.73,2.94,3.75亿,6.01亿,100.08亿,20.78
819,820,300244,迪安诊断,13.14,-2.52,-0.34,0.08,3.21,1.07,2.97,2.13亿,5.01亿,65.89亿,47.07
820,821,300456,赛微电子,19.43,-1.72,-0.34,0.1,3.59,0.84,2.33,4.15亿,5.93亿,115.32亿,--
821,822,000561,烽火电子,8.88,-3.79,-0.35,0.11,3.48,1.0,3.68,1.88亿,6.02亿,53.46亿,--
822,823,000819,岳阳兴长,17.25,-1.99,-0.35,0.0,1.65,0.85,2.78,1.01亿,3.49亿,60.17亿,66.00
823,824,001376,百通能源,15.61,-2.19,-0.35,-0.13,5.91,0.42,2.88,2.00亿,2.15亿,33.56亿,36.19
824,825,002088,鲁阳节能,12.84,-2.65,-0.35,-0.39,1.05,1.26,2.65,0.69亿,5.04亿,64.75亿,14.43
825,826,002129,TCL中环,9.69,-3.49,-0.35,0.0,2.29,1.11,3.19,9.09亿,40.40亿,391.48亿,--
826,827,002668,TCL智家,11.3,-3.0,-0.35,0.0,2.36,1.68,3.6,2.92亿,10.84亿,122.50亿,11.13
827,828,003006,百亚股份,26.88,-1.28,-0.35,0.04,0.86,0.99,3.93,0.99亿,4.29亿,115.22亿,36.29
828,829,300003,乐普医疗,12.05,-2.82,-0.35,0.0,1.67,1.12,2.5,3.28亿,16.16亿,194.73亿,21.18
829,830,300093,金刚光伏,18.81,-1.83,-0.35,0.0,5.17,0.6,2.24,2.10亿,2.15亿,40.52亿,--
830,831,300263,隆华科技,7.59,-4.41,-0.35,0.13,6.54,1.05,4.41,3.76亿,7.49亿,56.81亿,33.27
831,832,300655,晶瑞电材,10.33,-3.28,-0.35,-0.1,3.71,1.07,2.81,3.91亿,10.12亿,104.50亿,12343.5
832,833,300748,金力永磁,19.81,-1.74,-0.35,0.05,2.38,0.78,2.63,5.40亿,11.34亿,224.61亿,101.52
833,834,300873,海晨股份,18.97,-1.81,-0.35,-0.05,2.9,0.45,2.54,0.94亿,1.69亿,32.10亿,15.04
834,835,000777,中核科技,17.72,-1.99,-0.36,0.11,1.67,0.83,2.1,1.14亿,3.83亿,67.94亿,44.04
835,836,000951,中国重汽,17.36,-2.03,-0.36,0.0,0.79,0.67,2.26,1.62亿,11.75亿,203.96亿,16.38
836,837,000975,山金国际,16.92,-2.08,-0.36,-0.12,3.79,3.63,3.01,15.94亿,24.87亿,420.82亿,20.4
837,838,001322,箭牌家居,8.94,-3.87,-0.36,0.0,7.54,2.1,4.3,1.12亿,1.66亿,14.81亿,203.0
838,839,001979,招商蛇口,10.89,-3.2,-0.36,0.0,1.38,1.13,2.58,12.55亿,83.23亿,906.32亿,28.46
839,840,002215,诺普信,11.37,-3.07,-0.36,0.27,7.38,1.9,6.05,6.64亿,7.94亿,90.28亿,17.58
840,841,002240,盛新锂能,15.41,-2.28,-0.36,-0.13,1.96,1.27,1.9,2.64亿,8.67亿,133.55亿,--
841,842,002407,多氟多,13.23,-2.65,-0.36,0.08,2.17,0.71,2.72,3.12亿,10.81亿,142.96亿,473.18
842,843,002603,以岭药业,17.28,-2.04,-0.36,0.0,4.43,2.88,3.46,10.63亿,13.76亿,237.83亿,39.03
843,844,002978,安宁股份,31.06,-1.15,-0.36,0.0,1.18,1.39,3.06,1.11亿,2.99亿,92.87亿,13.68
844,845,300047,天源迪科,13.98,-2.51,-0.36,0.0,9.26,0.65,6.62,7.20亿,5.50亿,76.85亿,207.43
845,846,300053,航宇微,15.77,-2.23,-0.36,-0.13,4.91,0.83,2.54,4.95亿,6.35亿,100.21亿,--
846,847,300258,精锻科技,9.85,-3.53,-0.36,0.1,2.38,0.66,3.62,1.11亿,4.67亿,45.96亿,30.66
847,848,300261,雅本化学,7.98,-4.32,-0.36,-0.13,2.84,0.88,3.48,2.14亿,9.36亿,74.70亿,--
848,849,300975,商络电子,12.45,-2.81,-0.36,0.08,4.49,0.7,2.58,2.64亿,4.69亿,58.34亿,119.94
849,850,000016,深康佳A,5.2,-6.64,-0.37,-0.57,8.29,1.3,5.03,7.03亿,15.97亿,83.02亿,--
850,851,000338,潍柴动力,13.42,-2.68,-0.37,-0.07,1.69,1.4,2.32,11.34亿,49.69亿,666.86亿,10.46
851,852,000595,宝塔实业,8.59,-4.13,-0.37,0.0,3.35,0.89,4.91,3.34亿,11.38亿,97.76亿,--
852,853,000739,普洛药业,16.27,-2.22,-0.37,-0.25,0.56,0.88,1.8,1.08亿,11.69亿,190.17亿,16.41
853,854,000756,新华制药,16.28,-2.22,-0.37,-0.12,2.14,0.95,2.28,1.58亿,4.49亿,73.06亿,24.22
854,855,000922,佳电股份,11.61,-3.09,-0.37,0.0,1.59,0.87,3.0,1.10亿,5.87亿,68.17亿,25.03
855,856,001289,龙源电力,16.74,-2.16,-0.37,-0.06,2.73,1.01,2.16,0.61亿,1.33亿,22.32亿,19.17
856,857,002043,兔宝宝,12.24,-2.93,-0.37,-0.16,2.31,1.17,3.57,2.09亿,7.33亿,89.78亿,15.83
857,858,002150,通润装备,12.96,-2.78,-0.37,-0.08,1.92,0.72,3.08,0.90亿,3.59亿,46.47亿,32.86
858,859,002171,楚江新材,9.18,-3.87,-0.37,0.0,3.87,0.99,6.18,5.16亿,14.54亿,133.45亿,629.03
859,860,002396,星网锐捷,17.82,-2.03,-0.37,0.06,2.09,1.2,2.14,2.19亿,5.83亿,103.94亿,29.94
860,861,002438,江苏神通,12.46,-2.88,-0.37,0.0,2.48,1.09,2.81,1.46亿,4.69亿,58.42亿,20.82
861,862,002581,未名医药,12.86,-2.8,-0.37,0.08,1.78,0.72,3.63,0.93亿,4.01亿,51.54亿,435.05
862,863,002838,道恩股份,12.88,-2.79,-0.37,0.0,1.36,1.25,3.62,0.69亿,3.90亿,50.26亿,44.06
863,864,002932,明德生物,19.75,-1.84,-0.37,-0.05,2.27,1.36,1.94,0.71亿,1.56亿,30.83亿,42.55
864,865,002946,新乳业,15.32,-2.36,-0.37,-0.13,2.55,1.37,6.12,3.31亿,8.52亿,130.46亿,20.88
865,866,003032,传智教育,12.1,-2.97,-0.37,0.0,7.49,0.39,2.97,2.50亿,2.73亿,33.09亿,--
866,867,300143,盈康生命,9.76,-3.65,-0.37,-0.2,1.75,1.61,3.36,1.10亿,6.42亿,62.68亿,66.52
867,868,301339,通行宝,20.97,-1.73,-0.37,0.1,5.17,0.73,2.9,1.31亿,1.20亿,25.17亿,39.01
868,869,000021,深科技,19.71,-1.89,-0.38,0.0,2.94,0.96,2.54,9.08亿,15.60亿,307.56亿,34.88
869,870,002023,海特高新,10.82,-3.39,-0.38,0.0,2.54,1.09,2.68,2.06亿,7.41亿,80.16亿,97.13
870,871,002101,广东鸿图,12.88,-2.87,-0.38,-0.08,1.43,0.84,2.49,1.15亿,6.23亿,80.24亿,24.04
871,872,002158,汉钟精机,19.71,-1.89,-0.38,0.0,1.83,0.72,2.54,1.94亿,5.34亿,105.17亿,10.96
872,873,002302,西部建设,7.32,-4.93,-0.38,0.0,3.1,0.75,4.42,2.92亿,12.62亿,92.40亿,715.28
873,874,002759,天际股份,9.91,-3.69,-0.38,0.0,3.39,0.55,2.92,1.70亿,5.01亿,49.66亿,--
874,875,300429,强力新材,14.1,-2.62,-0.38,-0.07,4.54,0.96,2.35,2.57亿,3.99亿,56.21亿,--
875,876,300590,移为通信,15.25,-2.43,-0.38,0.0,5.21,0.69,3.33,2.86亿,3.54亿,54.03亿,39.27
876,877,300796,贝斯美,10.51,-3.49,-0.38,-0.19,2.22,1.12,3.4,0.85亿,3.61亿,37.96亿,1240.32
877,878,300882,万胜智能,16.56,-2.24,-0.38,0.0,2.64,0.87,3.48,1.18亿,2.66亿,44.10亿,32.95
878,879,000025,特力A,18.25,-2.09,-0.39,-0.16,1.96,0.87,2.15,1.42亿,3.93亿,71.68亿,54.59
879,880,002184,海得控制,11.91,-3.17,-0.39,0.0,5.4,0.65,3.17,1.56亿,2.40亿,28.59亿,--
880,881,002270,华明装备,16.77,-2.27,-0.39,-0.36,0.81,0.91,2.68,1.04亿,7.59亿,127.32亿,22.83
881,882,002299,圣农发展,15.36,-2.48,-0.39,-0.2,1.49,1.29,2.79,2.82亿,12.25亿,188.19亿,37.43
882,883,002518,科士达,19.61,-1.95,-0.39,-0.46,2.19,1.6,2.1,2.44亿,5.65亿,110.83亿,24.0
883,884,300180,华峰超纤,8.05,-4.62,-0.39,-0.12,9.3,1.11,3.91,11.25亿,14.86亿,119.59亿,85.88
884,885,300233,金城医药,13.32,-2.85,-0.39,-0.08,3.84,1.47,2.63,1.90亿,3.70亿,49.27亿,25.39
885,886,300286,安科瑞,20.3,-1.89,-0.39,0.05,2.18,0.55,2.37,0.79亿,1.76亿,35.64亿,20.63
886,887,300463,迈克生物,14.21,-2.67,-0.39,-0.28,1.76,1.05,2.74,1.24亿,4.92亿,69.84亿,23.2
887,888,300684,中石科技,22.2,-1.73,-0.39,0.05,6.28,0.86,2.61,2.83亿,2.01亿,44.55亿,37.76
888,889,300792,壹网壹创,25.63,-1.5,-0.39,0.0,7.25,0.75,7.72,3.98亿,2.13亿,54.47亿,48.08
889,890,300814,中富电路,31.12,-1.24,-0.39,0.0,1.48,1.03,2.25,0.81亿,1.76亿,54.71亿,131.64
890,891,301017,漱玉平民,14.87,-2.56,-0.39,-0.2,7.05,1.57,6.68,2.60亿,2.43亿,36.19亿,--
891,892,301509,金凯生科,30.26,-1.27,-0.39,0.03,5.33,0.71,3.23,0.92亿,0.57亿,17.17亿,69.57
892,893,000058,深赛格,9.75,-3.94,-0.4,0.21,3.87,0.91,2.76,3.74亿,9.85亿,96.01亿,236.14
893,894,000878,云南铜业,12.9,-3.01,-0.4,0.08,1.93,1.1,2.33,5.01亿,20.04亿,258.46亿,12.73
894,895,001309,德明利,83.99,-0.47,-0.4,-0.01,5.77,1.24,4.03,4.23亿,0.88亿,73.61亿,22.22
895,896,002001,新和成,21.53,-1.82,-0.4,0.09,1.18,1.94,2.01,7.77亿,30.55亿,657.63亿,12.51
896,897,002167,东方锆业,8.62,-4.43,-0.4,0.0,7.79,0.9,3.44,5.16亿,7.59亿,65.40亿,--
897,898,002527,新时达,11.06,-3.49,-0.4,0.0,11.35,0.51,6.11,6.84亿,5.29亿,58.53亿,--
898,899,002664,信质集团,13.91,-2.79,-0.4,0.0,1.71,0.77,2.79,0.96亿,4.02亿,55.88亿,48.79
899,900,002782,可立克,12.72,-3.05,-0.4,-0.08,2.1,1.17,2.67,1.33亿,4.91亿,62.46亿,30.86
900,901,002938,鹏鼎控股,35.96,-1.1,-0.4,0.11,0.52,0.74,2.2,4.31亿,23.05亿,829.06亿,31.67
901,902,300349,金卡智能,14.22,-2.74,-0.4,0.0,5.09,0.99,2.6,2.71亿,3.70亿,52.68亿,14.98
902,903,300492,华图山鼎,81.0,-0.49,-0.4,0.25,1.46,1.9,4.75,1.69亿,1.40亿,113.79亿,65.94
903,904,301060,兰卫医学,10.88,-3.55,-0.4,0.28,2.85,0.87,3.01,1.12亿,3.57亿,38.80亿,--
904,905,301293,三博脑科,47.75,-0.83,-0.4,0.93,4.5,0.72,1.76,3.44亿,1.61亿,76.85亿,70.56
905,906,000045,深纺织A,12.09,-3.28,-0.41,0.0,3.32,0.79,3.36,1.86亿,4.57亿,55.25亿,58.21
906,907,000400,许继电气,26.89,-1.5,-0.41,0.0,1.31,0.85,2.12,3.57亿,10.08亿,271.14亿,22.97
907,908,000776,广发证券,16.56,-2.42,-0.41,0.3,0.92,1.06,2.18,9.05亿,59.19亿,980.24亿,13.99
908,909,002017,东信和平,11.19,-3.54,-0.41,-0.09,3.24,0.87,3.54,2.14亿,5.80亿,64.91亿,40.96
909,910,002080,中材科技,12.89,-3.08,-0.41,0.0,1.29,0.9,3.31,2.82亿,16.78亿,216.31亿,26.67
910,911,002317,众生药业,12.96,-3.07,-0.41,0.0,3.32,1.31,2.99,3.31亿,7.62亿,98.71亿,55.62
911,912,002430,杭氧股份,24.44,-1.65,-0.41,-0.08,0.91,1.1,3.18,2.19亿,9.65亿,235.78亿,26.71
912,913,002488,金固股份,11.04,-3.58,-0.41,-0.27,1.56,0.7,3.84,1.59亿,9.13亿,100.81亿,254.62
913,914,002590,万安科技,14.46,-2.76,-0.41,0.0,2.37,0.61,2.69,1.58亿,4.56亿,65.87亿,38.15
914,915,300409,道氏技术,15.03,-2.65,-0.41,0.07,6.73,0.71,1.88,5.88亿,5.79亿,87.07亿,51.66
915,916,300432,富临精工,15.58,-2.56,-0.41,-0.13,2.6,0.6,2.75,4.93亿,12.05亿,187.78亿,45.94
916,917,000960,锡业股份,14.77,-2.77,-0.42,0.0,1.62,0.88,1.84,3.97亿,16.46亿,243.09亿,14.21
917,918,002244,滨江集团,8.86,-4.53,-0.42,0.0,2.03,1.52,4.53,4.85亿,26.82亿,237.66亿,12.66
918,919,002456,欧菲光,13.38,-3.04,-0.42,0.0,5.7,0.72,2.46,25.04亿,32.53亿,435.20亿,705.26
919,920,002601,龙佰集团,17.91,-2.29,-0.42,0.06,1.08,1.25,2.29,3.87亿,19.89亿,356.17亿,12.5
920,921,002683,广东宏大,28.25,-1.47,-0.42,-0.04,1.12,0.81,3.63,2.09亿,6.60亿,186.56亿,24.78
921,922,002761,浙江建投,10.17,-3.97,-0.42,-0.2,3.74,0.62,3.87,4.18亿,10.81亿,109.97亿,59.20
922,923,300010,豆神教育,9.41,-4.27,-0.42,0.0,11.82,0.52,4.68,12.74亿,11.28亿,106.10亿,131.55
923,924,300887,谱尼测试,9.08,-4.42,-0.42,-0.22,4.93,0.85,4.32,1.65亿,3.62亿,32.88亿,--
924,925,002426,胜利精密,3.88,-9.98,-0.43,0.0,27.16,1.33,7.19,36.54亿,34.03亿,132.02亿,--
925,926,002459,晶澳科技,15.45,-2.71,-0.43,0.07,1.23,0.76,2.27,6.36亿,33.06亿,510.77亿,--
926,927,002530,金财互联,12.7,-3.27,-0.43,0.0,47.94,2.43,17.14,42.54亿,6.95亿,88.28亿,2319.68
927,928,002855,捷荣技术,23.15,-1.82,-0.43,0.0,1.98,0.59,2.29,1.14亿,2.46亿,57.00亿,--
928,929,002882,金龙羽,17.29,-2.43,-0.43,-0.06,2.98,0.61,2.09,1.28亿,2.47亿,42.67亿,44.38
929,930,002985,北摩高科,24.86,-1.7,-0.43,0.28,2.18,1.25,1.94,1.13亿,2.07亿,51.53亿,74.32
930,931,300054,鼎龙股份,26.93,-1.57,-0.43,0.22,2.05,0.91,2.19,4.02亿,7.28亿,196.10亿,50.36
931,932,300337,银邦股份,13.01,-3.2,-0.43,0.0,5.12,0.89,2.75,4.78亿,7.11亿,92.55亿,73.25
932,933,300623,捷捷微电,36.37,-1.17,-0.43,-0.03,4.14,0.87,3.8,10.78亿,7.12亿,258.95亿,67.08
933,934,300850,新强联,22.18,-1.9,-0.43,0.05,2.73,0.8,2.83,1.49亿,2.45亿,54.44亿,--
934,935,000795,英洛华,11.18,-3.79,-0.44,0.0,6.77,0.77,4.99,8.81亿,11.34亿,126.75亿,46.04
935,936,000887,中鼎股份,13.6,-3.13,-0.44,0.0,3.72,0.84,4.27,6.72亿,13.14亿,178.75亿,12.77
936,937,001872,招商港口,19.91,-2.16,-0.44,-0.35,0.52,1.5,2.26,1.80亿,17.44亿,347.29亿,10.00
937,938,002190,成飞集成,17.47,-2.46,-0.44,-0.11,1.33,1.09,2.4,0.84亿,3.59亿,62.67亿,--
938,939,002324,普利特,11.2,-3.78,-0.44,-0.36,3.13,0.5,4.38,2.76亿,7.75亿,86.85亿,44.74
939,940,002643,万润股份,12.26,-3.46,-0.44,0.0,4.81,0.5,5.12,5.45亿,9.09亿,111.48亿,28.90
940,941,002737,葵花药业,20.9,-2.06,-0.44,-0.24,1.8,0.9,2.25,2.23亿,5.84亿,122.06亿,15.60
941,942,002941,新疆交建,12.66,-3.36,-0.44,0.0,3.19,0.6,3.36,2.62亿,6.40亿,81.08亿,33.80
942,943,300035,中科电气,14.82,-2.88,-0.44,0.0,2.71,0.86,3.01,2.36亿,5.83亿,86.45亿,41.50
943,944,300206,理邦仪器,12.61,-3.37,-0.44,-0.24,5.74,0.56,2.99,2.50亿,3.40亿,42.93亿,32.01
944,945,300480,光力科技,14.57,-2.93,-0.44,0.14,2.48,1.15,3.06,0.90亿,2.48亿,36.09亿,--
945,946,300601,康泰生物,18.7,-2.3,-0.44,0.27,2.17,1.2,2.35,3.57亿,8.81亿,164.82亿,44.62
946,947,300973,立高食品,46.5,-0.94,-0.44,-0.09,9.97,1.16,9.2,5.29亿,1.17亿,54.19亿,29.08
947,948,301109,军信股份,17.54,-2.45,-0.44,0.06,3.6,0.56,2.78,0.63亿,0.99亿,17.30亿,13.25
948,949,000096,广聚能源,12.52,-3.47,-0.45,0.08,1.45,0.92,3.08,0.94亿,5.11亿,63.96亿,74.09
949,950,000625,长安汽车,14.17,-3.08,-0.45,0.0,2.4,1.13,2.53,28.18亿,82.12亿,1163.70亿,29.44
950,951,002472,双环传动,29.36,-1.51,-0.45,-0.48,2.38,0.8,4.19,5.33亿,7.52亿,220.85亿,25.28
951,952,002507,涪陵榨菜,15.22,-2.87,-0.45,0.0,2.17,1.24,2.68,3.82亿,11.49亿,174.87亿,19.64
952,953,002902,铭普光磁,23.79,-1.86,-0.45,0.04,8.25,1.19,3.05,3.52亿,1.78亿,42.24亿,--
953,954,002960,青鸟消防,11.74,-3.69,-0.45,0.0,1.7,0.89,3.53,1.25亿,6.20亿,72.78亿,19.54
954,955,300348,长亮科技,16.2,-2.7,-0.45,-0.06,7.21,0.94,3.84,7.50亿,6.35亿,102.83亿,2477.99
955,956,300415,伊之密,21.61,-2.04,-0.45,-0.14,1.55,0.8,2.22,1.52亿,4.50亿,97.31亿,15.81
956,957,300858,科拓生物,17.06,-2.57,-0.45,0.0,2.56,0.77,2.57,0.85亿,1.94亿,33.06亿,47.36
957,958,000651,格力电器,43.0,-1.06,-0.46,0.12,0.79,1.01,1.5,18.73亿,55.15亿,2371.64亿,8.23
958,959,000818,航锦科技,19.0,-2.36,-0.46,-0.16,1.68,0.83,1.34,2.18亿,6.77亿,128.70亿,237.52
959,960,000895,双汇发展,25.53,-1.77,-0.46,-0.04,0.56,1.17,2.0,4.98亿,34.64亿,884.39亿,17.44
960,961,002126,银轮股份,17.4,-2.58,-0.46,-0.06,1.68,1.09,2.58,2.30亿,7.82亿,136.03亿,17.97
961,962,002262,恩华药业,25.4,-1.78,-0.46,-0.35,0.91,1.38,2.51,2.05亿,8.82亿,223.97亿,18.98
962,963,002635,安洁科技,16.21,-2.76,-0.46,0.0,3.31,0.77,3.06,2.15亿,3.95亿,64.09亿,36.21
963,964,002755,奥赛康,13.56,-3.28,-0.46,0.07,1.01,2.46,4.14,1.28亿,9.28亿,125.86亿,74.32
964,965,300166,东方国信,11.43,-3.87,-0.46,0.09,12.57,0.92,7.07,13.43亿,9.06亿,103.51亿,464.33
965,966,300183,东软载波,17.37,-2.58,-0.46,0.35,3.02,0.88,2.92,1.89亿,3.59亿,62.36亿,71.73
966,967,300207,欣旺达,23.17,-1.95,-0.46,0.0,1.7,0.9,2.33,6.76亿,17.12亿,396.60亿,26.46
967,968,300869,康泰医学,15.95,-2.8,-0.46,-0.13,1.91,1.13,2.44,0.77亿,2.52亿,40.13亿,485.37
968,969,301123,奕东电子,20.57,-2.19,-0.46,0.05,4.86,0.67,3.09,0.77亿,0.76亿,15.72亿,211.58
969,970,301238,瑞泰新材,16.91,-2.65,-0.46,-0.18,3.55,0.94,1.96,1.29亿,2.13亿,36.07亿,62.21
970,971,301516,中远通,18.74,-2.4,-0.46,0.05,7.02,1.04,2.76,0.93亿,0.70亿,13.15亿,--
971,972,000519,中兵红箭,15.48,-2.95,-0.47,0.0,2.6,0.62,2.38,5.66亿,13.93亿,215.57亿,--
972,973,001337,四川黄金,22.43,-2.05,-0.47,0.05,1.75,0.76,1.44,1.14亿,2.88亿,64.70亿,35.86
973,974,002035,华帝股份,7.97,-5.57,-0.47,0.0,4.15,1.84,5.33,2.61亿,7.81亿,62.21亿,12.55
974,975,002332,仙琚制药,11.3,-3.99,-0.47,-0.09,3.13,1.52,4.08,3.52亿,9.85亿,111.26亿,15.81
975,976,002399,海普瑞,11.19,-4.03,-0.47,-0.27,1.27,2.69,4.12,1.79亿,12.47亿,139.56亿,15.79
976,977,002439,启明星辰,16.92,-2.7,-0.47,-0.06,2.8,1.13,2.82,3.47亿,7.24亿,122.53亿,--
977,978,002626,金达威,16.4,-2.79,-0.47,0.12,1.38,1.18,2.79,1.39亿,6.10亿,100.02亿,33.99
978,979,002829,星网宇达,23.91,-1.93,-0.47,-0.08,14.83,0.91,3.98,5.12亿,1.43亿,34.23亿,--
979,980,002957,科瑞技术,16.89,-2.71,-0.47,0.0,2.53,0.77,3.69,1.78亿,4.10亿,69.25亿,31.57
980,981,300118,东方日升,13.55,-3.35,-0.47,0.07,4.04,0.94,2.64,5.12亿,9.27亿,125.58亿,--
981,982,300532,今天国际,12.77,-3.55,-0.47,-0.08,5.54,0.8,3.4,3.10亿,4.31亿,55.03亿,16.01
982,983,300740,水羊股份,13.74,-3.31,-0.47,0.0,3.34,0.83,3.94,1.65亿,3.57亿,49.10亿,42.41
983,984,002074,国轩高科,22.21,-2.12,-0.48,0.0,1.54,0.97,2.07,4.60亿,13.40亿,297.58亿,72.79
984,985,002152,广电运通,12.62,-3.66,-0.48,-0.08,2.47,0.9,3.82,7.83亿,24.82亿,313.25亿,34.93
985,986,002648,卫星化学,17.58,-2.66,-0.48,0.0,0.64,1.32,2.66,3.83亿,33.66亿,591.81亿,12.03
986,987,002930,宏川智慧,12.23,-3.78,-0.48,-0.08,1.65,1.16,3.93,0.88亿,4.33亿,52.95亿,24.50
987,988,002959,小熊电器,47.5,-1.0,-0.48,0.36,2.6,1.27,3.17,1.90亿,1.54亿,73.33亿,31.05
988,989,300355,蒙草生态,6.5,-6.88,-0.48,-0.15,13.0,0.9,5.87,11.85亿,13.66亿,88.79亿,156.44
989,990,000426,兴业银锡,13.08,-3.61,-0.49,0.46,2.67,1.84,2.87,6.23亿,17.75亿,232.20亿,13.40
990,991,000688,国城矿业,15.51,-3.06,-0.49,0.0,0.96,0.89,4.75,1.67亿,11.18亿,173.35亿,249.94
991,992,000738,航发控制,21.9,-2.19,-0.49,-0.09,0.87,1.34,2.46,2.52亿,13.15亿,288.02亿,34.35
992,993,002326,永太科技,10.1,-4.63,-0.49,-0.2,3.85,1.86,4.44,3.17亿,8.04亿,81.20亿,--
993,994,002913,奥士康,24.68,-1.95,-0.49,-0.08,1.14,0.76,2.15,0.73亿,2.56亿,63.11亿,21.07
994,995,300504,天邑股份,18.25,-2.62,-0.49,-0.16,4.32,0.84,4.64,1.75亿,2.18亿,39.79亿,96.42
995,996,300847,中船汉光,18.0,-2.65,-0.49,0.06,2.02,0.71,2.54,1.08亿,2.96亿,53.28亿,42.02
996,997,000503,国新健康,12.72,-3.78,-0.5,-0.47,2.9,0.9,3.78,3.56亿,9.55亿,121.49亿,--
997,998,000736,中交地产,10.08,-4.73,-0.5,0.0,3.91,0.96,4.25,2.77亿,6.95亿,70.10亿,--
998,999,000810,创维数字,13.48,-3.58,-0.5,0.0,3.98,0.77,4.15,6.08亿,11.18亿,150.65亿,49.17
999,1000,000923,河钢资源,14.85,-3.26,-0.5,-0.07,2.67,1.59,2.93,2.51亿,6.28亿,93.24亿,12.59
1000,1001,001287,中电港,22.67,-2.16,-0.5,0.0,6.0,0.43,3.15,6.04亿,4.37亿,99.16亿,86.81
1001,1002,002372,伟星新材,12.82,-3.75,-0.5,-0.16,1.14,1.46,3.53,2.16亿,14.71亿,188.56亿,24.54
1002,1003,002773,康弘药业,19.99,-2.44,-0.5,0.3,1.35,1.22,2.54,1.87亿,6.85亿,137.00亿,14.16
1003,1004,002843,泰嘉股份,20.6,-2.37,-0.5,-0.24,4.81,0.59,4.31,2.49亿,2.51亿,51.76亿,59.47
1004,1005,003022,联泓新科,15.27,-3.17,-0.5,-0.2,0.79,1.77,3.04,1.62亿,13.36亿,203.94亿,85.77
1005,1006,300210,森远股份,12.29,-3.91,-0.5,-0.08,4.38,1.11,5.47,2.63亿,4.84亿,59.43亿,--
1006,1007,300284,苏交科,11.47,-4.18,-0.5,-0.26,4.41,0.98,4.01,6.11亿,11.94亿,137.00亿,70.93
1007,1008,300360,炬华科技,16.79,-2.89,-0.5,-0.06,3.16,1.35,3.64,2.70亿,5.00亿,83.98亿,11.95
1008,1009,300396,迪瑞医疗,16.74,-2.9,-0.5,0.06,2.22,0.68,2.84,1.02亿,2.72亿,45.61亿,17.78
1009,1010,300481,濮阳惠成,16.27,-2.98,-0.5,0.0,2.06,0.85,2.8,0.99亿,2.94亿,47.83亿,24.06
1010,1011,300551,古鳌科技,13.75,-3.51,-0.5,0.0,7.3,0.67,3.37,3.05亿,3.01亿,41.38亿,--
1011,1012,300628,亿联网络,37.89,-1.3,-0.5,0.16,1.12,1.07,1.56,3.08亿,7.23亿,273.97亿,17.39
1012,1013,300653,正海生物,22.86,-2.14,-0.5,0.0,1.29,0.73,2.44,0.53亿,1.80亿,41.15亿,24.68
1013,1014,300832,新产业,70.4,-0.7,-0.5,-0.72,1.72,2.88,3.84,8.34亿,6.80亿,478.87亿,29.98
1014,1015,301500,飞南资源,19.58,-2.49,-0.5,0.21,2.77,1.02,2.54,0.53亿,0.97亿,18.93亿,32.64
1015,1016,000029,深深房A,16.19,-3.05,-0.51,0.19,0.57,0.89,3.41,0.82亿,8.92亿,144.36亿,2447.69
1016,1017,000913,钱江摩托,16.75,-2.96,-0.51,0.0,1.42,1.0,3.01,1.10亿,4.61亿,77.23亿,14.17
1017,1018,002142,宁波银行,24.33,-2.05,-0.51,0.0,0.5,1.03,1.65,8.04亿,65.24亿,1587.19亿,5.82
1018,1019,002194,武汉凡谷,12.93,-3.79,-0.51,0.0,8.33,0.75,3.5,5.57亿,5.09亿,65.84亿,142.29
1019,1020,002961,瑞达期货,15.49,-3.19,-0.51,-0.19,1.26,1.2,3.31,0.88亿,4.45亿,68.94亿,19.05
1020,1021,300068,南都电源,18.72,-2.65,-0.51,-0.11,5.79,0.74,2.39,9.03亿,8.30亿,155.36亿,49.63
1021,1022,300529,健帆生物,30.17,-1.66,-0.51,0.0,1.4,1.28,2.58,2.16亿,5.12亿,154.62亿,22.83
1022,1023,301087,可孚医疗,38.88,-1.29,-0.51,-0.08,2.47,1.21,3.48,0.88亿,0.91亿,35.22亿,24.2
1023,1024,301383,天键股份,46.59,-1.08,-0.51,0.0,26.0,1.73,9.21,8.71亿,0.70亿,32.73亿,33.93
1024,1025,301498,乖宝宠物,69.74,-0.73,-0.51,-0.47,1.97,1.59,3.69,2.49亿,1.79亿,124.85亿,44.48
1025,1026,002881,美格智能,28.51,-1.79,-0.52,-0.04,4.26,0.53,4.03,2.23亿,1.81亿,51.62亿,61.28
1026,1027,003000,劲仔食品,13.81,-3.63,-0.52,0.0,5.55,0.97,3.21,2.35亿,3.04亿,42.00亿,21.75
1027,1028,301246,宏源药业,15.3,-3.29,-0.52,0.0,4.51,0.85,3.73,1.13亿,1.61亿,24.62亿,127.0
1028,1029,301305,朗坤环境,18.71,-2.7,-0.52,-0.11,1.77,1.06,2.81,0.42亿,1.26亿,23.60亿,17.68
1029,1030,000423,东阿阿胶,59.95,-0.88,-0.53,-0.37,1.07,1.33,2.88,4.12亿,6.44亿,386.06亿,25.14
1030,1031,002182,宝武镁业,12.61,-4.03,-0.53,-0.08,6.78,0.59,4.72,6.74亿,7.79亿,98.20亿,61.00
1031,1032,300174,元力股份,16.62,-3.09,-0.53,0.0,1.86,0.81,2.74,1.14亿,3.65亿,60.59亿,21.51
1032,1033,300593,新雷能,12.75,-3.99,-0.53,1.03,5.16,1.61,5.5,2.97亿,4.50亿,57.41亿,--
1033,1034,300685,艾德生物,24.68,-2.1,-0.53,-0.04,1.01,1.14,2.38,0.99亿,3.95亿,97.46亿,32.46
1034,1035,300910,瑞丰新材,46.06,-1.14,-0.53,-0.13,0.88,0.77,2.36,0.83亿,2.05亿,94.22亿,20.16
1035,1036,300981,中红医疗,14.55,-3.52,-0.53,0.21,2.04,0.91,3.71,1.07亿,3.57亿,52.01亿,83.40
1036,1037,002268,电科网安,18.01,-2.91,-0.54,-0.06,1.85,0.97,2.53,2.84亿,8.43亿,151.88亿,--
1037,1038,300119,瑞普生物,20.05,-2.62,-0.54,-0.05,1.32,0.82,2.96,0.89亿,3.35亿,67.16亿,28.62
1038,1039,300134,大富科技,14.41,-3.61,-0.54,-0.14,3.27,0.75,3.68,3.41亿,7.12亿,102.66亿,--
1039,1040,300446,航天智造,18.36,-2.86,-0.54,0.27,6.83,0.89,4.34,3.96亿,3.12亿,57.20亿,21.72
1040,1041,300476,胜宏科技,43.69,-1.22,-0.54,0.35,4.09,1.32,4.12,15.45亿,8.55亿,373.64亿,36.97
1041,1042,300815,玉禾田,16.24,-3.22,-0.54,0.0,1.98,0.74,3.28,1.26亿,3.90亿,63.27亿,9.79
1042,1043,002149,西部材料,15.49,-3.43,-0.55,0.0,1.74,1.33,3.93,1.32亿,4.88亿,75.61亿,41.15
1043,1044,002261,拓维信息,19.99,-2.68,-0.55,0.0,5.8,0.82,2.43,13.19亿,11.28亿,225.43亿,1710.28
1044,1045,002747,埃斯顿,19.62,-2.73,-0.55,-0.1,5.64,0.55,3.32,8.82亿,7.87亿,154.40亿,--
1045,1046,002901,大博医疗,31.84,-1.7,-0.55,-0.13,0.4,1.09,2.25,0.37亿,2.89亿,91.86亿,41.22
1046,1047,002984,森麒麟,24.88,-2.16,-0.55,-0.04,1.62,1.01,2.91,2.83亿,6.99亿,173.97亿,11.13
1047,1048,300406,九强生物,14.75,-3.6,-0.55,0.34,2.26,1.27,3.66,1.42亿,4.24亿,62.60亿,17.43
1048,1049,300627,华测导航,41.46,-1.31,-0.55,-0.43,4.57,1.8,3.36,8.67亿,4.53亿,187.75亿,43.73
1049,1050,301286,侨源股份,34.8,-1.56,-0.55,-0.09,3.55,0.54,3.37,0.50亿,0.40亿,13.82亿,81.15
1050,1051,301358,湖南裕能,47.33,-1.15,-0.55,-0.55,1.52,0.6,2.69,2.76亿,3.83亿,181.48亿,54.79
1051,1052,002597,金禾实业,23.5,-2.33,-0.56,0.04,0.81,0.92,2.33,1.08亿,5.67亿,133.29亿,24.55
1052,1053,300222,科大智能,12.26,-4.37,-0.56,-0.16,8.8,0.6,3.59,6.97亿,6.36亿,77.94亿,237.12
1053,1054,300633,开立医疗,33.78,-1.63,-0.56,0.72,1.17,0.91,2.97,1.71亿,4.33亿,146.17亿,100.59
1054,1055,002271,东方雨虹,13.74,-3.98,-0.57,0.0,3.25,1.32,3.49,8.71亿,19.32亿,265.49亿,19.66
1055,1056,002423,中粮资本,14.73,-3.73,-0.57,0.0,2.42,0.95,2.94,8.34亿,23.04亿,339.39亿,19.93
1056,1057,300353,东土科技,12.93,-4.22,-0.57,-0.08,5.35,1.1,3.93,3.66亿,5.22亿,67.52亿,--
1057,1058,300378,鼎捷数智,29.88,-1.87,-0.57,-0.03,9.49,0.74,4.76,7.85亿,2.70亿,80.56亿,121.91
1058,1059,300435,中泰股份,12.94,-4.22,-0.57,0.0,2.45,1.13,4.07,1.18亿,3.69亿,47.73亿,19.76
1059,1060,301456,盘古智能,25.94,-2.15,-0.57,0.04,3.04,0.67,2.75,0.45亿,0.57亿,14.66亿,51.98
1060,1061,002897,意华股份,41.3,-1.39,-0.58,0.02,3.59,0.86,2.63,2.69亿,1.80亿,74.26亿,25.94
1061,1062,300285,国瓷材料,18.14,-3.1,-0.58,-0.06,2.02,1.0,2.99,2.97亿,8.04亿,145.84亿,28.13
1062,1063,300581,晨曦航空,12.55,-4.42,-0.58,-0.08,4.18,0.84,3.43,2.93亿,5.50亿,69.04亿,--
1063,1064,000032,深桑达A,18.16,-3.15,-0.59,-0.11,3.11,1.16,4.27,3.71亿,6.45亿,117.09亿,--
1064,1065,300034,钢研高纳,16.39,-3.48,-0.59,0.06,1.93,1.36,3.0,2.45亿,7.66亿,125.61亿,40.56
1065,1066,300191,潜能恒信,13.92,-4.07,-0.59,0.14,2.27,1.23,4.2,0.71亿,2.21亿,30.79亿,--
1066,1067,300199,翰宇药业,12.82,-4.4,-0.59,0.0,4.85,0.74,3.58,4.46亿,7.06亿,90.55亿,--
1067,1068,300278,华昌达,7.54,-7.26,-0.59,0.0,11.5,0.88,6.4,12.41亿,13.90亿,104.81亿,103.62
1068,1069,300729,乐歌股份,17.07,-3.34,-0.59,0.12,3.42,1.23,3.11,1.75亿,2.96亿,50.49亿,16.46
1069,1070,301301,川宁生物,12.91,-4.37,-0.59,0.47,9.11,2.01,4.96,7.37亿,6.16亿,79.51亿,20.04
1070,1071,000513,丽珠集团,38.05,-1.55,-0.6,0.05,1.77,1.28,1.71,4.06亿,6.01亿,228.61亿,15.83
1071,1072,000623,吉林敖东,18.18,-3.19,-0.6,-0.11,1.29,1.05,2.88,2.83亿,11.91亿,216.54亿,13.11
1072,1073,000869,张裕A,23.83,-2.46,-0.6,0.0,0.55,1.14,2.62,0.60亿,4.55亿,108.45亿,53.61
1073,1074,002095,生意宝,23.28,-2.51,-0.6,0.0,10.62,0.99,4.15,6.28亿,2.52亿,58.60亿,--
1074,1075,002623,亚玛顿,17.76,-3.27,-0.6,0.06,2.19,0.56,3.05,0.78亿,1.99亿,35.28亿,--
1075,1076,000422,湖北宜化,13.75,-4.25,-0.61,-0.15,7.55,1.7,4.32,10.53亿,10.07亿,138.50亿,14.72
1076,1077,001328,登康口腔,31.33,-1.91,-0.61,0.1,3.99,1.32,2.66,0.54亿,0.43亿,13.49亿,34.30
1077,1078,002422,科伦药业,31.7,-1.89,-0.61,-0.03,7.49,4.01,3.59,31.39亿,13.09亿,414.87亿,15.41
1078,1079,003038,鑫铂股份,19.02,-3.11,-0.61,-0.05,4.22,1.14,5.91,1.40亿,1.69亿,32.18亿,25.55
1079,1080,300384,三联虹普,17.72,-3.33,-0.61,0.06,4.61,0.81,3.98,1.82亿,2.20亿,38.93亿,16.26
1080,1081,002401,中远海科,16.88,-3.54,-0.62,0.0,3.17,1.12,3.03,2.00亿,3.70亿,62.49亿,33.15
1081,1082,002465,海格通信,12.21,-4.83,-0.62,0.0,3.35,1.42,4.52,10.09亿,24.32亿,296.91亿,122.9
1082,1083,002937,兴瑞科技,17.96,-3.34,-0.62,-0.11,2.4,0.96,2.91,1.29亿,2.97亿,53.30亿,20.84
1083,1084,300351,永贵电器,18.09,-3.31,-0.62,0.0,5.14,0.78,2.94,2.46亿,2.62亿,47.37亿,52.29
1084,1085,300825,阿尔特,12.61,-4.69,-0.62,-0.16,6.49,0.69,4.01,4.05亿,4.87亿,61.40亿,3793.11
1085,1086,301327,华宝新能,83.1,-0.74,-0.62,-0.01,1.91,1.1,3.13,0.56亿,0.35亿,28.78亿,48.79
1086,1087,002583,海能达,16.25,-3.73,-0.63,-0.12,9.06,0.79,3.5,19.17亿,12.83亿,208.42亿,88.13
1087,1088,002777,久远银海,19.86,-3.08,-0.63,-0.1,2.92,0.94,3.12,2.37亿,4.05亿,80.34亿,323.2
1088,1089,002785,万里石,33.12,-1.87,-0.63,0.0,2.16,0.61,2.81,1.21亿,1.68亿,55.59亿,2311.03
1089,1090,300455,航天智装,14.66,-4.12,-0.63,0.14,2.14,0.94,4.32,2.26亿,7.09亿,103.88亿,286.07
1090,1091,300718,长盛轴承,20.17,-3.03,-0.63,0.1,7.16,0.67,5.19,2.86亿,1.94亿,39.10亿,26.72
1091,1092,000948,南天信息,18.83,-3.29,-0.64,-0.05,4.53,1.05,3.44,3.33亿,3.86亿,72.67亿,99.43
1092,1093,002156,通富微电,29.15,-2.15,-0.64,0.0,4.75,0.96,3.19,21.11亿,15.17亿,442.33亿,60.05
1093,1094,002335,科华数据,24.38,-2.56,-0.64,0.0,3.63,0.83,3.32,3.59亿,4.01亿,97.72亿,35.45
1094,1095,002352,顺丰控股,41.54,-1.52,-0.64,-0.02,0.58,1.18,1.83,11.49亿,47.89亿,1989.24亿,20.39
1095,1096,300171,东富龙,14.44,-4.24,-0.64,-0.14,3.0,0.8,3.71,2.47亿,5.63亿,81.24亿,54.29
1096,1097,300487,蓝晓科技,52.15,-1.21,-0.64,-0.1,1.36,0.76,2.25,2.17亿,3.06亿,159.74亿,33.27
1097,1098,300693,盛弘股份,24.06,-2.59,-0.64,-0.08,2.57,0.98,2.1,1.58亿,2.53亿,60.98亿,20.75
1098,1099,301565,中仑新材,24.79,-2.52,-0.64,-0.04,12.25,0.8,3.66,1.75亿,0.56亿,13.97亿,64.54
1099,1100,000860,顺鑫农业,20.33,-3.1,-0.65,0.0,4.29,1.03,1.86,6.51亿,7.42亿,150.80亿,29.6
1100,1101,000962,东方钽业,14.15,-4.39,-0.65,0.14,4.46,1.03,3.78,3.17亿,4.96亿,70.13亿,34.33
1101,1102,002232,启明信息,22.5,-2.81,-0.65,-0.13,5.36,0.5,2.89,5.00亿,4.09亿,91.92亿,--
1102,1103,300397,天和防务,12.87,-4.81,-0.65,0.0,5.62,0.89,3.92,2.98亿,4.06亿,52.19亿,--
1103,1104,300428,立中集团,17.34,-3.61,-0.65,-0.12,1.39,1.42,3.28,1.31亿,5.36亿,92.95亿,16.70
1104,1105,300747,锐科激光,20.69,-3.05,-0.65,0.0,2.3,0.99,4.17,2.47亿,5.09亿,105.37亿,73.03
1105,1106,300872,天阳科技,16.85,-3.71,-0.65,0.0,6.09,1.05,3.2,4.13亿,3.96亿,66.71亿,68.47
1106,1107,002832,比音勒芬,21.62,-2.96,-0.66,0.05,4.98,0.94,4.8,4.23亿,3.89亿,84.19亿,12.14
1107,1108,300294,博雅生物,30.88,-2.09,-0.66,-0.07,1.14,1.06,2.09,1.78亿,5.04亿,155.71亿,28.30
1108,1109,300188,国投智能,16.11,-3.99,-0.67,-0.06,2.84,0.57,3.93,3.64亿,7.82亿,125.97亿,--
1109,1110,300357,我武生物,22.13,-2.94,-0.67,0.0,3.65,2.34,2.98,3.92亿,4.84亿,107.12亿,31.92
1110,1111,300457,赢合科技,21.44,-3.03,-0.67,0.0,1.9,0.93,3.48,2.60亿,6.34亿,135.88亿,21.05
1111,1112,300775,三角防务,24.98,-2.61,-0.67,0.0,2.61,1.08,2.1,3.49亿,5.32亿,133.00亿,46.25
1112,1113,002287,奇正藏药,22.31,-2.96,-0.68,0.18,0.51,1.78,2.96,0.61亿,5.29亿,118.01亿,22.55
1113,1114,002935,天奥电子,17.44,-3.75,-0.68,0.69,3.8,1.04,4.53,2.77亿,4.15亿,72.39亿,350.07
1114,1115,300450,先导智能,21.74,-3.03,-0.68,0.05,2.76,1.04,2.59,9.44亿,15.59亿,339.00亿,41.97
1115,1116,300687,赛意信息,20.54,-3.21,-0.68,0.0,5.36,0.64,5.14,3.65亿,3.25亿,66.83亿,66.75
1116,1117,301311,昆船智能,20.43,-3.22,-0.68,0.0,5.05,0.86,2.89,0.91亿,0.87亿,17.82亿,--
1117,1118,000768,中航西飞,26.71,-2.52,-0.69,-0.08,0.67,0.95,1.9,4.96亿,27.69亿,739.50亿,59.05
1118,1119,002508,老板电器,22.95,-2.92,-0.69,-0.13,0.99,1.13,3.0,2.13亿,9.32亿,213.86亿,13.52
1119,1120,003040,楚天龙,15.5,-4.26,-0.69,0.0,5.64,0.69,4.94,4.06亿,4.57亿,70.81亿,--
1120,1121,300398,飞凯材料,17.07,-3.88,-0.69,0.12,4.48,1.13,3.15,4.06亿,5.25亿,89.69亿,32.89
1121,1122,300926,博俊科技,21.48,-3.11,-0.69,0.42,3.09,1.44,3.16,1.79亿,2.68亿,57.66亿,17.73
1122,1123,301051,信濠光电,29.91,-2.25,-0.69,0.0,1.49,0.73,2.35,0.60亿,1.34亿,40.06亿,--
1123,1124,000733,振华科技,45.49,-1.52,-0.7,0.0,4.15,2.51,2.73,10.56亿,5.54亿,251.91亿,29.33
1124,1125,000935,四川双马,15.9,-4.22,-0.7,-0.19,1.01,1.43,3.62,1.25亿,7.63亿,121.39亿,37.23
1125,1126,000938,紫光股份,24.56,-2.77,-0.7,0.0,1.75,0.92,1.98,12.40亿,28.60亿,702.44亿,33.31
1126,1127,000066,中国长城,16.08,-4.23,-0.71,0.0,5.8,1.0,3.28,29.74亿,31.47亿,506.00亿,--
1127,1128,000792,盐湖股份,16.76,-4.06,-0.71,0.0,2.14,3.09,3.83,19.64亿,54.33亿,910.53亿,21.74
1128,1129,002241,歌尔股份,26.69,-2.59,-0.71,0.3,3.69,0.81,4.6,30.62亿,30.69亿,819.06亿,29.67
1129,1130,002481,双塔食品,6.41,-9.97,-0.71,0.0,14.75,1.39,6.88,10.98亿,11.18亿,71.67亿,94.23
1130,1131,002970,锐明技术,46.22,-1.51,-0.71,-0.07,2.32,0.67,2.71,1.25亿,1.15亿,53.35亿,27.78
1131,1132,300115,长盈精密,17.67,-3.86,-0.71,0.0,4.88,0.52,3.54,10.48亿,12.01亿,212.16亿,30.16
1132,1133,300363,博腾股份,17.76,-3.84,-0.71,-0.06,3.94,0.75,4.06,3.54亿,5.01亿,88.89亿,--
1133,1134,300379,东方通,18.74,-3.65,-0.71,0.0,8.24,0.99,4.58,8.31亿,5.27亿,98.69亿,--
1134,1135,300595,欧普康视,19.05,-3.59,-0.71,0.05,1.89,1.11,3.49,2.42亿,6.68亿,127.35亿,24.52
1135,1136,002155,湖南黄金,18.16,-3.81,-0.72,0.06,5.29,0.73,2.97,11.63亿,12.02亿,218.27亿,24.55
1136,1137,300682,朗新集团,13.52,-5.06,-0.72,-0.22,4.18,2.08,4.35,6.01亿,10.51亿,142.14亿,68.73
1137,1138,000063,中兴通讯,30.55,-2.33,-0.73,0.03,1.81,1.06,1.79,22.47亿,40.27亿,1230.36亿,13.86
1138,1139,000963,华东医药,36.76,-1.95,-0.73,0.14,0.69,0.91,2.0,4.44亿,17.51亿,643.70亿,18.88
1139,1140,002833,弘亚数控,17.85,-3.93,-0.73,-0.28,4.12,1.59,3.61,1.84亿,2.47亿,44.14亿,12.47
1140,1141,300019,硅宝科技,15.95,-4.38,-0.73,0.0,4.82,1.05,3.42,2.70亿,3.46亿,55.13亿,29.70
1141,1142,300114,中航电测,71.77,-1.01,-0.73,0.0,3.14,1.24,3.56,13.28亿,5.91亿,423.99亿,308.05
1142,1143,300443,金雷股份,24.19,-2.93,-0.73,-0.17,1.6,0.72,3.21,0.95亿,2.43亿,58.73亿,38.95
1143,1144,300502,新易盛,129.24,-0.56,-0.73,-0.49,9.76,1.9,5.27,80.26亿,6.30亿,814.46亿,41.74
1144,1145,300696,爱乐达,16.43,-4.25,-0.73,-0.06,4.1,1.29,4.2,1.27亿,1.86亿,30.63亿,--
1145,1146,300761,立华股份,21.2,-3.33,-0.73,-0.89,3.68,2.26,3.65,4.74亿,6.05亿,128.24亿,11.34
1146,1147,300763,锦浪科技,69.0,-1.05,-0.73,-0.03,2.61,0.85,3.41,5.86亿,3.22亿,221.86亿,30.91
1147,1148,300953,震裕科技,78.27,-0.92,-0.73,-0.76,5.46,0.78,4.15,2.99亿,0.70亿,54.88亿,35.72
1148,1149,000049,德赛电池,24.23,-2.96,-0.74,-0.08,2.27,1.33,2.36,2.13亿,3.84亿,93.16亿,31.61
1149,1150,000915,华特达因,26.39,-2.73,-0.74,-0.04,2.74,1.06,3.17,1.71亿,2.34亿,61.81亿,12.69
1150,1151,002216,三全食品,12.89,-5.43,-0.74,-0.08,4.51,1.06,3.81,3.72亿,6.30亿,81.24亿,21.56
1151,1152,300109,新开源,16.7,-4.24,-0.74,0.0,5.48,0.55,4.42,4.16亿,4.48亿,74.87亿,19.50
1152,1153,300346,南大光电,42.02,-1.73,-0.74,-0.99,8.64,1.98,3.41,20.18亿,5.47亿,229.90亿,68.34
1153,1154,300482,万孚生物,24.07,-2.98,-0.74,-0.04,2.4,1.15,2.86,1.93亿,3.32亿,79.98亿,19.94
1154,1155,300802,矩子科技,19.84,-3.6,-0.74,0.0,3.77,0.63,5.83,1.48亿,1.95亿,38.60亿,69.83
1155,1156,301071,力量钻石,30.96,-2.33,-0.74,-0.03,2.03,0.39,3.41,1.65亿,2.60亿,80.35亿,34.17
1156,1157,002151,北斗星通,28.97,-2.52,-0.75,-0.1,2.52,0.94,2.19,3.26亿,4.43亿,128.31亿,--
1157,1158,002409,雅克科技,61.68,-1.2,-0.75,-0.02,2.8,1.33,2.98,5.51亿,3.19亿,196.47亿,29.40
1158,1159,002965,祥鑫科技,30.82,-2.38,-0.75,0.03,3.06,0.72,2.41,1.45亿,1.53亿,47.07亿,17.54
1159,1160,300015,爱尔眼科,14.4,-4.95,-0.75,0.0,1.76,1.27,3.96,20.34亿,79.11亿,1139.24亿,29.18
1160,1161,300124,汇川技术,60.5,-1.23,-0.75,0.0,1.48,1.32,2.12,20.54亿,22.81亿,1379.90亿,36.42
1161,1162,300783,三只松鼠,37.09,-1.98,-0.75,0.03,9.24,1.42,9.22,9.50亿,2.80亿,103.70亿,32.69
1162,1163,300848,美瑞新材,18.63,-3.87,-0.75,0.11,1.63,0.99,4.18,0.73亿,2.39亿,44.60亿,114.29
1163,1164,301251,威尔高,35.25,-2.08,-0.75,0.0,8.48,1.0,3.17,1.64亿,0.54亿,19.01亿,75.53
1164,1165,000831,中国稀土,30.09,-2.46,-0.76,0.0,2.32,1.16,1.72,7.44亿,10.61亿,319.32亿,--
1165,1166,002695,煌上煌,11.01,-6.46,-0.76,0.0,8.97,0.91,4.93,4.67亿,4.64亿,51.13亿,58.54
1166,1167,300619,金银河,26.41,-2.8,-0.76,-0.08,1.79,0.97,2.58,0.52亿,1.10亿,29.05亿,--
1167,1168,300634,彩讯股份,24.86,-2.97,-0.76,0.0,5.87,0.59,3.83,6.45亿,4.35亿,108.06亿,43.10
1168,1169,300777,中简科技,27.27,-2.71,-0.76,0.26,1.9,0.96,3.03,2.20亿,4.24亿,115.56亿,38.90
1169,1170,000028,国药一致,30.03,-2.5,-0.77,-0.1,0.85,0.96,2.01,1.23亿,4.78亿,143.56亿,11.76
1170,1171,002415,海康威视,30.81,-2.44,-0.77,-0.1,0.59,0.84,1.93,16.77亿,91.06亿,2805.46亿,26.32
1171,1172,002611,东方精工,11.64,-6.21,-0.77,0.0,17.81,0.79,7.66,21.33亿,9.95亿,115.83亿,32.24
1172,1173,002819,东方中科,33.39,-2.25,-0.77,0.0,5.25,0.55,3.28,4.13亿,2.35亿,78.55亿,--
1173,1174,002979,雷赛智能,33.06,-2.28,-0.77,-0.03,8.87,0.53,4.29,6.46亿,2.17亿,71.66亿,52.71
1174,1175,300007,汉威科技,23.65,-3.15,-0.77,-0.25,26.22,1.01,8.68,18.23亿,2.83亿,66.92亿,72.79
1175,1176,300674,宇信科技,21.3,-3.49,-0.77,-0.09,3.45,0.89,3.53,5.25亿,7.03亿,149.78亿,42.90
1176,1177,301371,敷尔佳,37.72,-2.0,-0.77,-0.03,5.96,0.76,2.18,1.33亿,0.59亿,22.10亿,22.03
1177,1178,002892,科力尔,18.0,-4.15,-0.78,0.06,17.02,0.75,6.71,12.36亿,3.96亿,71.37亿,118.52
1178,1179,300037,新宙邦,38.12,-2.0,-0.78,-0.08,2.29,1.19,2.78,4.77亿,5.46亿,208.23亿,30.73
1179,1180,301328,维峰电子,41.23,-1.86,-0.78,-0.22,9.03,0.8,5.93,1.30亿,0.34亿,14.07亿,49.95
1180,1181,000550,江铃汽车,24.78,-3.09,-0.79,-0.04,1.94,1.17,3.21,2.51亿,5.18亿,128.47亿,13.76
1181,1182,000762,西藏矿业,22.68,-3.37,-0.79,0.0,2.83,1.41,2.9,3.38亿,5.21亿,118.12亿,58.24
1182,1183,002312,川发龙蟒,16.51,-4.57,-0.79,-0.18,8.76,0.86,5.09,25.86亿,17.53亿,289.46亿,55.06
1183,1184,002475,立讯精密,40.58,-1.91,-0.79,0.0,0.92,0.77,1.64,26.96亿,72.14亿,2927.56亿,24.25
1184,1185,300602,飞荣达,19.69,-3.86,-0.79,0.0,4.95,1.02,4.0,3.87亿,3.92亿,77.14亿,82.56
1185,1186,301179,泽宇智能,18.95,-4.0,-0.79,0.05,8.09,0.88,4.15,1.34亿,0.86亿,16.29亿,36.23
1186,1187,000988,华工科技,37.67,-2.08,-0.8,0.05,2.75,0.77,2.11,10.47亿,10.05亿,378.58亿,30.3
1187,1188,002681,奋达科技,8.64,-8.47,-0.8,-0.12,34.22,1.22,12.08,45.20亿,14.80亿,127.91亿,76.38
1188,1189,300142,沃森生物,13.54,-5.58,-0.8,0.3,7.14,3.48,5.58,15.25亿,15.59亿,211.12亿,63.35
1189,1190,300677,英科医疗,27.55,-2.82,-0.8,-1.4,5.33,1.63,3.07,7.02亿,4.69亿,129.22亿,19.42
1190,1191,301508,中机认检,37.85,-2.07,-0.8,0.0,7.91,0.83,2.04,1.78亿,0.59亿,22.27亿,66.97
1191,1192,002837,英维克,33.83,-2.34,-0.81,-0.35,2.35,0.6,3.46,5.17亿,6.47亿,218.75亿,53.50
1192,1193,300151,昌红科技,18.48,-4.2,-0.81,0.0,2.66,1.27,4.3,1.84亿,3.69亿,68.14亿,90.66
1193,1194,300342,天银机电,19.34,-4.02,-0.81,-0.05,6.78,0.95,3.42,5.53亿,4.18亿,80.79亿,111.52
1194,1195,300390,天华新能,25.34,-3.1,-0.81,0.0,3.22,1.15,2.83,5.52亿,6.72亿,170.37亿,17.10
1195,1196,300773,拉卡拉,20.23,-3.85,-0.81,0.15,3.3,0.94,3.23,4.97亿,7.34亿,148.56亿,23.67
1196,1197,301103,何氏眼科,23.65,-3.31,-0.81,0.09,1.79,0.79,2.74,0.36亿,0.83亿,19.65亿,171.17
1197,1198,301268,铭利达,19.15,-4.06,-0.81,0.79,3.04,1.48,4.81,1.05亿,1.80亿,34.47亿,--
1198,1199,000099,中信海直,26.99,-2.95,-0.82,0.19,6.3,1.03,2.91,13.30亿,7.76亿,209.38亿,80.58
1199,1200,002273,水晶光电,21.46,-3.68,-0.82,-0.28,5.45,1.37,3.81,15.74亿,13.58亿,291.41亿,25.98
1200,1201,300130,新国都,24.77,-3.2,-0.82,-0.04,4.23,0.83,2.93,4.54亿,4.27亿,105.84亿,35.02
1201,1202,301015,百洋医药,27.21,-2.92,-0.82,0.0,0.51,1.14,3.21,0.73亿,5.26亿,143.02亿,16.73
1202,1203,000062,深圳华强,25.08,-3.2,-0.83,0.0,1.97,1.08,2.86,5.20亿,10.44亿,261.94亿,73.89
1203,1204,000538,云南白药,58.21,-1.41,-0.83,0.02,0.5,1.02,1.2,5.13亿,17.69亿,1029.97亿,18.0
1204,1205,002008,大族激光,26.1,-3.08,-0.83,0.0,3.25,0.87,2.6,8.37亿,9.79亿,255.59亿,14.44
1205,1206,002031,巨轮智能,7.5,-9.96,-0.83,0.0,47.16,1.02,12.01,73.81亿,19.82亿,148.67亿,2117.69
1206,1207,002947,恒铭达,35.15,-2.31,-0.83,0.06,2.12,0.74,2.42,1.22亿,1.62亿,56.88亿,21.73
1207,1208,300724,捷佳伟创,68.46,-1.2,-0.83,-0.02,3.68,1.12,2.42,7.30亿,2.87亿,196.41亿,8.83
1208,1209,300893,松原股份,30.79,-2.62,-0.83,0.29,1.02,0.64,2.66,0.36亿,1.13亿,34.83亿,27.41
1209,1210,300136,信维通信,26.25,-3.1,-0.84,0.0,3.54,0.85,3.25,7.75亿,8.25亿,216.45亿,35.72
1210,1211,300726,宏达电子,32.84,-2.49,-0.84,-0.18,3.25,1.07,2.23,2.30亿,2.14亿,70.14亿,38.77
1211,1212,300759,康龙化成,28.54,-2.86,-0.84,-0.04,2.15,0.74,2.25,8.88亿,14.29亿,407.72亿,26.91
1212,1213,000933,神火股份,17.34,-4.67,-0.85,-0.46,2.9,1.48,4.62,11.41亿,22.43亿,388.97亿,8.27
1213,1214,002993,奥海科技,39.1,-2.13,-0.85,0.03,2.45,0.69,3.25,2.30亿,2.38亿,93.03亿,26.93
1214,1215,000997,新大陆,21.0,-3.93,-0.86,0.05,2.05,0.9,5.35,4.50亿,10.26亿,215.53亿,19.85
1215,1216,001269,欧晶科技,28.08,-2.97,-0.86,0.04,3.25,1.04,2.97,0.77亿,0.84亿,23.56亿,--
1216,1217,001389,广合科技,42.21,-2.0,-0.86,0.45,6.24,1.25,3.09,1.01亿,0.38亿,16.07亿,27.34
1217,1218,300161,华中数控,28.63,-2.92,-0.86,-0.04,2.74,0.63,2.85,1.55亿,1.95亿,55.78亿,--
1218,1219,000555,神州信息,13.2,-6.18,-0.87,-0.15,7.04,1.07,3.84,9.18亿,9.72亿,128.34亿,--
1219,1220,002085,万丰奥威,19.04,-4.37,-0.87,0.26,5.27,1.12,4.37,21.66亿,21.23亿,404.28亿,53.80
1220,1221,300503,昊志机电,22.98,-3.65,-0.87,0.22,18.25,0.78,9.48,10.46亿,2.39亿,54.94亿,65.26
1221,1222,301078,孩子王,13.48,-6.06,-0.87,0.0,5.18,0.96,4.46,8.89亿,12.46亿,168.02亿,96.90
1222,1223,002876,三利谱,31.52,-2.72,-0.88,0.03,4.93,0.79,3.18,2.32亿,1.49亿,46.95亿,63.50
1223,1224,300341,麦克奥迪,20.08,-4.2,-0.88,-0.05,2.17,0.84,3.53,2.28亿,5.15亿,103.48亿,63.73
1224,1225,300676,华大基因,46.5,-1.86,-0.88,0.15,0.97,0.81,1.94,1.85亿,4.13亿,191.82亿,--
1225,1226,002208,合肥城建,8.18,-9.81,-0.89,-0.24,9.17,1.77,8.27,6.22亿,8.02亿,65.63亿,55.93
1226,1227,301510,固高科技,30.44,-2.84,-0.89,0.46,5.44,0.87,4.28,4.71亿,2.80亿,85.35亿,312.49
1227,1228,000801,四川九洲,16.61,-5.14,-0.9,0.0,9.86,0.9,4.4,17.09亿,10.23亿,169.89亿,106.33
1228,1229,001279,强邦新材,47.76,-1.85,-0.9,0.0,8.15,1.18,2.32,1.45亿,0.37亿,17.58亿,82.44
1229,1230,300596,利安隆,28.15,-3.1,-0.9,-0.07,1.63,1.04,2.75,1.04亿,2.25亿,63.25亿,15.44
1230,1231,301316,慧博云通,25.08,-3.46,-0.9,0.16,31.86,3.13,11.89,20.68亿,2.43亿,60.90亿,197.07
1231,1232,300236,上海新阳,39.21,-2.27,-0.91,-0.08,1.78,0.81,1.94,1.96亿,2.78亿,109.17亿,71.02
1232,1233,301030,仕净科技,28.04,-3.14,-0.91,-0.04,2.79,0.83,2.69,1.35亿,1.71亿,47.90亿,29.47
1233,1234,301211,亨迪药业,19.77,-4.4,-0.91,-0.05,6.38,1.02,4.5,0.92亿,0.72亿,14.23亿,57.20
1234,1235,301522,上大股份,41.19,-2.16,-0.91,0.02,6.96,0.77,2.52,2.05亿,0.71亿,29.10亿,92.11
1235,1236,300663,科蓝软件,21.4,-4.12,-0.92,0.0,7.48,0.77,4.12,6.76亿,4.15亿,88.78亿,--
1236,1237,002428,云南锗业,21.41,-4.16,-0.93,0.0,6.4,0.69,4.83,9.15亿,6.53亿,139.81亿,355.81
1237,1238,002557,洽洽食品,32.34,-2.79,-0.93,-0.03,2.61,1.14,2.95,4.28亿,5.06亿,163.62亿,19.64
1238,1239,301200,大族数控,37.95,-2.39,-0.93,0.19,3.23,0.5,2.85,0.73亿,0.58亿,22.16亿,58.88
1239,1240,301312,智立方,50.83,-1.8,-0.93,-0.02,9.07,0.73,3.46,1.21亿,0.26亿,13.12亿,74.89
1240,1241,000158,常山北明,24.17,-3.74,-0.94,0.0,5.96,0.91,3.23,23.22亿,15.88亿,383.78亿,--
1241,1242,300809,华辰装备,32.59,-2.8,-0.94,-0.09,15.1,0.97,4.59,3.71亿,0.76亿,24.62亿,106.74
1242,1243,301168,通灵股份,29.65,-3.07,-0.94,0.0,3.95,1.23,2.71,0.59亿,0.50亿,14.72亿,37.67
1243,1244,301267,华厦眼科,21.69,-4.15,-0.94,0.0,2.28,1.14,3.76,1.64亿,3.29亿,71.32亿,32.47
1244,1245,000034,神州数码,34.12,-2.71,-0.95,0.41,4.52,1.26,2.88,8.60亿,5.53亿,188.60亿,19.18
1245,1246,300723,一品红,20.25,-4.48,-0.95,0.05,2.34,0.53,4.76,2.03亿,4.23亿,85.62亿,--
1246,1247,000786,北新建材,29.22,-3.18,-0.96,-0.14,0.89,0.86,3.18,4.29亿,16.32亿,477.00亿,11.77
1247,1248,002050,三花智控,24.16,-3.82,-0.96,0.0,1.93,0.8,3.94,17.31亿,36.70亿,886.78亿,29.38
1248,1249,002572,索菲亚,18.2,-5.01,-0.96,0.0,3.17,1.47,6.16,3.80亿,6.51亿,118.57亿,14.26
1249,1250,002416,爱施德,15.08,-6.04,-0.97,0.0,9.63,1.29,5.79,18.07亿,12.24亿,184.56亿,26.70
1250,1251,002714,牧原股份,40.34,-2.35,-0.97,-0.1,0.85,0.93,1.82,13.13亿,38.11亿,1537.24亿,15.78
1251,1252,300470,中密控股,36.71,-2.57,-0.97,-0.03,1.67,0.66,2.89,1.20亿,1.93亿,70.87亿,21.16
1252,1253,300573,兴齐眼药,84.17,-1.14,-0.97,0.0,10.4,2.68,5.8,12.04亿,1.35亿,113.47亿,38.05
1253,1254,300856,科思股份,27.55,-3.4,-0.97,0.0,2.69,1.22,2.63,2.45亿,3.26亿,89.84亿,13.65
1254,1255,300919,中伟股份,39.24,-2.41,-0.97,0.03,2.43,2.16,3.83,8.75亿,9.10亿,357.01亿,20.84
1255,1256,002389,航天彩虹,19.22,-4.85,-0.98,-0.05,2.9,1.43,4.7,5.61亿,9.91亿,190.44亿,2323.18
1256,1257,300203,聚光科技,16.9,-5.48,-0.98,-0.18,4.28,1.0,4.36,3.29亿,4.48亿,75.77亿,48.34
1257,1258,300260,新莱应材,25.73,-3.67,-0.98,-0.04,3.63,1.02,3.33,2.72亿,2.88亿,74.01亿,39.74
1258,1259,300659,中孚信息,19.22,-4.85,-0.98,0.0,4.37,0.92,4.16,1.62亿,1.90亿,36.58亿,--
1259,1260,001311,多利科技,28.19,-3.46,-1.01,0.0,4.3,0.55,2.64,0.74亿,0.61亿,17.09亿,14.78
1260,1261,300735,光弘科技,32.29,-3.03,-1.01,-1.5,6.85,1.45,3.93,17.14亿,7.57亿,244.53亿,124.93
1261,1262,002222,福晶科技,33.09,-2.99,-1.02,0.0,2.97,0.73,2.87,4.63亿,4.68亿,154.91亿,69.47
1262,1263,002738,中矿资源,39.28,-2.53,-1.02,-0.1,2.04,0.95,3.25,5.73亿,7.11亿,279.37亿,38.95
1263,1264,002866,传艺科技,18.32,-5.32,-1.03,-0.06,8.29,1.21,4.13,2.80亿,1.81亿,33.21亿,86.31
1264,1265,300604,长川科技,46.8,-2.15,-1.03,0.0,5.07,1.06,2.72,11.20亿,4.71亿,220.27亿,61.56
1265,1266,300776,帝尔激光,70.81,-1.43,-1.03,-0.73,3.62,1.64,3.7,4.31亿,1.67亿,118.34亿,37.82
1266,1267,002912,中新赛克,28.27,-3.55,-1.04,-0.14,3.14,0.93,3.45,1.46亿,1.62亿,45.86亿,--
1267,1268,300709,精研科技,41.9,-2.42,-1.04,0.0,8.6,0.84,5.08,5.48亿,1.49亿,62.38亿,58.71
1268,1269,300226,上海钢联,25.15,-4.01,-1.05,-0.04,5.05,0.68,3.21,3.95亿,3.06亿,77.07亿,47.29
1269,1270,300722,新余国科,28.87,-3.54,-1.06,0.0,1.93,0.92,3.07,1.56亿,2.77亿,79.90亿,91.14
1270,1271,300894,火星人,16.17,-6.15,-1.06,-0.12,8.12,0.95,4.35,3.94亿,2.94亿,47.55亿,327.61
1271,1272,000408,藏格矿业,27.68,-3.72,-1.07,0.07,0.59,1.07,3.69,2.62亿,15.80亿,437.46亿,17.57
1272,1273,300979,华利集团,76.51,-1.38,-1.07,-0.05,0.2,0.87,2.76,1.81亿,11.67亿,892.87亿,23.55
1273,1274,300212,易华录,26.2,-3.96,-1.08,0.0,3.11,0.94,3.48,5.77亿,6.98亿,182.88亿,--
1274,1275,300679,电连技术,57.64,-1.84,-1.08,0.52,1.49,0.66,3.37,3.09亿,3.58亿,206.21亿,39.95
1275,1276,300900,广联航空,22.3,-4.62,-1.08,0.05,5.44,1.45,4.49,2.68亿,2.18亿,48.56亿,96.71
1276,1277,301603,乔锋智能,44.91,-2.35,-1.08,-0.13,9.34,0.5,2.87,0.97亿,0.23亿,10.30亿,26.99
1277,1278,300127,银河磁体,27.86,-3.77,-1.09,-0.07,8.7,0.9,5.77,5.76亿,2.31亿,64.31亿,59.28
1278,1279,300438,鹏辉能源,31.61,-3.33,-1.09,-0.47,5.0,1.11,2.42,6.46亿,4.04亿,127.76亿,197.23
1279,1280,300662,科锐国际,26.24,-3.99,-1.09,0.19,5.76,0.88,6.92,3.04亿,1.96亿,51.50亿,28.64
1280,1281,300925,法本信息,26.47,-3.96,-1.09,0.08,11.88,1.05,3.81,10.48亿,3.31亿,87.50亿,77.43
1281,1282,301392,汇成真空,69.73,-1.54,-1.09,-0.04,6.75,0.47,2.95,1.07亿,0.23亿,15.69亿,81.1
1282,1283,002028,思源电气,72.5,-1.5,-1.1,-1.09,5.44,3.46,3.26,24.11亿,6.05亿,438.42亿,28.3
1283,1284,301608,博实结,69.6,-1.56,-1.1,-0.06,15.78,0.57,3.37,1.87亿,0.17亿,11.77亿,34.48
1284,1285,002179,中航光电,39.06,-2.76,-1.11,-0.08,0.72,1.32,2.64,5.82亿,20.64亿,806.09亿,24.71
1285,1286,002997,瑞鹄模具,38.14,-2.83,-1.11,-0.16,3.23,0.52,4.23,2.61亿,2.09亿,79.84亿,23.71
1286,1287,300768,迪普科技,20.01,-5.26,-1.11,-0.05,3.93,1.19,5.26,3.36亿,4.21亿,84.18亿,104.59
1287,1288,300997,欢乐家,17.64,-5.92,-1.11,0.11,4.34,0.96,4.43,3.09亿,3.96亿,69.86亿,70.68
1288,1289,003028,振邦智能,38.01,-2.86,-1.12,-0.05,4.37,0.72,3.58,0.91亿,0.54亿,20.55亿,23.78
1289,1290,300229,拓尔思,21.63,-4.92,-1.12,0.0,9.9,0.72,5.19,17.38亿,7.95亿,171.89亿,318.94
1290,1291,301096,百诚医药,41.3,-2.64,-1.12,0.07,4.93,0.85,2.29,1.43亿,0.69亿,28.67亿,23.88
1291,1292,301116,益客食品,15.3,-6.82,-1.12,-0.33,19.62,0.69,4.87,3.55亿,1.16亿,17.82亿,36.54
1292,1293,002006,精工科技,20.22,-5.29,-1.13,0.0,8.41,0.8,5.01,7.88亿,4.55亿,92.03亿,94.51
1293,1294,001215,千味央厨,37.86,-2.92,-1.14,0.05,5.32,0.79,3.1,1.99亿,0.98亿,37.25亿,34.56
1294,1295,300552,万集科技,37.55,-2.95,-1.14,-0.03,8.11,0.5,4.16,4.12亿,1.33亿,50.09亿,--
1295,1296,301206,三元生物,29.2,-3.76,-1.14,-0.03,3.83,1.06,2.83,1.17亿,1.04亿,30.24亿,54.70
1296,1297,301195,北路智控,35.57,-3.13,-1.15,0.06,5.6,0.73,2.5,1.00亿,0.50亿,17.66亿,25.10
1297,1298,301307,美利信,23.45,-4.67,-1.15,-0.04,6.37,1.23,3.82,1.65亿,1.09亿,25.56亿,--
1298,1299,002229,鸿博股份,16.65,-6.51,-1.16,-0.06,16.68,0.66,6.01,14.09亿,4.93亿,82.11亿,--
1299,1300,301080,百普赛斯,46.16,-2.45,-1.16,-0.11,2.38,0.94,2.33,1.00亿,0.91亿,41.81亿,49.76
1300,1301,000999,华润三九,45.24,-2.52,-1.17,-0.22,0.59,0.75,2.67,3.44亿,12.76亿,577.11亿,14.72
1301,1302,301618,长联科技,105.6,-1.1,-1.17,0.0,4.5,0.61,1.71,0.77亿,0.16亿,17.01亿,90.97
1302,1303,000921,海信家电,29.63,-3.83,-1.18,0.0,1.7,0.92,4.16,4.62亿,9.12亿,270.18亿,11.03
1303,1304,301580,爱迪特,59.98,-1.93,-1.18,0.39,4.83,0.69,2.34,0.52亿,0.18亿,10.82亿,30.82
1304,1305,300699,光威复材,33.98,-3.38,-1.19,0.0,1.94,1.52,3.78,5.42亿,8.21亿,279.13亿,34.45
1305,1306,002384,东山精密,27.68,-4.16,-1.2,0.0,5.59,0.73,3.91,21.71亿,13.86亿,383.73亿,33.18
1306,1307,002466,天齐锂业,36.4,-3.19,-1.2,-0.08,1.88,1.13,2.37,10.19亿,14.76亿,537.37亿,--
1307,1308,300122,智飞生物,28.8,-4.0,-1.2,-0.04,2.19,0.98,3.4,9.06亿,14.14亿,407.32亿,24.04
1308,1309,300861,美畅股份,22.62,-5.04,-1.2,-0.09,5.2,2.59,5.46,3.59亿,3.01亿,68.19亿,28.90
1309,1310,002812,恩捷股份,35.33,-3.31,-1.21,0.03,1.7,1.27,2.85,4.96亿,8.17亿,288.69亿,58.03
1310,1311,300681,英搏尔,24.68,-4.71,-1.22,-0.44,5.78,0.73,5.02,2.57亿,1.76亿,43.53亿,92.60
1311,1312,301266,宇邦新材,39.52,-3.0,-1.22,0.03,7.94,0.98,3.19,1.37亿,0.43亿,17.14亿,70.15
1312,1313,301089,拓新药业,33.05,-3.59,-1.23,-0.15,4.24,0.89,3.79,1.30亿,0.91亿,30.07亿,--
1313,1314,002368,太极股份,25.71,-4.6,-1.24,0.04,2.79,1.06,3.82,4.51亿,6.20亿,159.46亿,--
1314,1315,300751,迈为股份,116.23,-1.06,-1.24,0.17,3.31,2.27,3.12,7.51亿,1.93亿,224.73亿,32.11
1315,1316,300755,华致酒行,20.1,-5.81,-1.24,-0.15,4.75,1.2,4.31,4.01亿,4.16亿,83.71亿,37.46
1316,1317,001696,宗申动力,27.5,-4.35,-1.25,-0.07,11.4,0.92,2.92,28.22亿,8.91亿,245.12亿,60.37
1317,1318,300523,辰安科技,22.7,-5.26,-1.26,0.04,2.44,1.09,4.63,1.31亿,2.32亿,52.72亿,--
1318,1319,300073,当升科技,42.78,-2.88,-1.27,0.0,3.57,1.15,2.52,7.76亿,5.05亿,216.19亿,35.00
1319,1320,300576,容大感光,48.83,-2.54,-1.27,-0.25,5.16,1.0,2.91,4.68亿,1.84亿,89.62亿,102.90
1320,1321,300957,贝泰妮,49.78,-2.49,-1.27,0.44,2.6,1.45,2.57,5.53亿,4.24亿,210.87亿,38.13
1321,1322,300316,晶盛机电,32.8,-3.78,-1.29,0.03,1.51,1.29,3.08,6.18亿,12.32亿,403.95亿,10.88
1322,1323,002975,博杰股份,33.32,-3.75,-1.3,0.0,4.61,0.6,4.13,1.12亿,0.72亿,23.92亿,2305.98
1323,1324,301393,昊帆生物,46.37,-2.73,-1.3,0.0,4.07,0.68,2.5,0.68亿,0.36亿,16.53亿,38.99
1324,1325,300255,常山药业,20.4,-6.08,-1.32,0.0,3.84,0.91,6.12,7.30亿,9.16亿,186.84亿,1928.87
1325,1326,301525,儒竞科技,64.06,-2.02,-1.32,0.02,4.24,0.81,4.07,1.36亿,0.49亿,31.65亿,30.45
1326,1327,301219,腾远钴业,48.3,-2.72,-1.35,-0.08,2.2,1.07,2.6,1.79亿,1.68亿,81.09亿,17.29
1327,1328,002230,科大讯飞,50.97,-2.6,-1.36,-0.02,3.13,0.7,3.42,35.36亿,21.84亿,1113.21亿,--
1328,1329,002657,中科金财,22.27,-5.79,-1.37,0.0,13.82,0.67,4.15,10.53亿,3.36亿,74.91亿,--
1329,1330,300101,振芯科技,24.01,-5.4,-1.37,-0.08,4.1,0.95,4.69,5.65亿,5.66亿,135.91亿,144.16
1330,1331,301486,致尚科技,46.61,-2.85,-1.37,0.0,5.29,1.11,4.69,1.80亿,0.72亿,33.56亿,75.34
1331,1332,300454,深信服,64.3,-2.1,-1.38,0.08,4.36,1.77,2.56,7.77亿,2.76亿,177.71亿,--
1332,1333,300762,上海瀚讯,25.9,-5.06,-1.38,-0.15,8.79,0.79,4.8,14.57亿,6.28亿,162.64亿,--
1333,1334,300842,帝科股份,45.92,-2.92,-1.38,-0.13,3.11,1.08,2.69,1.80亿,1.25亿,57.45亿,16.55
1334,1335,301330,熵基科技,29.6,-4.46,-1.38,-0.07,9.88,1.01,3.49,2.27亿,0.77亿,22.66亿,36.10
1335,1336,001323,慕思股份,37.65,-3.56,-1.39,0.0,1.69,0.72,4.61,0.50亿,0.78亿,29.34亿,21.62
1336,1337,002992,宝明科技,59.81,-2.27,-1.39,0.0,1.83,1.25,5.51,1.71亿,1.57亿,94.02亿,--
1337,1338,002192,融捷股份,35.81,-3.76,-1.4,-0.03,3.33,1.27,3.04,3.13亿,2.59亿,92.79亿,38.16
1338,1339,002460,赣锋锂业,38.22,-3.53,-1.4,-0.03,2.28,0.91,2.73,10.64亿,12.09亿,461.97亿,--
1339,1340,300620,光库科技,47.26,-2.9,-1.41,-0.09,3.47,0.97,3.72,4.09亿,2.47亿,116.69亿,158.26
1340,1341,000977,浪潮信息,45.76,-3.01,-1.42,-0.02,3.24,0.86,2.71,22.03亿,14.70亿,672.85亿,39.04
1341,1342,002896,中大力德,36.78,-3.72,-1.42,-0.03,7.44,0.54,4.58,4.21亿,1.51亿,55.60亿,73.24
1342,1343,301155,海力风电,61.88,-2.24,-1.42,-0.03,1.59,0.94,2.78,1.16亿,1.17亿,72.65亿,116.23
1343,1344,301153,中科江南,31.33,-4.37,-1.43,0.03,2.78,0.8,4.3,1.83亿,2.06亿,64.50亿,1213.4
1344,1345,002851,麦格米特,40.13,-3.46,-1.44,0.05,3.61,0.66,5.1,6.73亿,4.57亿,183.37亿,39.91
1345,1346,300516,久之洋,36.66,-3.78,-1.44,-0.06,1.37,1.12,3.7,0.92亿,1.80亿,65.99亿,245.64
1346,1347,002049,紫光国微,65.36,-2.17,-1.45,-0.02,2.11,1.22,2.14,11.80亿,8.49亿,555.22亿,41.24
1347,1348,002841,视源股份,39.37,-3.55,-1.45,0.43,4.06,2.08,5.49,8.45亿,5.21亿,205.26亿,22.09
1348,1349,001314,亿道信息,52.03,-2.75,-1.47,-0.06,17.35,0.89,3.66,4.73亿,0.52亿,26.93亿,262.86
1349,1350,300999,金龙鱼,34.91,-4.04,-1.47,-0.09,2.74,1.24,3.79,5.25亿,5.43亿,189.44亿,99.18
1350,1351,002850,科达利,104.52,-1.4,-1.48,-0.29,2.46,1.03,3.53,4.93亿,1.93亿,201.76亿,20.89
1351,1352,300059,东方财富,26.41,-5.37,-1.5,-0.04,6.75,1.08,4.44,243.23亿,133.59亿,3528.19亿,51.75
1352,1353,002315,焦点科技,45.55,-3.21,-1.51,0.11,13.49,0.83,6.42,12.84亿,2.02亿,92.06亿,30.3
1353,1354,003009,中天火箭,40.82,-3.57,-1.51,0.07,2.05,1.69,3.99,1.32亿,1.55亿,63.43亿,276.83
1354,1355,300618,寒锐钴业,36.56,-3.97,-1.51,-0.03,3.63,1.22,3.36,3.65亿,2.73亿,99.67亿,50.79
1355,1356,002625,光启技术,41.2,-3.58,-1.53,-0.12,2.69,1.07,4.99,20.12亿,17.78亿,732.73亿,124.04
1356,1357,300014,亿纬锂能,46.9,-3.2,-1.55,-0.02,1.75,1.05,2.58,15.35亿,18.61亿,873.01亿,22.57
1357,1358,300725,药石科技,36.24,-4.1,-1.55,0.0,4.65,0.67,3.94,2.88亿,1.68亿,61.03亿,41.19
1358,1359,000333,美的集团,74.0,-2.06,-1.56,0.16,0.54,0.91,2.52,27.45亿,68.89亿,5098.23亿,13.4
1359,1360,002990,盛视科技,26.28,-5.6,-1.56,0.0,5.8,0.79,5.32,2.08亿,1.34亿,35.16亿,45.86
1360,1361,300672,国科微,68.25,-2.25,-1.57,0.0,3.27,0.87,3.19,4.72亿,2.10亿,143.39亿,158.74
1361,1362,301035,润丰股份,48.66,-3.13,-1.57,-0.02,0.35,1.23,3.54,0.48亿,2.80亿,136.40亿,29.99
1362,1363,300607,拓斯达,33.81,-4.46,-1.58,-0.15,22.85,0.77,7.32,26.76亿,3.36亿,113.54亿,1335.07
1363,1364,300671,富满微,36.96,-4.12,-1.59,-0.65,3.69,1.13,3.97,3.01亿,2.17亿,80.19亿,--
1364,1365,300624,万兴科技,73.58,-2.13,-1.6,-0.03,17.17,0.58,5.09,22.16亿,1.71亿,125.99亿,--
1365,1366,301367,怡和嘉业,69.34,-2.25,-1.6,0.09,1.34,0.77,2.48,0.53亿,0.57亿,39.19亿,37.24
1366,1367,002791,坚朗五金,27.48,-5.54,-1.61,-0.47,5.75,1.94,4.43,2.63亿,1.64亿,45.15亿,221.92
1367,1368,300841,康华生物,56.6,-2.77,-1.61,-0.02,2.3,1.04,2.56,1.60亿,1.22亿,69.18亿,14.08
1368,1369,301221,光庭信息,53.35,-2.93,-1.61,-0.08,8.09,0.6,3.44,1.92亿,0.44亿,23.29亿,338.14
1369,1370,300418,昆仑万维,45.43,-3.44,-1.62,0.0,5.27,0.7,4.4,30.32亿,12.31亿,559.47亿,--
1370,1371,301551,无线传媒,63.01,-2.55,-1.65,0.0,13.12,0.56,4.28,3.01亿,0.35亿,22.36亿,100.01
1371,1372,002025,航天电器,56.91,-2.83,-1.66,-0.23,0.85,0.93,2.68,2.22亿,4.53亿,257.55亿,47.36
1372,1373,300339,润和软件,60.85,-2.67,-1.67,0.0,16.23,1.53,4.33,77.84亿,7.78亿,473.22亿,328.39
1373,1374,001339,智微智能,38.76,-4.15,-1.68,0.1,11.1,0.8,4.82,3.21亿,0.73亿,28.30亿,88.79
1374,1375,300567,精测电子,67.35,-2.48,-1.71,-0.07,3.1,0.99,3.0,4.26亿,2.03亿,136.57亿,168.41
1375,1376,301047,义翘神州,67.32,-2.53,-1.75,-0.09,1.09,0.98,2.43,0.88亿,1.20亿,80.50亿,61.84
1376,1377,301205,联特科技,71.95,-2.38,-1.75,-0.07,3.3,0.91,2.77,1.63亿,0.68亿,48.90亿,112.46
1377,1378,300666,江丰电子,73.8,-2.35,-1.78,-0.01,2.62,0.75,1.99,4.30亿,2.21亿,162.74亿,51.2
1378,1379,300660,江苏雷利,41.99,-4.13,-1.81,0.26,9.78,1.06,12.51,13.87亿,3.19亿,134.01亿,41.76
1379,1380,002338,奥普光电,41.12,-4.24,-1.82,0.0,3.19,1.19,4.38,3.19亿,2.40亿,98.69亿,163.04
1380,1381,300972,万辰集团,79.8,-2.29,-1.87,-0.41,1.36,0.79,5.87,1.72亿,1.56亿,124.30亿,128.14
1381,1382,301333,诺思格,55.3,-3.31,-1.89,-0.14,1.22,0.66,4.14,0.39亿,0.57亿,31.69亿,47.45
1382,1383,002032,苏泊尔,52.38,-3.52,-1.91,-1.5,0.64,1.81,3.32,2.72亿,8.00亿,418.96亿,21.98
1383,1384,002756,永兴材料,42.8,-4.27,-1.91,-0.09,2.66,1.14,3.96,4.48亿,3.89亿,166.36亿,17.82
1384,1385,001270,铖昌科技,44.38,-4.21,-1.95,0.02,4.62,1.14,3.45,2.11亿,1.01亿,45.00亿,--
1385,1386,000628,高新发展,58.98,-3.25,-1.98,0.1,5.31,0.63,2.62,6.08亿,1.92亿,113.29亿,129.38
1386,1387,000526,学大教育,44.23,-4.35,-2.01,0.0,2.79,1.37,5.12,1.50亿,1.19亿,52.64亿,23.26
1387,1388,300820,英杰电气,59.35,-3.34,-2.05,-0.05,2.15,0.82,3.1,1.43亿,1.11亿,65.87亿,32.55
1388,1389,301517,陕西华达,56.24,-3.52,-2.05,-0.04,8.39,1.23,2.68,2.03亿,0.42亿,23.89亿,133.55
1389,1390,301095,广立微,58.85,-3.38,-2.06,-0.09,3.7,0.9,3.1,2.37亿,1.07亿,63.17亿,1146.60
1390,1391,301571,国科天成,46.8,-4.22,-2.06,0.0,10.24,1.11,4.01,1.66亿,0.34亿,15.95亿,58.83
1391,1392,301315,威士顿,51.02,-3.94,-2.09,-0.12,12.81,0.57,3.41,2.46亿,0.37亿,18.88亿,112.36
1392,1393,301050,雷电微力,54.01,-3.78,-2.12,-0.07,4.11,1.08,3.03,4.68亿,2.09亿,112.87亿,26.53
1393,1394,300354,东华测试,40.74,-4.99,-2.14,0.05,11.65,0.67,6.11,3.95亿,0.81亿,33.08亿,42.67
1394,1395,301421,波长光电,54.0,-3.81,-2.14,-0.02,7.94,0.99,2.76,2.01亿,0.46亿,25.01亿,152.08
1395,1396,001301,尚太科技,67.7,-3.12,-2.18,-0.24,1.56,0.51,3.62,1.70亿,1.60亿,108.33亿,22.93
1396,1397,300049,福瑞股份,36.54,-5.7,-2.21,-0.98,6.57,2.1,6.25,5.77亿,2.34亿,85.32亿,71.47
1397,1398,301611,珂玛科技,62.9,-3.48,-2.27,0.05,9.24,0.84,3.31,3.31亿,0.56亿,35.47亿,91.09
1398,1399,301550,斯菱股份,76.0,-2.91,-2.28,-0.03,11.25,0.64,7.91,4.87亿,0.55亿,41.75亿,45.82
1399,1400,301488,豪恩汽电,61.67,-3.64,-2.33,0.05,9.82,0.7,3.16,1.43亿,0.23亿,14.44亿,60.75
1400,1401,300769,德方纳米,43.4,-5.12,-2.34,0.02,9.29,1.34,4.31,10.29亿,2.52亿,109.26亿,--
1401,1402,300520,科大国创,27.61,-7.91,-2.37,-0.22,17.35,0.88,5.2,13.60亿,2.77亿,76.58亿,--
1402,1403,301239,普瑞眼科,54.27,-4.2,-2.38,0.91,5.91,1.15,5.35,2.26亿,0.71亿,38.42亿,384.43
1403,1404,300598,诚迈科技,54.74,-4.18,-2.39,-0.06,4.38,0.88,4.17,5.30亿,2.17亿,118.74亿,--
1404,1405,300661,圣邦股份,88.25,-2.67,-2.42,-0.2,1.56,1.16,3.58,6.30亿,4.53亿,399.36亿,109.65
1405,1406,000799,酒鬼酒,59.45,-3.94,-2.44,0.05,4.02,1.13,2.92,7.87亿,3.25亿,193.17亿,256.48
1406,1407,300377,赢时胜,33.42,-6.91,-2.48,0.09,18.43,0.78,4.82,40.55亿,6.44亿,215.32亿,--
1407,1408,301031,中熔电气,107.21,-2.29,-2.51,-0.22,1.0,0.8,2.61,0.47亿,0.43亿,46.54亿,44.42
1408,1409,300678,中科信息,39.57,-5.99,-2.52,0.0,6.85,0.91,6.3,7.92亿,2.86亿,112.99亿,1421.29
1409,1410,300347,泰格医药,62.54,-3.93,-2.56,0.02,1.58,0.88,3.23,5.68亿,5.67亿,354.84亿,49.88
1410,1411,300274,阳光电源,76.47,-3.33,-2.63,0.0,2.13,1.14,2.93,26.16亿,15.90亿,1215.88亿,15.65
1411,1412,002821,凯莱英,81.23,-3.15,-2.64,0.03,3.94,2.2,4.27,10.62亿,3.29亿,266.96亿,31.54
1412,1413,301236,软通动力,62.2,-4.23,-2.75,-0.14,5.93,0.69,3.36,25.46亿,6.80亿,423.16亿,585.36
1413,1414,301191,菲菱科思,78.92,-3.42,-2.79,-0.01,6.33,1.04,3.29,1.32亿,0.26亿,20.68亿,39.33
1414,1415,001306,夏厦精密,64.25,-4.32,-2.9,-0.02,15.32,0.73,4.5,1.56亿,0.15亿,9.96亿,62.59
1415,1416,301061,匠心家居,53.85,-5.19,-2.95,0.07,2.35,1.06,4.79,0.55亿,0.43亿,22.92亿,15.69
1416,1417,300085,银之杰,46.71,-5.98,-2.97,-0.04,10.08,0.75,4.03,30.41亿,6.35亿,296.55亿,--
1417,1418,300969,恒帅股份,92.12,-3.15,-3.0,-0.08,7.9,0.7,4.14,1.58亿,0.21亿,19.64亿,33.80
1418,1419,002304,洋河股份,83.93,-3.47,-3.02,-0.12,0.99,1.89,3.3,12.69亿,15.03亿,1261.22亿,11.05
1419,1420,300308,中际旭创,127.1,-2.36,-3.07,0.0,3.11,0.96,4.78,44.12亿,11.16亿,1418.07亿,28.48
1420,1421,000661,长春高新,104.6,-3.03,-3.27,-0.02,1.61,1.4,2.49,6.76亿,3.98亿,416.42亿,11.32
1421,1422,300870,欧陆通,84.2,-4.04,-3.54,0.0,2.94,0.86,6.12,2.57亿,1.01亿,85.21亿,40.81
1422,1423,000858,五粮液,148.04,-2.49,-3.78,0.01,0.73,1.14,1.76,42.30亿,38.82亿,5746.21亿,17.29
1423,1424,301368,丰立智能,54.86,-6.65,-3.91,0.0,22.13,0.82,6.89,8.05亿,0.64亿,35.18亿,312.29
1424,1425,300782,卓胜微,97.22,-3.88,-3.93,-0.03,2.54,0.93,3.26,11.18亿,4.48亿,435.13亿,91.62
1425,1426,002865,钧达股份,58.92,-6.4,-4.03,-0.76,5.82,1.3,4.91,7.86亿,2.25亿,132.49亿,--
1426,1427,003021,兆威机电,77.96,-5.05,-4.15,0.0,5.81,0.75,5.75,9.49亿,2.06亿,160.75亿,88.24
1427,1428,300857,协创数据,103.16,-4.21,-4.54,0.01,4.93,0.77,5.23,12.81亿,2.45亿,252.29亿,34.06
1428,1429,300394,天孚通信,104.65,-4.17,-4.55,-0.48,5.73,1.77,7.65,33.62亿,5.53亿,578.45亿,44.52
1429,1430,301596,瑞迪智驱,109.21,-4.1,-4.67,-0.08,12.26,0.58,4.37,1.88亿,0.14亿,15.05亿,61.50
1430,1431,301004,嘉益股份,102.5,-4.52,-4.85,-0.16,0.66,0.82,4.45,0.66亿,0.96亿,98.07亿,15.04
1431,1432,300474,景嘉微,95.73,-5.08,-5.12,-0.02,9.58,1.0,4.18,30.65亿,3.27亿,312.89亿,1571.68
1432,1433,300803,指南针,98.65,-5.88,-6.16,0.0,6.1,0.81,3.53,24.73亿,4.05亿,399.26亿,--
1433,1434,002920,德赛西威,116.4,-5.05,-6.19,0.03,1.22,1.34,4.81,7.91亿,5.52亿,641.96亿,34.44
1434,1435,300750,宁德时代,267.03,-2.44,-6.68,0.0,0.73,1.09,2.19,75.96亿,39.03亿,10421.00亿,24.50
1435,1436,000568,泸州老窖,137.79,-4.91,-7.12,-0.12,1.46,1.23,3.71,29.95亿,14.67亿,2021.78亿,13.12
1436,1437,002594,比亚迪,276.51,-2.53,-7.17,-0.13,0.97,0.96,1.83,31.30亿,11.62亿,3214.31亿,23.91
1437,1438,300757,罗博特科,199.0,-4.56,-9.5,-1.97,6.05,1.13,4.87,18.25亿,1.48亿,294.86亿,325.09
1438,1439,000596,古井贡酒,195.64,-4.67,-9.58,0.0,0.77,0.9,4.17,6.20亿,4.09亿,799.38亿,16.34
1439,1440,300760,迈瑞医疗,259.17,-3.75,-10.11,-0.69,0.67,1.2,4.01,21.34亿,12.12亿,3142.28亿,22.16
1440,1441,002371,北方华创,386.48,-2.88,-11.48,0.1,1.5,1.09,2.89,31.21亿,5.33亿,2058.63亿,34.63
1441,1442,300896,爱美客,211.0,-5.67,-12.68,-0.1,2.9,1.13,4.34,12.96亿,2.09亿,440.19亿,30.2
1442,1443,300033,同花顺,306.9,-5.16,-16.7,-0.02,7.59,0.85,4.96,64.82亿,2.73亿,839.34亿,190.09
