,序号,代码,名称,现价,涨跌幅,涨跌,涨速,换手,量比,振幅,成交额,流通股,流通市值,市盈率
0,3441,300990,同飞股份,41.64,-2.64,-1.13,-0.05,8.26,1.08,4.58,2.71亿,0.77亿,32.22亿,75.67
1,3442,603379,三美股份,38.18,-2.88,-1.13,0.08,1.21,0.93,4.4,2.88亿,6.10亿,233.08亿,31.17
2,3443,605117,德业股份,83.1,-1.34,-1.13,0.0,0.87,0.63,2.42,4.65亿,6.45亿,536.23亿,17.96
3,3444,688777,中控技术,51.43,-2.15,-1.13,-0.08,2.43,1.17,3.18,9.88亿,7.79亿,400.46亿,42.55
4,3445,835179,凯德石英,27.69,-3.92,-1.13,0.0,3.24,0.63,5.69,0.55亿,0.60亿,16.48亿,52.82
5,3446,300832,新产业,69.11,-1.62,-1.14,-0.13,0.4,0.72,2.71,1.90亿,6.80亿,470.09亿,29.43
6,3447,301261,恒工精密,44.39,-2.5,-1.14,-0.09,9.77,0.85,4.74,1.66亿,0.38亿,16.82亿,30.44
7,3448,600809,山西汾酒,187.79,-0.6,-1.14,0.01,0.37,0.96,1.44,8.40亿,12.20亿,2290.97亿,15.14
8,3449,603345,安井食品,81.85,-1.37,-1.14,-0.06,1.72,1.13,1.55,4.14亿,2.93亿,240.06亿,17.2
9,3450,603960,克来机电,21.2,-5.14,-1.15,0.09,5.08,1.09,4.92,2.89亿,2.62亿,55.59亿,123.6
10,1961,000042,中洲控股,4.7,0.64,0.03,-0.21,2.52,0.64,5.35,0.80亿,6.64亿,31.21亿,--
11,1962,000059,华锦股份,4.91,0.61,0.03,0.0,0.79,1.17,2.66,0.62亿,15.99亿,78.53亿,--
12,1963,000060,中金岭南,4.81,0.63,0.03,-0.21,0.69,0.82,1.67,1.25亿,37.37亿,179.76亿,16.86
13,1964,000069,华侨城A,2.77,1.09,0.03,0.0,0.71,0.89,2.92,1.36亿,68.95亿,190.98亿,--
14,1965,000402,金融街,3.51,0.86,0.03,0.0,1.09,0.89,2.3,1.15亿,29.88亿,104.89亿,--
15,1966,000488,晨鸣纸业,3.12,0.97,0.03,-0.64,2.05,0.94,2.59,1.07亿,16.76亿,52.29亿,--
16,1967,000503,国新健康,11.37,0.27,0.03,-0.09,1.88,0.83,3.17,2.06亿,9.55亿,108.60亿,--
17,1968,000607,华媒控股,3.87,0.78,0.03,0.0,1.65,0.57,3.38,0.56亿,8.70亿,33.66亿,264.33
18,1969,000650,仁和药业,5.9,0.51,0.03,0.0,1.32,1.0,1.53,1.04亿,13.31亿,78.55亿,14.90
19,1970,000690,宝新能源,4.64,0.65,0.03,0.0,1.41,0.89,1.52,1.42亿,21.74亿,100.89亿,12.79
20,131,688002,睿创微纳,50.22,1.85,0.91,-0.16,2.75,1.46,6.57,6.34亿,4.55亿,228.46亿,35.45
21,132,831304,迪尔化工,13.34,7.32,0.91,0.0,13.49,1.87,11.66,1.42亿,0.79亿,10.52亿,21.96
22,133,002353,杰瑞股份,35.9,2.57,0.9,0.0,1.39,1.16,3.34,3.43亿,6.93亿,248.94亿,17.25
23,134,688076,诺泰生物,52.55,1.72,0.89,-0.1,2.64,1.74,5.34,3.07亿,2.20亿,115.49亿,24.73
24,135,872895,花溪科技,13.62,6.99,0.89,0.0,8.86,1.63,11.39,0.34亿,0.29亿,3.91亿,141.47
25,136,301368,丰立智能,52.88,1.69,0.88,0.0,15.98,1.52,6.54,5.40亿,0.64亿,33.91亿,301.02
26,137,600692,亚通股份,9.64,10.05,0.88,0.0,10.82,2.54,9.02,2.61亿,2.55亿,24.58亿,566.32
27,138,300323,华灿光电,8.66,11.17,0.87,0.0,26.21,1.72,20.92,20.30亿,8.79亿,76.13亿,--
28,139,301118,恒光股份,19.55,4.66,0.87,0.15,4.55,1.06,7.66,0.92亿,1.04亿,20.38亿,--
29,140,000423,东阿阿胶,63.22,1.38,0.86,0.03,0.74,0.75,2.44,3.01亿,6.44亿,407.12亿,26.51
30,111,688169,石头科技,211.02,0.49,1.02,0.1,1.36,1.17,2.97,5.29亿,1.85亿,389.80亿,19.86
31,112,000501,武商集团,11.09,10.02,1.01,0.0,7.21,1.49,7.84,5.99亿,7.68亿,85.20亿,51.53
32,113,832110,雷特科技,32.92,3.13,1.0,0.0,4.08,1.3,5.73,0.21亿,0.16亿,5.35亿,32.51
33,114,002041,登海种业,10.79,9.99,0.98,0.0,3.29,2.94,10.5,3.04亿,8.80亿,94.95亿,121.56
34,115,600104,上汽集团,19.81,5.15,0.97,0.1,1.49,1.89,9.77,33.43亿,115.75亿,2293.07亿,24.9
35,116,600316,洪都航空,31.64,3.16,0.97,-0.03,2.39,2.24,3.68,5.42亿,7.17亿,226.90亿,1196.75
36,117,601137,博威合金,20.98,4.85,0.97,-0.1,8.68,2.18,8.65,14.23亿,7.80亿,163.69亿,11.21
37,118,601456,国联证券,14.28,7.13,0.95,-0.07,12.5,3.3,9.3,42.61亿,23.89亿,341.17亿,76.61
38,119,833943,优机股份,16.07,6.28,0.95,0.0,6.11,1.49,8.8,0.40亿,0.41亿,6.62亿,26.43
39,120,002275,桂林三金,15.9,6.28,0.94,0.0,3.06,3.98,10.9,2.70亿,5.59亿,88.89亿,18.25
40,201,300025,华星创业,14.16,4.73,0.64,0.0,7.86,0.92,7.91,4.76亿,4.32亿,61.14亿,--
41,202,600150,中国船舶,36.44,1.79,0.64,0.03,1.55,1.83,3.02,25.24亿,44.72亿,1629.75亿,53.83
42,203,300868,杰美特,28.44,2.27,0.63,-0.14,3.28,0.87,3.92,0.74亿,0.81亿,22.91亿,270.73
43,204,603602,纵横通信,16.94,3.86,0.63,-0.06,10.17,2.1,7.66,3.99亿,2.29亿,38.83亿,137.46
44,205,000553,安道麦A,6.81,10.02,0.62,0.0,0.61,0.55,9.53,0.89亿,21.77亿,148.26亿,--
45,206,000777,中核科技,18.07,3.55,0.62,0.0,4.31,2.04,3.32,2.95亿,3.83亿,69.28亿,44.91
46,207,300558,贝达药业,55.2,1.14,0.62,0.0,1.19,1.02,3.92,2.73亿,4.17亿,230.28亿,41.62
47,208,300629,新劲刚,22.99,2.77,0.62,-0.04,7.02,2.08,3.93,3.45亿,2.12亿,48.65亿,38.45
48,209,688143,长盈通,23.7,2.69,0.62,-0.13,2.93,0.94,5.59,0.66亿,0.95亿,22.40亿,--
49,210,000048,京基智农,17.57,3.6,0.61,0.0,0.9,1.16,4.42,0.82亿,5.27亿,92.55亿,11.62
50,211,002746,仙坛股份,6.67,10.07,0.61,0.0,5.18,3.43,10.4,2.40亿,7.10亿,47.34亿,38.45
51,212,300751,迈为股份,107.7,0.57,0.61,-0.02,1.21,0.92,4.29,2.53亿,1.93亿,208.24亿,29.75
52,213,600590,泰豪科技,6.69,10.03,0.61,0.0,8.94,2.01,3.78,5.02亿,8.44亿,56.43亿,--
53,214,601226,华电科工,6.71,10.0,0.61,0.0,3.17,4.77,10.33,2.42亿,11.62亿,77.99亿,54.55
54,215,688115,思林杰,43.91,1.41,0.61,-0.16,2.42,0.96,3.3,0.44亿,0.42亿,18.50亿,445.09
55,216,870866,绿亨科技,7.71,8.59,0.61,0.0,5.94,2.15,10.14,0.43亿,0.95亿,7.31亿,32.07
56,217,872374,云里物里,27.41,2.28,0.61,0.0,5.01,1.46,8.06,0.47亿,0.34亿,9.23亿,76.28
57,218,000534,万泽股份,13.33,4.71,0.6,0.0,7.0,2.61,7.86,4.73亿,5.00亿,66.59亿,36.75
58,219,002653,海思科,33.82,1.81,0.6,0.0,0.71,1.56,2.83,1.29亿,5.33亿,180.42亿,74.40
59,220,688100,威胜信息,39.0,1.56,0.6,0.0,0.67,1.5,3.85,1.28亿,4.92亿,191.76亿,34.04
60,31,300857,协创数据,100.6,2.55,2.5,-0.33,3.94,0.69,4.09,9.69亿,2.45亿,246.03亿,33.22
61,32,603678,火炬电子,32.17,8.35,2.48,-0.06,3.69,3.4,5.02,5.48亿,4.58亿,147.45亿,48.94
62,33,301326,捷邦科技,74.75,3.32,2.4,0.09,10.15,1.67,7.84,2.10亿,0.27亿,20.09亿,5350.27
63,34,688297,中无人机,43.25,5.88,2.4,-0.05,5.9,2.94,7.22,6.90亿,2.72亿,117.48亿,--
64,35,832522,纳科诺尔,54.9,4.51,2.37,0.0,5.41,0.86,5.33,2.65亿,0.92亿,50.30亿,30.62
65,36,688563,航材股份,57.4,4.29,2.36,-0.1,2.44,2.27,5.5,1.61亿,1.15亿,66.12亿,44.44
66,37,301205,联特科技,82.4,2.87,2.3,0.0,11.93,1.56,6.38,6.62亿,0.68亿,56.00亿,128.79
67,38,688147,微导纳米,29.37,8.46,2.29,0.27,9.46,3.37,12.63,2.63亿,0.98亿,28.69亿,66.87
68,39,605499,东鹏饮料,243.86,0.92,2.23,-0.3,0.2,1.0,2.14,2.56亿,5.20亿,1268.10亿,35.13
69,40,300033,同花顺,308.98,0.69,2.11,0.0,6.88,1.55,6.19,57.89亿,2.73亿,845.03亿,191.38
70,61,688090,瑞松科技,37.45,4.17,1.5,-0.05,5.45,1.74,7.07,1.91亿,0.94亿,35.28亿,621.38
71,62,688085,三友医疗,21.0,7.64,1.49,-0.29,1.2,2.03,9.38,0.62亿,2.48亿,52.18亿,456.58
72,63,600363,联创光电,50.0,3.03,1.47,0.0,3.9,1.43,8.57,8.99亿,4.55亿,227.61亿,50.89
73,64,688012,中微公司,197.35,0.73,1.44,-0.02,2.5,1.51,5.96,31.12亿,6.22亿,1228.23亿,100.90
74,65,002594,比亚迪,286.28,0.5,1.42,0.0,0.68,0.83,1.6,22.50亿,11.62亿,3327.88亿,24.75
75,66,301380,挖金客,48.6,2.97,1.4,0.0,14.18,1.13,6.78,2.07亿,0.30亿,14.66亿,73.10
76,67,688185,康希诺,59.98,2.39,1.4,0.0,1.5,1.28,4.34,1.03亿,1.15亿,68.84亿,--
77,68,300866,安克创新,97.52,1.45,1.39,0.0,1.36,0.88,3.02,3.93亿,2.96亿,289.05亿,26.41
78,69,300960,通业科技,27.93,5.24,1.39,0.04,11.24,1.59,10.1,2.82亿,0.93亿,25.97亿,68.24
79,70,688239,航宇科技,38.84,3.57,1.34,0.08,2.91,1.76,3.41,1.66亿,1.47亿,56.98亿,29.19
80,161,301221,光庭信息,50.55,1.57,0.78,0.1,9.2,1.41,6.79,2.02亿,0.44亿,22.06亿,320.40
81,162,600694,大商股份,25.97,3.1,0.78,-0.19,5.58,1.18,6.31,4.54亿,3.13亿,81.30亿,11.48
82,163,688981,中芯国际,97.51,0.81,0.78,0.0,5.76,0.98,6.08,113.79亿,19.88亿,1938.85亿,215.53
83,164,301179,泽宇智能,20.38,3.93,0.77,0.0,18.33,2.22,5.76,3.13亿,0.86亿,17.52亿,38.97
84,165,301396,宏景科技,27.71,2.82,0.76,0.04,6.95,1.08,6.31,0.98亿,0.51亿,14.12亿,--
85,166,002334,英威腾,8.29,9.95,0.75,0.0,8.93,3.38,3.45,5.31亿,7.20亿,59.70亿,32.99
86,167,300750,宁德时代,262.0,0.29,0.75,0.12,0.62,1.2,3.22,63.38亿,39.03亿,10224.70亿,24.04
87,168,301217,铜冠铜箔,11.33,7.09,0.75,-0.09,12.03,5.84,17.86,3.18亿,2.29亿,25.95亿,--
88,169,301382,蜂助手,28.45,2.71,0.75,0.0,7.86,0.84,6.82,3.05亿,1.37亿,38.89亿,51.30
89,170,688156,路德环境,13.88,5.71,0.75,0.22,2.79,1.26,8.22,0.39亿,1.01亿,13.98亿,--
90,121,300941,创识科技,29.45,3.3,0.94,0.27,40.68,1.91,17.33,14.49亿,1.21亿,35.72亿,159.81
91,122,301187,欧圣电气,34.37,2.81,0.94,0.15,8.9,0.87,6.19,1.45亿,0.48亿,16.45亿,25.50
92,123,002387,维信诺,10.18,10.05,0.93,0.0,2.65,1.67,10.49,3.65亿,13.95亿,141.99亿,--
93,124,300085,银之杰,41.8,2.28,0.93,0.02,8.03,1.21,5.5,21.29亿,6.35亿,265.37亿,--
94,125,688622,禾信仪器,61.69,1.53,0.93,-0.5,1.41,0.68,5.09,0.62亿,0.70亿,43.18亿,--
95,126,688768,容知日新,36.58,2.61,0.93,-0.25,0.92,1.25,4.38,0.27亿,0.82亿,29.86亿,882.49
96,127,605020,永和股份,20.95,4.59,0.92,0.14,5.54,2.74,6.99,4.43亿,3.78亿,79.26亿,40.67
97,128,688266,泽璟制药,62.62,1.49,0.92,0.0,0.6,0.94,3.27,0.99亿,2.65亿,165.76亿,--
98,129,301019,宁波色母,18.3,5.23,0.91,-0.16,6.7,1.65,15.41,1.35亿,1.11亿,20.33亿,32.17
99,130,301077,星华新材,26.85,3.51,0.91,0.0,17.84,3.83,8.79,2.10亿,0.43亿,11.51亿,22.81
100,151,001328,登康口腔,32.08,2.66,0.83,0.0,3.58,0.78,4.0,0.49亿,0.43亿,13.81亿,35.12
101,152,002119,康强电子,16.75,5.21,0.83,0.0,27.55,2.35,10.62,17.67亿,3.75亿,62.86亿,59.36
102,153,688611,杭州柯林,34.16,2.49,0.83,0.0,0.53,0.83,5.01,0.20亿,1.10亿,37.43亿,86.54
103,154,301005,超捷股份,31.8,2.65,0.82,0.0,5.97,2.22,3.1,2.52亿,1.32亿,42.09亿,126.17
104,155,603045,福达合金,13.05,6.62,0.81,-0.08,6.25,2.57,10.13,1.10亿,1.35亿,17.68亿,31.89
105,156,300956,英力股份,21.66,3.79,0.79,-0.18,25.07,1.21,8.15,4.82亿,0.90亿,19.39亿,473.2
106,157,000738,航发控制,22.27,3.63,0.78,0.05,1.92,3.62,4.28,5.60亿,13.15亿,292.89亿,34.93
107,158,000893,亚钾国际,21.56,3.75,0.78,0.0,1.49,1.81,6.4,2.61亿,8.12亿,175.03亿,28.98
108,159,301070,开勒股份,56.98,1.39,0.78,0.09,5.27,0.71,5.34,1.28亿,0.43亿,24.22亿,330.57
109,160,301208,中亦科技,36.17,2.2,0.78,0.0,5.63,1.25,5.57,0.90亿,0.44亿,15.93亿,60.13
110,261,300113,顺网科技,17.2,3.18,0.53,0.18,9.41,1.01,7.62,8.55亿,5.29亿,90.97亿,42.21
111,262,301043,绿岛风,28.86,1.87,0.53,-0.04,2.82,0.76,3.25,0.19亿,0.23亿,6.64亿,18.24
112,263,301502,华阳智能,47.09,1.14,0.53,0.11,15.13,0.93,3.42,1.01亿,0.14亿,6.72亿,80.02
113,264,603267,鸿远电子,39.61,1.36,0.53,0.0,1.42,1.31,2.81,1.32亿,2.31亿,91.53亿,53.88
114,265,688382,益方生物,12.4,4.46,0.53,0.0,2.77,0.96,7.58,1.37亿,4.00亿,49.56亿,--
115,266,600584,长电科技,40.45,1.3,0.52,0.0,5.29,1.59,4.61,38.39亿,17.89亿,723.82亿,50.44
116,267,601231,环旭电子,16.45,3.26,0.52,0.06,1.85,1.51,5.84,6.66亿,21.89亿,360.01亿,20.82
117,268,605123,派克新材,56.04,0.94,0.52,0.07,1.01,0.81,2.11,0.69亿,1.21亿,67.90亿,20.62
118,269,688678,福立旺,15.49,3.47,0.52,-0.07,4.2,1.32,8.28,1.57亿,2.43亿,37.67亿,43.35
119,270,000811,冰轮环境,12.07,4.41,0.51,0.0,5.89,1.51,6.23,5.20亿,7.46亿,90.02亿,14.59
120,291,688646,逸飞激光,32.95,1.48,0.48,0.0,1.59,0.83,2.34,0.29亿,0.56亿,18.50亿,42.31
121,292,000429,粤高速A,14.0,3.47,0.47,0.14,0.92,1.16,3.7,1.64亿,13.03亿,182.47亿,16.18
122,293,002163,海南发展,9.92,4.97,0.47,0.0,4.16,0.95,8.04,3.31亿,8.04亿,79.71亿,--
123,294,002838,道恩股份,12.2,4.01,0.47,0.0,1.21,1.62,6.39,0.57亿,3.90亿,47.61亿,41.74
124,295,300484,蓝海华腾,21.99,2.18,0.47,-0.05,7.71,1.3,3.72,2.81亿,1.64亿,36.14亿,164.06
125,296,300889,爱克股份,14.09,3.45,0.47,0.43,4.14,1.06,6.75,0.57亿,0.98亿,13.77亿,--
126,297,000533,顺钠股份,5.01,10.11,0.46,0.0,2.14,0.78,0.0,0.73亿,6.85亿,34.31亿,36.41
127,298,000733,振华科技,43.67,1.06,0.46,0.09,1.82,1.37,2.08,4.42亿,5.54亿,241.83亿,28.16
128,299,002062,宏润建设,5.07,9.98,0.46,0.0,6.3,5.99,10.63,3.14亿,9.90亿,50.19亿,18.85
129,300,300505,川金诺,15.03,3.16,0.46,-0.13,4.11,1.34,4.25,1.33亿,2.17亿,32.67亿,28.05
130,271,002271,东方雨虹,13.85,3.82,0.51,0.0,3.89,1.66,4.8,10.37亿,19.32亿,267.61亿,19.81
131,272,688227,品高股份,27.12,1.92,0.51,-0.15,2.85,0.8,7.48,0.49亿,0.63亿,17.13亿,--
132,273,301232,飞沃科技,26.25,1.94,0.5,0.19,3.29,1.09,5.32,0.39亿,0.45亿,11.73亿,--
133,274,688125,安达智能,40.5,1.25,0.5,-0.1,1.86,0.86,5.97,0.17亿,0.22亿,8.84亿,--
134,275,688550,瑞联新材,32.03,1.59,0.5,0.0,1.62,0.95,2.89,0.90亿,1.75亿,55.97亿,22.65
135,276,834062,科润智控,7.78,6.87,0.5,0.0,7.99,2.68,10.44,0.80亿,1.29亿,10.07亿,41.62
136,277,836892,广咨国际,11.45,4.57,0.5,0.0,1.21,1.75,5.57,0.18亿,1.34亿,15.29亿,25.27
137,278,002847,盐津铺子,60.66,0.81,0.49,0.02,1.35,0.58,3.41,2.01亿,2.45亿,148.45亿,25.18
138,279,300255,常山药业,20.31,2.47,0.49,0.0,2.35,0.65,5.55,4.39亿,9.16亿,186.02亿,1920.36
139,280,300502,新易盛,129.42,0.38,0.49,0.01,3.93,0.81,4.56,32.13亿,6.30亿,815.60亿,41.80
140,141,300900,广联航空,22.39,3.99,0.86,0.86,8.89,3.01,12.54,4.47亿,2.18亿,48.76亿,97.10
141,142,600760,中航沈飞,50.46,1.73,0.86,-0.08,1.57,2.4,4.6,22.10亿,27.45亿,1384.99亿,57.37
142,143,688256,寒武纪,652.1,0.13,0.86,-0.06,1.51,0.79,3.1,41.51亿,4.17亿,2722.24亿,--
143,144,002130,沃尔核材,29.22,3.0,0.85,0.1,19.78,1.47,5.22,72.03亿,12.49亿,365.00亿,42.15
144,145,301533,威马农机,31.44,2.78,0.85,-0.03,7.25,1.05,4.41,0.63亿,0.28亿,8.74亿,38.66
145,146,603198,迎驾贡酒,54.16,1.59,0.85,0.0,0.84,1.3,3.71,3.62亿,8.00亿,433.28亿,16.20
146,147,000936,华西股份,9.25,9.99,0.84,0.0,17.34,1.45,12.72,13.57亿,8.86亿,81.94亿,47.67
147,148,300722,新余国科,28.46,3.04,0.84,0.0,3.26,2.86,4.89,2.57亿,2.77亿,78.76亿,89.84
148,149,301035,润丰股份,49.23,1.74,0.84,0.0,0.53,2.88,5.75,0.75亿,2.80亿,138.00亿,30.35
149,150,836961,西磁科技,29.96,2.88,0.84,0.0,13.56,1.35,6.83,0.83亿,0.21亿,6.18亿,89.83
150,321,002901,大博医疗,31.44,1.42,0.44,-0.1,0.3,0.95,2.45,0.27亿,2.89亿,90.71亿,40.7
151,322,600114,东睦股份,17.06,2.65,0.44,-0.06,5.26,1.75,4.87,5.47亿,6.16亿,105.16亿,28.51
152,323,601952,苏垦农发,10.3,4.46,0.44,0.0,2.2,4.82,5.38,3.09亿,13.78亿,141.93亿,23.33
153,324,603393,新天然气,29.42,1.52,0.44,0.0,1.91,1.55,2.97,2.34亿,4.23亿,124.31亿,10.61
154,325,603395,红四方,53.15,0.83,0.44,0.0,16.23,0.78,3.7,3.49亿,0.40亿,21.45亿,71.28
155,326,002338,奥普光电,39.8,1.09,0.43,-0.03,2.59,1.25,3.02,2.49亿,2.40亿,95.52亿,157.81
156,327,002631,德尔未来,4.75,9.95,0.43,0.0,5.46,1.04,10.65,1.89亿,7.60亿,36.08亿,2160.27
157,328,002664,信质集团,14.54,3.05,0.43,0.0,4.83,1.87,4.68,2.78亿,4.02亿,58.41亿,51.0
158,329,301091,深城交,50.56,0.86,0.43,0.0,5.02,1.34,5.17,7.35亿,2.84亿,143.55亿,259.83
159,330,600416,湘电股份,11.27,3.97,0.43,-0.09,2.33,2.65,5.07,3.47亿,13.25亿,149.37亿,66.76
160,71,002223,鱼跃医疗,36.95,3.73,1.33,0.0,1.21,1.49,4.27,4.16亿,9.39亿,346.84亿,18.14
161,72,301556,托普云农,93.33,1.45,1.33,0.01,13.39,1.13,4.74,2.30亿,0.18亿,17.12亿,77.93
162,73,688311,盟升电子,34.58,4.0,1.33,0.0,2.69,1.67,5.59,1.54亿,1.65亿,57.03亿,--
163,74,688027,国盾量子,325.0,0.41,1.32,0.0,3.04,1.04,4.69,8.09亿,0.80亿,261.22亿,--
164,75,831087,秋乐种业,12.96,11.24,1.31,0.0,10.08,3.21,19.91,2.07亿,1.61亿,20.88亿,174.25
165,76,603099,长白山,44.29,3.02,1.3,-0.02,7.47,1.24,6.75,8.87亿,2.67亿,118.11亿,59.92
166,77,002045,国光电器,22.74,6.01,1.29,-0.22,29.41,1.48,11.98,38.24亿,5.62亿,127.76亿,39.30
167,78,688289,圣湘生物,23.8,5.73,1.29,-0.21,2.58,2.35,6.75,3.56亿,5.82亿,138.61亿,53.19
168,79,300910,瑞丰新材,46.67,2.73,1.24,-0.13,1.75,2.04,5.15,1.68亿,2.05亿,95.47亿,20.42
169,80,300469,信息发展,24.33,5.33,1.23,-0.08,10.8,1.11,6.45,6.43亿,2.48亿,60.40亿,--
170,101,831855,浙江大农,17.42,6.67,1.09,0.0,15.97,1.67,11.82,0.73亿,0.26亿,4.61亿,38.93
171,102,301120,新特电气,10.34,11.66,1.08,-0.1,25.77,7.89,18.36,4.28亿,1.57亿,16.28亿,253.47
172,103,301459,丰茂股份,42.8,2.59,1.08,1.18,13.06,1.25,3.96,1.10亿,0.20亿,8.56亿,21.84
173,104,300902,国安达,24.84,4.46,1.06,0.04,6.53,1.28,7.82,1.98亿,1.23亿,30.53亿,--
174,105,688253,英诺特,38.48,2.83,1.06,-0.31,2.97,1.37,4.41,0.78亿,0.69亿,26.48亿,16.10
175,106,000998,隆平高科,11.55,10.0,1.05,0.0,6.65,4.73,10.48,9.84亿,13.15亿,151.89亿,--
176,107,603786,科博达,64.8,1.65,1.05,-0.02,0.49,0.84,3.53,1.27亿,4.02亿,260.75亿,32.36
177,108,002117,东港股份,11.32,10.01,1.03,0.0,14.41,2.18,9.13,8.35亿,5.24亿,59.27亿,55.43
178,109,301313,凡拓数创,23.74,4.54,1.03,0.17,15.58,1.42,12.33,2.48亿,0.67亿,15.83亿,--
179,110,688107,安路科技,33.11,3.21,1.03,0.36,2.67,2.07,13.06,3.61亿,4.01亿,132.72亿,--
180,231,301068,大地海洋,31.45,1.88,0.58,0.03,1.09,0.83,9.1,0.38亿,1.09亿,34.26亿,53.32
181,232,301586,佳力奇,59.99,0.98,0.58,0.0,23.58,2.27,3.84,2.82亿,0.20亿,11.80亿,47.50
182,233,688386,泛亚微透,31.21,1.89,0.58,-0.13,0.64,1.19,4.24,0.14亿,0.70亿,21.85亿,24.60
183,234,688633,星球石墨,28.55,2.07,0.58,-0.04,2.12,1.43,3.9,0.86亿,1.44亿,41.04亿,31.60
184,235,300045,华力创通,22.37,2.62,0.57,-0.05,6.08,2.03,3.58,6.64亿,4.86亿,108.69亿,--
185,236,300189,神农种业,4.06,16.33,0.57,0.0,24.18,1.94,19.48,8.24亿,8.86亿,35.98亿,--
186,237,300917,特发服务,51.71,1.11,0.57,0.0,2.63,1.06,3.32,2.31亿,1.69亿,87.39亿,80.02
187,238,300937,药易购,26.25,2.22,0.57,0.23,3.79,0.9,4.36,0.62亿,0.63亿,16.45亿,135.19
188,239,300967,晓鸣股份,12.42,4.81,0.57,0.0,6.44,1.5,7.85,1.00亿,1.25亿,15.50亿,--
189,240,600354,敦煌种业,6.25,10.04,0.57,0.0,11.55,2.49,10.92,3.69亿,5.28亿,32.99亿,137.56
190,181,688293,奥浦迈,38.3,1.92,0.72,0.37,0.41,0.85,3.46,0.12亿,0.79亿,30.12亿,121.05
191,182,300776,帝尔激光,64.49,1.1,0.7,0.05,3.44,1.83,4.36,3.72亿,1.67亿,107.78亿,34.45
192,183,301388,欣灵电气,24.1,2.99,0.7,-0.04,11.77,0.99,4.83,0.78亿,0.27亿,6.59亿,174.09
193,184,301525,儒竞科技,62.4,1.14,0.7,-0.14,2.7,1.19,4.72,0.83亿,0.49亿,30.83亿,29.66
194,185,600449,宁夏建材,15.01,4.89,0.7,0.0,5.3,1.1,5.94,3.77亿,4.78亿,71.78亿,31.51
195,186,605208,永茂泰,7.74,9.94,0.7,0.0,1.92,1.47,9.09,0.48亿,3.30亿,25.54亿,53.28
196,187,831689,克莱特,19.62,3.7,0.7,0.0,8.86,2.7,12.0,0.62亿,0.35亿,6.87亿,22.48
197,188,834014,特瑞斯,11.05,6.76,0.7,0.0,4.06,1.45,7.25,0.20亿,0.46亿,5.11亿,25.95
198,189,002792,通宇通讯,16.09,4.48,0.69,0.12,11.5,2.31,5.46,5.69亿,3.14亿,50.49亿,122.44
199,190,301389,隆扬电子,17.68,4.06,0.69,-0.28,12.55,2.7,8.24,1.81亿,0.82亿,14.51亿,71.39
200,281,301163,宏德股份,22.3,2.25,0.49,0.09,5.46,0.64,1.79,0.40亿,0.33亿,7.46亿,71.31
201,282,301499,维科精密,27.29,1.83,0.49,0.07,8.87,1.12,5.97,0.85亿,0.35亿,9.43亿,93.55
202,283,600418,江淮汽车,39.46,1.26,0.49,0.0,3.52,1.04,3.62,30.39亿,21.84亿,861.81亿,103.40
203,284,603119,浙江荣泰,22.8,2.2,0.49,0.04,4.06,1.38,4.93,1.90亿,2.04亿,46.48亿,37.35
204,285,688638,誉辰智能,28.99,1.72,0.49,-0.03,1.34,0.9,3.37,0.09亿,0.22亿,6.40亿,--
205,286,300059,东方财富,26.55,1.84,0.48,0.0,5.07,1.89,4.68,179.58亿,133.59亿,3546.89亿,52.03
206,287,300115,长盈精密,16.7,2.96,0.48,0.0,6.5,1.3,5.92,14.77亿,13.52亿,225.75亿,28.58
207,288,300529,健帆生物,30.21,1.61,0.48,0.03,0.92,1.22,2.83,1.42亿,5.12亿,154.82亿,22.86
208,289,603050,科林电气,21.38,2.3,0.48,-0.19,0.97,1.28,4.07,0.56亿,2.73亿,58.26亿,29.34
209,290,688636,智明达,29.9,1.63,0.48,-0.33,2.67,1.64,7.24,0.92亿,1.13亿,33.64亿,--
210,221,688157,松井股份,42.55,1.43,0.6,0.0,0.63,1.38,5.27,0.30亿,1.12亿,47.54亿,50.06
211,222,688198,佰仁医疗,111.61,0.54,0.6,0.1,0.16,0.96,2.84,0.24亿,1.37亿,153.35亿,195.95
212,223,300290,荣科科技,19.93,3.05,0.59,-0.15,6.21,1.55,8.17,8.01亿,6.39亿,127.40亿,--
213,224,301189,奥尼电子,25.09,2.41,0.59,-0.08,4.81,0.86,4.65,0.49亿,0.41亿,10.26亿,--
214,225,603063,禾望电气,20.88,2.91,0.59,-0.05,4.17,1.2,4.63,3.87亿,4.44亿,92.69亿,27.44
215,226,688433,华曙高科,22.57,2.68,0.59,-0.04,2.31,1.53,5.05,0.97亿,1.88亿,42.37亿,160.07
216,227,000151,中成股份,14.28,4.23,0.58,-0.07,3.57,1.14,7.45,1.57亿,3.08亿,43.97亿,--
217,228,002179,中航光电,39.8,1.48,0.58,0.0,1.14,2.02,3.31,9.43亿,20.64亿,821.36亿,25.18
218,229,002768,国恩股份,23.83,2.5,0.58,0.0,2.26,1.03,3.79,0.95亿,1.77亿,42.12亿,10.58
219,230,002831,裕同科技,27.51,2.15,0.58,0.04,1.29,1.32,5.01,1.86亿,5.21亿,143.32亿,17.23
220,251,000049,德赛电池,24.54,2.25,0.54,-0.04,2.5,1.91,4.38,2.36亿,3.84亿,94.36亿,32.01
221,252,002783,凯龙股份,8.91,6.45,0.54,0.0,12.55,4.2,10.04,4.94亿,4.39亿,39.15亿,29.83
222,253,300567,精测电子,69.1,0.79,0.54,-0.01,4.05,1.17,5.97,5.75亿,2.03亿,140.12亿,172.78
223,254,301059,金三江,12.81,4.4,0.54,0.0,5.77,1.06,8.96,1.47亿,2.07亿,26.48亿,58.95
224,255,600313,农发种业,7.27,8.02,0.54,0.0,8.23,2.44,9.81,6.34亿,10.82亿,78.68亿,106.57
225,256,601156,东航物流,17.17,3.25,0.54,-0.06,1.75,1.64,3.49,2.82亿,9.45亿,162.19亿,9.89
226,257,603508,思维列控,24.85,2.22,0.54,0.0,2.64,1.47,3.95,2.49亿,3.81亿,94.75亿,21.68
227,258,603530,神马电力,25.18,2.19,0.54,-0.04,0.62,0.88,3.49,0.66亿,4.28亿,107.69亿,37.86
228,259,873169,七丰精工,15.0,3.73,0.54,0.0,14.3,3.64,15.91,1.19亿,0.51亿,7.63亿,116.51
229,260,002850,科达利,98.03,0.54,0.53,-0.07,1.5,1.03,3.3,2.83亿,1.93亿,189.23亿,19.59
230,241,600511,国药股份,34.71,1.67,0.57,0.0,0.57,0.91,2.37,1.09亿,5.53亿,192.07亿,13.26
231,242,600563,法拉电子,119.53,0.48,0.57,-0.01,1.02,1.14,1.76,2.72亿,2.25亿,268.94亿,26.04
232,243,600660,福耀玻璃,61.64,0.93,0.57,0.0,0.52,0.87,2.21,6.33亿,20.03亿,1234.64亿,22.02
233,244,600973,宝胜股份,6.29,9.96,0.57,0.0,13.86,0.99,3.32,11.94亿,13.71亿,86.26亿,258.91
234,245,301372,科净源,21.26,2.71,0.56,0.43,3.39,0.76,3.62,0.29亿,0.41亿,8.69亿,--
235,246,002292,奥飞娱乐,9.49,6.15,0.55,-0.11,17.77,1.48,10.18,16.98亿,10.18亿,96.60亿,147.73
236,247,301193,家联科技,17.1,3.32,0.55,-0.12,2.19,1.84,6.71,0.36亿,0.96亿,16.46亿,36.68
237,248,301337,亚华电子,31.0,1.81,0.55,0.1,4.87,0.86,3.25,0.58亿,0.39亿,12.04亿,--
238,249,600885,宏发股份,31.63,1.77,0.55,-0.06,0.68,1.44,3.44,2.23亿,10.43亿,329.80亿,19.48
239,250,603087,甘李药业,45.15,1.23,0.55,0.04,0.79,1.06,2.53,1.96亿,5.54亿,250.09亿,40.12
240,191,688669,聚石化学,14.96,4.83,0.69,0.0,1.25,1.33,5.68,0.22亿,1.21亿,18.15亿,--
241,192,000713,丰乐种业,7.5,9.97,0.68,0.0,8.04,2.53,10.7,3.63亿,6.14亿,46.05亿,--
242,193,002297,博云新材,7.44,10.06,0.68,0.0,9.67,5.7,7.99,4.06亿,5.73亿,42.64亿,--
243,194,688110,东芯股份,27.18,2.57,0.68,-0.11,7.04,1.47,6.64,8.58亿,4.42亿,120.20亿,--
244,195,300943,春晖智控,13.02,5.42,0.67,0.0,6.4,2.72,11.34,1.13亿,1.34亿,17.49亿,50.42
245,196,600598,北大荒,15.05,4.66,0.67,0.0,2.71,3.37,5.01,7.14亿,17.78亿,267.54亿,14.89
246,197,600750,江中药业,22.22,3.11,0.67,0.05,1.96,1.73,3.94,2.70亿,6.27亿,139.35亿,16.53
247,198,002560,通达股份,7.26,10.0,0.66,0.0,4.6,1.57,0.0,1.51亿,4.53亿,32.88亿,39.76
248,199,603416,信捷电气,42.41,1.56,0.65,0.12,2.2,1.22,4.29,1.31亿,1.41亿,59.61亿,25.66
249,200,000768,中航西飞,26.72,2.45,0.64,0.11,1.2,2.46,2.38,8.87亿,27.69亿,739.78亿,59.07
250,351,301150,中一科技,22.27,1.88,0.41,0.18,2.44,1.76,6.27,0.51亿,0.92亿,20.59亿,--
251,352,301234,五洲医疗,26.21,1.59,0.41,0.12,5.0,0.89,3.1,0.24亿,0.18亿,4.83亿,38.93
252,353,603583,捷昌驱动,26.21,1.59,0.41,0.0,5.25,1.4,5.0,5.29亿,3.82亿,100.19亿,25.71
253,354,001359,平安电工,26.84,1.51,0.4,-0.11,8.01,0.73,3.06,0.99亿,0.46亿,12.45亿,22.81
254,355,300073,当升科技,41.7,0.97,0.4,0.0,1.93,0.99,2.57,4.06亿,5.05亿,210.74亿,34.12
255,356,300761,立华股份,20.11,2.03,0.4,-0.05,1.22,1.21,3.7,1.47亿,6.05亿,121.64亿,10.75
256,357,300928,华安鑫创,34.0,1.19,0.4,0.09,1.63,0.66,3.96,0.29亿,0.53亿,18.02亿,--
257,358,430476,海能技术,9.98,4.17,0.4,0.0,3.02,0.77,6.37,0.18亿,0.63亿,6.26亿,--
258,359,600298,安琪酵母,36.37,1.11,0.4,-0.03,0.51,0.8,2.0,1.57亿,8.54亿,310.78亿,24.86
259,360,603069,海汽集团,18.97,2.15,0.4,0.0,2.07,0.96,4.63,1.24亿,3.16亿,59.95亿,--
260,621,600177,雅戈尔,8.87,2.78,0.24,0.0,0.92,1.05,3.48,3.75亿,46.23亿,410.10亿,12.24
261,622,603285,键邦股份,23.73,1.02,0.24,0.04,8.36,1.13,3.36,0.77亿,0.39亿,9.30亿,21.92
262,623,603373,安邦护卫,31.22,0.78,0.24,-0.06,1.67,0.55,1.13,0.24亿,0.45亿,14.18亿,29.25
263,624,603899,晨光股份,30.6,0.79,0.24,-0.2,0.54,0.81,2.4,1.51亿,9.24亿,282.69亿,20.75
264,625,832469,富恒新材,13.0,1.88,0.24,0.0,6.42,0.73,5.09,0.81亿,0.98亿,12.73亿,29.18
265,626,920060,万源通,31.43,0.77,0.24,0.0,7.63,0.98,5.64,0.72亿,0.30亿,9.32亿,38.36
266,627,001367,海森药业,28.17,0.82,0.23,0.14,3.32,0.46,2.36,0.24亿,0.26亿,7.37亿,24.94
267,628,002249,大洋电机,6.06,3.94,0.23,-0.17,7.72,2.85,6.17,8.47亿,18.28亿,110.79亿,16.53
268,629,002354,天娱数科,6.11,3.91,0.23,0.0,19.28,0.86,7.99,19.14亿,16.18亿,98.88亿,--
269,630,002925,盈趣科技,16.29,1.43,0.23,0.0,3.17,0.85,3.67,3.74亿,7.36亿,119.92亿,55.22
270,331,603566,普莱柯,13.35,3.33,0.43,0.3,1.77,1.06,5.19,0.81亿,3.46亿,46.20亿,32.60
271,332,603881,数据港,19.59,2.24,0.43,0.0,10.45,1.74,8.25,12.40亿,5.99亿,117.28亿,83.70
272,333,688246,嘉和美康,26.12,1.67,0.43,0.08,1.17,0.61,3.74,0.31亿,1.01亿,26.36亿,--
273,334,688526,科前生物,14.9,2.97,0.43,0.0,0.57,2.01,5.53,0.40亿,4.66亿,69.45亿,19.99
274,335,002668,TCL智家,12.58,3.45,0.42,0.0,2.55,1.13,5.76,3.45亿,10.84亿,136.38亿,12.40
275,336,301259,艾布鲁,49.05,0.86,0.42,0.1,3.27,1.03,2.88,1.31亿,0.81亿,39.91亿,--
276,337,301353,普莱得,28.7,1.49,0.42,0.04,5.28,0.55,4.35,0.38亿,0.25亿,7.17亿,29.53
277,338,600072,中船科技,14.94,2.89,0.42,0.07,7.98,1.03,5.03,12.84亿,10.83亿,161.85亿,--
278,339,600299,安迪苏,11.95,3.64,0.42,-0.17,0.45,1.75,3.21,1.43亿,26.82亿,320.49亿,23.96
279,340,601702,华峰铝业,18.92,2.27,0.42,0.05,0.59,1.42,2.65,1.11亿,9.99亿,188.92亿,16.33
280,561,000568,泸州老窖,129.55,0.2,0.26,0.0,0.56,0.98,1.49,10.55亿,14.67亿,1900.87亿,12.34
281,562,002385,大北农,4.53,6.09,0.26,0.0,4.32,3.55,8.9,6.43亿,33.13亿,150.06亿,109.46
282,563,002601,龙佰集团,17.51,1.51,0.26,0.0,1.14,1.52,3.83,3.93亿,19.89亿,348.21亿,12.22
283,564,002915,中欣氟材,13.8,1.92,0.26,0.0,11.97,1.41,6.94,4.75亿,2.88亿,39.79亿,--
284,565,300203,聚光科技,15.76,1.68,0.26,-0.06,1.9,0.99,4.77,1.35亿,4.48亿,70.66亿,45.08
285,566,300413,芒果超媒,27.99,0.94,0.26,0.04,0.98,0.8,2.78,2.79亿,10.22亿,285.97亿,27.19
286,567,300627,华测导航,41.61,0.63,0.26,0.0,1.64,1.18,2.9,3.10亿,4.53亿,188.43亿,43.97
287,568,301089,拓新药业,29.64,0.89,0.26,0.0,2.09,0.54,3.27,0.57亿,0.91亿,26.97亿,--
288,569,301122,采纳股份,20.72,1.27,0.26,-0.1,2.59,0.64,3.81,0.24亿,0.44亿,9.17亿,33.07
289,570,301130,西点药业,26.86,0.98,0.26,0.22,0.98,0.59,2.78,0.15亿,0.58亿,15.57亿,47.78
290,491,600062,华润双鹤,20.13,1.51,0.3,0.05,1.01,1.22,2.42,2.08亿,10.27亿,206.78亿,11.23
291,492,600184,光电股份,10.77,2.87,0.3,0.19,1.67,1.37,4.58,0.91亿,5.09亿,54.79亿,3718.69
292,493,600756,浪潮软件,15.26,2.0,0.3,-0.13,2.96,1.16,4.88,1.47亿,3.24亿,49.46亿,--
293,494,600893,航发动力,41.19,0.73,0.3,-0.02,1.44,2.82,4.82,15.89亿,26.65亿,1097.76亿,113.40
294,495,603026,石大胜华,35.92,0.84,0.3,0.03,0.91,0.78,2.61,0.67亿,2.03亿,72.80亿,484.70
295,496,603308,应流股份,14.2,2.16,0.3,0.0,2.55,2.2,3.81,2.48亿,6.79亿,96.42亿,31.89
296,497,830799,艾融软件,53.5,0.56,0.3,0.0,4.8,1.2,5.66,3.14亿,1.21亿,64.58亿,196.10
297,498,830839,万通液压,16.76,1.82,0.3,0.0,1.92,0.96,6.93,0.21亿,0.65亿,10.91亿,19.84
298,499,000791,甘肃能源,6.25,4.87,0.29,0.0,2.19,2.83,5.2,2.15亿,16.01亿,100.03亿,22.04
299,500,002911,佛燃能源,12.79,2.32,0.29,0.0,0.86,2.03,3.6,1.36亿,12.48亿,159.62亿,26.72
300,311,002304,洋河股份,84.02,0.54,0.45,0.02,0.25,0.81,1.47,3.10亿,15.03亿,1262.57亿,11.07
301,312,002393,力生制药,17.92,2.58,0.45,0.0,1.55,1.19,4.01,0.71亿,2.55亿,45.77亿,20.48
302,313,301176,逸豪新材,18.16,2.54,0.45,0.0,11.24,0.86,11.01,1.16亿,0.56亿,10.23亿,--
303,314,301263,泰恩康,15.46,3.0,0.45,0.13,2.14,1.14,4.46,0.86亿,2.63亿,40.66亿,42.41
304,315,301306,西测测试,39.65,1.15,0.45,-0.03,4.58,1.08,5.54,0.72亿,0.39亿,15.57亿,--
305,316,603191,望变电气,13.19,3.53,0.45,0.0,10.19,2.78,3.77,2.50亿,1.87亿,24.63亿,61.36
306,317,833284,灵鸽科技,15.68,2.96,0.45,0.0,12.69,0.87,5.84,0.89亿,0.45亿,7.12亿,--
307,318,870508,丰安股份,13.05,3.57,0.45,0.0,2.54,1.31,7.14,0.13亿,0.41亿,5.34亿,22.97
308,319,002149,西部材料,18.0,2.51,0.44,0.0,2.71,0.91,5.3,2.39亿,4.88亿,87.87亿,47.81
309,320,002714,牧原股份,39.36,1.13,0.44,-0.05,0.81,1.21,3.19,12.15亿,38.11亿,1499.90亿,15.39
310,501,300081,恒信东方,7.41,4.07,0.29,0.0,7.63,1.07,7.58,3.40亿,6.05亿,44.81亿,--
311,502,300174,元力股份,15.17,1.95,0.29,0.0,2.15,0.98,4.1,1.19亿,3.65亿,55.30亿,19.64
312,503,300723,一品红,18.76,1.57,0.29,0.0,1.0,0.57,4.06,0.80亿,4.23亿,79.32亿,--
313,504,301181,标榜股份,21.86,1.34,0.29,0.05,2.25,0.76,2.18,0.19亿,0.39亿,8.53亿,21.60
314,505,301290,东星医疗,23.84,1.23,0.29,0.17,1.49,0.99,2.93,0.24亿,0.68亿,16.25亿,27.31
315,506,301507,民生健康,13.32,2.23,0.29,-0.08,4.9,1.15,3.07,0.72亿,1.11亿,14.72亿,41.33
316,507,600012,皖通高速,16.93,1.74,0.29,0.06,0.65,1.11,3.12,1.27亿,11.66亿,197.34亿,17.25
317,508,600196,复星医药,25.51,1.15,0.29,0.0,0.56,1.24,2.22,3.02亿,21.18亿,540.43亿,25.42
318,509,600436,片仔癀,218.85,0.13,0.29,0.05,0.24,1.01,1.06,3.20亿,6.03亿,1320.36亿,36.86
319,510,600501,航天晨光,18.83,1.56,0.29,0.0,2.17,0.98,3.13,1.75亿,4.25亿,79.95亿,--
320,911,832023,田野股份,4.74,3.49,0.16,0.0,5.34,1.29,6.99,0.62亿,2.47亿,11.72亿,37.09
321,912,835438,戈碧迦,16.78,0.96,0.16,0.0,3.55,0.9,3.43,0.47亿,0.79亿,13.33亿,30.30
322,913,836547,无锡晶海,16.59,0.97,0.16,0.0,1.84,0.64,2.98,0.11亿,0.36亿,5.91亿,25.33
323,914,836957,汉维科技,10.58,1.54,0.16,0.0,1.64,0.84,3.84,0.07亿,0.43亿,4.52亿,49.83
324,915,000078,海王生物,2.88,5.5,0.15,-0.35,4.96,4.42,9.16,3.82亿,26.26亿,75.64亿,122.97
325,916,000623,吉林敖东,17.87,0.85,0.15,0.0,0.67,0.99,2.03,1.43亿,11.91亿,212.85亿,12.88
326,917,000910,大亚圣象,8.04,1.9,0.15,0.13,0.61,0.72,3.29,0.27亿,5.47亿,43.99亿,24.62
327,918,001324,长青科技,17.42,0.87,0.15,0.06,2.46,0.6,2.26,0.35亿,0.82亿,14.22亿,37.01
328,919,002047,宝鹰股份,3.28,4.79,0.15,-0.3,3.92,0.59,8.95,1.71亿,13.41亿,43.99亿,--
329,920,002088,鲁阳节能,12.88,1.18,0.15,-0.08,0.54,1.0,2.2,0.35亿,5.04亿,64.95亿,14.47
330,861,002461,珠江啤酒,9.87,1.65,0.16,-0.1,0.43,1.04,2.99,0.94亿,22.13亿,218.46亿,20.31
331,862,002588,史丹利,7.7,2.12,0.16,0.0,2.24,1.81,2.52,1.75亿,10.20亿,78.51亿,10.02
332,863,002941,新疆交建,11.94,1.36,0.16,-0.08,1.78,0.64,3.56,1.35亿,6.40亿,76.47亿,31.88
333,864,300048,合康新能,5.26,3.14,0.16,0.38,1.43,1.33,4.51,0.83亿,11.16亿,58.68亿,407.46
334,865,300094,国联水产,4.06,4.1,0.16,0.0,6.56,1.18,7.18,2.92亿,11.05亿,44.86亿,--
335,866,300233,金城医药,12.54,1.29,0.16,-0.08,1.55,0.58,2.67,0.72亿,3.70亿,46.38亿,23.90
336,867,300468,四方精创,17.14,0.94,0.16,0.0,4.39,0.6,3.3,3.98亿,5.29亿,90.65亿,129.88
337,868,300576,容大感光,48.08,0.33,0.16,-0.04,4.37,0.96,3.59,3.89亿,1.84亿,88.24亿,101.32
338,869,300639,凯普生物,6.15,2.67,0.16,0.0,1.13,0.95,4.17,0.44亿,6.35亿,39.06亿,--
339,870,300871,回盛生物,10.53,1.54,0.16,0.1,1.46,0.98,3.57,0.25亿,1.66亿,17.46亿,--
340,681,002020,京新药业,13.09,1.63,0.21,0.0,1.49,1.04,2.33,1.41亿,7.24亿,94.77亿,14.70
341,682,002140,东华科技,10.2,2.1,0.21,0.1,0.95,0.95,3.5,0.52亿,5.42亿,55.23亿,17.06
342,683,002530,金财互联,9.32,2.31,0.21,0.11,9.95,0.8,4.83,6.42亿,6.95亿,64.79亿,1702.32
343,684,002575,群兴玩具,7.45,2.9,0.21,0.0,3.58,1.0,6.22,1.55亿,5.78亿,43.08亿,--
344,685,002623,亚玛顿,15.96,1.33,0.21,0.0,0.72,0.81,2.98,0.23亿,1.99亿,31.70亿,--
345,686,300143,盈康生命,9.38,2.29,0.21,-0.11,1.06,1.43,4.58,0.64亿,6.41亿,60.16亿,63.87
346,687,300296,利亚德,7.25,2.98,0.21,0.0,13.34,0.95,6.39,21.30亿,22.07亿,160.03亿,79.34
347,688,300298,三诺生物,25.92,0.82,0.21,0.0,1.47,1.11,3.42,1.75亿,4.55亿,118.03亿,42.96
348,689,300343,联创股份,6.1,3.56,0.21,0.0,3.04,1.49,7.47,1.98亿,10.66亿,65.04亿,--
349,690,300498,温氏股份,16.96,1.25,0.21,-0.06,0.69,1.46,2.51,6.32亿,54.39亿,922.50亿,13.21
350,381,600329,达仁堂,31.38,1.23,0.38,-0.1,0.59,1.04,2.03,1.04亿,5.67亿,177.95亿,22.55
351,382,688229,博睿数据,43.68,0.88,0.38,0.07,1.74,0.56,4.73,0.34亿,0.44亿,19.39亿,--
352,383,688237,超卓航科,23.31,1.66,0.38,0.0,1.87,0.85,3.27,0.20亿,0.44亿,10.28亿,78.34
353,384,832171,志晟信息,23.22,1.66,0.38,0.0,13.5,1.66,9.46,2.07亿,0.66亿,15.29亿,--
354,385,833171,国航远洋,5.93,6.85,0.38,0.0,6.01,1.98,6.85,1.01亿,2.87亿,17.02亿,30.18
355,386,000528,柳工,11.5,3.32,0.37,0.0,2.34,1.55,4.58,3.83亿,14.43亿,165.96亿,13.19
356,387,000829,天音控股,12.8,2.98,0.37,0.08,2.96,0.86,5.79,3.87亿,10.24亿,131.09亿,475.09
357,388,002299,圣农发展,14.95,2.54,0.37,0.07,1.36,2.05,4.39,2.48亿,12.25亿,183.17亿,36.43
358,389,002670,国盛金控,13.82,2.75,0.37,0.0,6.87,1.74,5.8,15.44亿,16.23亿,224.35亿,241.31
359,390,300378,鼎捷数智,27.28,1.38,0.37,-0.07,5.92,1.03,5.87,4.43亿,2.70亿,73.55亿,111.30
360,361,688428,诺诚健华,12.56,3.29,0.4,-0.32,1.83,1.13,5.59,0.62亿,2.66亿,33.45亿,--
361,362,688510,航亚科技,17.1,2.4,0.4,-0.23,1.48,1.34,2.52,0.65亿,2.58亿,44.18亿,35.73
362,363,688776,国光电气,52.1,0.77,0.4,0.04,1.17,1.28,3.85,0.66亿,1.08亿,56.47亿,97.84
363,364,872953,国子软件,31.46,1.29,0.4,0.0,7.88,0.87,4.8,0.65亿,0.26亿,8.16亿,82.01
364,365,300907,康平科技,21.73,1.83,0.39,0.05,1.18,0.79,3.94,0.25亿,0.96亿,20.86亿,23.06
365,366,301113,雅艺科技,24.2,1.64,0.39,-0.04,1.32,0.46,3.4,0.14亿,0.42亿,10.23亿,227.15
366,367,301391,卡莱特,39.12,1.01,0.39,0.0,2.35,0.59,4.18,0.45亿,0.49亿,19.29亿,238.22
367,368,600377,宁沪高速,15.05,2.66,0.39,0.07,0.34,1.27,3.82,1.94亿,38.02亿,572.23亿,13.80
368,369,600702,舍得酒业,68.38,0.57,0.39,0.0,1.41,0.82,1.87,3.20亿,3.33亿,227.44亿,25.54
369,370,600976,健民集团,42.64,0.92,0.39,0.0,1.0,1.35,2.51,0.65亿,1.53亿,65.37亿,15.25
370,761,603681,永冠新材,13.34,1.45,0.19,-0.08,1.07,0.75,2.36,0.27亿,1.91亿,25.50亿,15.06
371,762,688098,申联生物,5.66,3.47,0.19,-0.7,0.57,0.96,5.67,0.13亿,4.11亿,23.24亿,--
372,763,688671,碧兴物联,17.87,1.07,0.19,0.0,1.25,0.57,3.05,0.10亿,0.44亿,7.85亿,--
373,764,830974,凯大催化,7.1,2.75,0.19,0.0,1.69,0.94,4.2,0.15亿,1.29亿,9.14亿,57.48
374,765,000551,创元科技,12.35,1.48,0.18,0.0,1.2,0.84,2.22,0.59亿,4.01亿,49.56亿,17.68
375,766,000554,泰山石油,6.09,3.05,0.18,0.0,3.27,1.13,3.72,0.72亿,3.63亿,22.09亿,41.19
376,767,000572,海马汽车,4.42,4.25,0.18,0.0,4.17,1.37,8.49,3.02亿,16.42亿,72.59亿,97.17
377,768,000680,山推股份,9.66,1.9,0.18,-0.1,1.15,0.71,2.85,1.44亿,13.08亿,126.35亿,16.12
378,769,000869,张裕A,23.44,0.77,0.18,0.04,0.32,1.16,1.38,0.34亿,4.55亿,106.67亿,52.74
379,770,000885,城发环境,13.4,1.36,0.18,0.08,0.58,0.87,1.89,0.49亿,6.42亿,86.04亿,7.47
380,371,603329,上海雅仕,13.4,3.0,0.39,-0.08,2.12,0.94,5.84,0.45亿,1.59亿,21.27亿,49.2
381,372,830964,润农节水,7.4,5.56,0.39,0.0,7.1,1.54,10.27,0.94亿,1.79亿,13.28亿,69.89
382,373,831195,三祥科技,11.39,3.55,0.39,0.0,2.32,1.37,5.64,0.19亿,0.71亿,8.06亿,19.61
383,374,002741,光华科技,18.1,2.15,0.38,-0.22,12.4,0.93,6.21,8.24亿,3.62亿,65.44亿,931.4
384,375,300109,新开源,16.99,2.29,0.38,0.0,3.67,1.05,3.31,2.76亿,4.48亿,76.17亿,19.84
385,376,300926,博俊科技,22.54,1.72,0.38,0.04,4.2,1.42,4.87,2.52亿,2.68亿,60.50亿,18.61
386,377,301079,邵阳液压,16.12,2.41,0.38,0.0,5.04,1.1,4.07,0.56亿,0.69亿,11.11亿,78.07
387,378,301335,天元宠物,23.03,1.68,0.38,0.09,5.17,0.74,3.18,0.59亿,0.50亿,11.49亿,39.95
388,379,301588,美新科技,20.73,1.87,0.38,0.05,4.38,0.72,2.36,0.21亿,0.24亿,4.93亿,44.56
389,380,600218,全柴动力,8.17,4.88,0.38,0.0,3.95,2.24,7.7,1.39亿,4.36亿,35.59亿,42.88
390,521,000913,钱江摩托,18.43,1.54,0.28,0.0,3.29,1.29,4.19,2.76亿,4.57亿,84.28亿,15.60
391,522,000922,佳电股份,11.33,2.53,0.28,0.0,1.77,1.69,3.26,1.17亿,5.87亿,66.52亿,24.43
392,523,001379,腾达科技,24.39,1.16,0.28,0.04,11.32,1.26,3.86,1.38亿,0.50亿,12.20亿,63.54
393,524,002198,嘉应制药,7.02,4.15,0.28,-0.14,3.54,0.99,6.23,1.25亿,5.07亿,35.63亿,929.94
394,525,002458,益生股份,9.95,2.9,0.28,0.0,2.22,1.78,4.34,1.65亿,7.49亿,74.51亿,27.47
395,526,002497,雅化集团,12.16,2.36,0.28,-0.08,1.74,1.08,5.64,2.23亿,10.54亿,128.11亿,67.98
396,527,300131,英唐智控,8.03,3.61,0.28,0.0,6.38,1.31,7.87,5.35亿,10.42亿,83.69亿,147.71
397,528,300804,广康生化,23.32,1.22,0.28,-0.17,1.82,0.73,2.69,0.12亿,0.28亿,6.41亿,54.63
398,529,600009,上海机场,35.24,0.8,0.28,0.06,0.35,0.85,1.34,2.34亿,19.19亿,676.15亿,54.73
399,530,600199,金种子酒,13.42,2.13,0.28,0.0,1.91,0.94,3.27,1.68亿,6.58亿,88.28亿,--
400,791,600285,羚锐制药,22.51,0.81,0.18,-0.09,0.99,0.62,1.84,1.25亿,5.67亿,127.66亿,16.68
401,792,600422,昆药集团,16.53,1.1,0.18,-0.06,1.1,0.59,2.75,1.37亿,7.57亿,125.13亿,24.23
402,793,600886,国投电力,16.55,1.1,0.18,0.0,0.3,0.86,2.08,3.71亿,74.54亿,1233.67亿,14.07
403,794,600887,伊利股份,30.15,0.6,0.18,0.0,0.61,1.07,1.53,11.61亿,63.34亿,1909.84亿,13.24
404,795,600894,广日股份,13.5,1.35,0.18,-0.15,0.74,1.02,2.63,0.86亿,8.60亿,116.09亿,16.23
405,796,603008,喜临门,17.39,1.05,0.18,-0.06,1.01,0.77,3.2,0.66亿,3.79亿,65.91亿,13.18
406,797,603085,天成自控,10.91,1.68,0.18,0.0,8.34,1.54,9.04,3.40亿,3.70亿,40.39亿,123.79
407,798,603466,风语筑,9.71,1.89,0.18,-0.21,5.57,0.94,5.14,3.21亿,5.95亿,57.75亿,--
408,799,603758,秦安股份,8.5,2.16,0.18,0.12,1.15,1.46,4.09,0.43亿,4.39亿,37.30亿,21.87
409,800,603833,欧派家居,70.19,0.26,0.18,0.01,0.41,1.01,5.23,1.76亿,6.09亿,427.56亿,15.79
410,831,600192,长城电工,6.06,2.89,0.17,0.17,1.46,0.81,4.58,0.39亿,4.42亿,26.77亿,--
411,832,600230,沧州大化,11.09,1.56,0.17,0.27,0.79,0.77,2.47,0.36亿,4.14亿,45.91亿,162.14
412,833,600312,平高电气,19.63,0.87,0.17,-0.05,1.04,0.66,3.13,2.78亿,13.57亿,266.36亿,23.31
413,834,600446,金证股份,18.17,0.94,0.17,-0.06,3.43,1.23,4.33,5.94亿,9.46亿,171.94亿,--
414,835,600458,时代新材,13.0,1.32,0.17,0.15,0.89,0.83,3.35,0.93亿,8.03亿,104.36亿,26.38
415,836,600521,华海药业,18.02,0.95,0.17,0.0,0.69,0.93,2.8,1.82亿,14.67亿,264.31亿,19.22
416,837,600548,深高速,13.1,1.31,0.17,0.0,0.41,1.15,2.63,0.77亿,14.33亿,187.76亿,15.59
417,838,600696,岩石股份,11.85,1.46,0.17,0.0,3.16,0.66,5.05,1.25亿,3.34亿,39.63亿,--
418,839,600820,隧道股份,7.19,2.42,0.17,0.0,1.15,1.97,2.28,2.59亿,31.44亿,226.06亿,11.31
419,840,600995,南网储能,10.33,1.67,0.17,-0.1,0.77,1.22,2.07,0.87亿,11.09亿,114.57亿,23.69
420,581,002043,兔宝宝,12.06,2.12,0.25,0.0,1.08,0.94,3.81,0.95亿,7.33亿,88.46亿,15.60
421,582,002320,海峡股份,6.8,3.82,0.25,-0.15,1.66,1.38,5.95,2.50亿,22.29亿,151.57亿,44.77
422,583,002690,美亚光电,15.16,1.68,0.25,0.07,1.39,1.09,3.02,0.92亿,4.34亿,65.79亿,22.29
423,584,002737,葵花药业,20.9,1.21,0.25,0.1,1.43,1.37,2.71,1.73亿,5.84亿,122.06亿,15.60
424,585,300093,金刚光伏,14.73,1.73,0.25,-0.07,5.03,0.83,4.01,1.61亿,2.15亿,31.73亿,--
425,586,300294,博雅生物,31.0,0.81,0.25,0.03,0.85,0.98,1.98,1.33亿,5.04亿,156.32亿,28.41
426,587,300471,厚普股份,9.68,2.65,0.25,0.1,1.29,0.91,3.61,0.46亿,3.67亿,35.48亿,--
427,588,301081,严牌股份,8.73,2.95,0.25,0.0,1.0,0.81,5.19,0.17亿,1.97亿,17.16亿,32.06
428,589,301136,招标股份,12.45,2.05,0.25,-0.08,2.81,0.92,4.84,0.37亿,1.04亿,12.93亿,--
429,590,301192,泰祥股份,18.51,1.37,0.25,0.16,1.55,0.58,2.9,0.14亿,0.48亿,8.86亿,31.68
430,541,000993,闽东电力,8.69,3.21,0.27,0.0,1.53,1.41,3.56,0.58亿,4.40亿,38.21亿,26.08
431,542,002533,金杯电工,10.13,2.74,0.27,0.0,2.93,1.9,4.16,1.88亿,6.37亿,64.57亿,13.07
432,543,002706,良信股份,7.41,3.78,0.27,0.0,7.49,3.79,5.18,5.09亿,9.15亿,67.78亿,20.09
433,544,002840,华统股份,13.46,2.05,0.27,0.07,3.55,0.99,3.49,2.35亿,4.97亿,66.94亿,122.17
434,545,300414,中光防雷,8.59,3.25,0.27,0.12,2.3,1.03,3.61,0.62亿,3.14亿,26.93亿,542.89
435,546,300933,中辰股份,7.06,3.98,0.27,0.14,3.48,1.11,6.48,1.13亿,4.59亿,32.37亿,50.90
436,547,300995,奇德新材,16.73,1.64,0.27,0.18,2.12,0.67,3.95,0.21亿,0.60亿,10.02亿,189.42
437,548,301228,实朴检测,15.05,1.83,0.27,0.2,15.59,0.74,7.1,1.31亿,0.55亿,8.24亿,--
438,549,600211,西藏药业,37.6,0.72,0.27,-0.03,0.7,1.13,1.66,0.85亿,3.22亿,121.19亿,11.48
439,550,600535,天士力,14.76,1.86,0.27,0.0,0.76,1.51,2.9,1.66亿,14.94亿,220.51亿,19.64
440,511,600763,通策医疗,46.75,0.62,0.29,0.04,1.1,1.16,1.55,2.30亿,4.47亿,209.11亿,31.48
441,512,600900,长江电力,29.61,0.99,0.29,0.0,0.36,0.97,1.57,25.09亿,240.07亿,7108.55亿,19.39
442,513,603051,鹿山新材,25.44,1.15,0.29,0.08,2.26,0.9,2.31,0.35亿,0.61亿,15.57亿,64.28
443,514,603995,甬金股份,18.95,1.55,0.29,0.05,0.95,1.27,2.46,0.66亿,3.66亿,69.28亿,8.90
444,515,688180,君实生物,28.19,1.04,0.29,0.0,0.58,0.94,1.97,1.24亿,7.65亿,215.53亿,--
445,516,688676,金盘科技,43.72,0.67,0.29,0.51,9.72,1.17,7.71,20.00亿,4.57亿,199.99亿,37.15
446,517,000006,深振业A,8.02,3.62,0.28,0.0,2.46,1.03,5.3,2.65亿,13.50亿,108.27亿,--
447,518,000716,黑芝麻,7.0,4.17,0.28,0.0,13.13,1.33,9.08,6.40亿,7.01亿,49.05亿,94.75
448,519,000729,燕京啤酒,11.66,2.46,0.28,0.17,1.12,1.48,4.48,3.29亿,25.10亿,292.62亿,19.14
449,520,000735,罗牛山,6.89,4.24,0.28,-0.15,3.41,1.3,6.35,2.69亿,11.51亿,79.30亿,17.38
450,571,301355,南王科技,12.81,2.07,0.26,0.08,4.44,1.01,3.67,0.57亿,1.00亿,12.84亿,49.14
451,572,301357,北方长龙,34.19,0.77,0.26,0.0,6.43,1.05,4.1,0.53亿,0.24亿,8.14亿,--
452,573,600101,明星电力,9.36,2.86,0.26,0.0,5.4,1.64,3.85,2.74亿,5.48亿,51.28亿,17.18
453,574,600456,宝钛股份,29.37,0.89,0.26,-0.07,1.2,1.05,1.99,1.70亿,4.78亿,140.32亿,20.37
454,575,600620,天宸股份,6.27,4.33,0.26,-0.32,1.63,0.9,5.82,0.69亿,6.87亿,43.05亿,--
455,576,601607,上海医药,21.17,1.24,0.26,0.0,0.62,1.0,2.25,2.52亿,19.36亿,409.82亿,14.52
456,577,603288,海天味业,46.73,0.56,0.26,0.0,0.11,0.95,1.7,2.89亿,55.61亿,2598.47亿,40.48
457,578,688314,康拓医疗,28.8,0.91,0.26,0.49,0.5,0.66,2.42,0.12亿,0.81亿,23.40亿,22.87
458,579,688593,新相微,19.81,1.33,0.26,-0.05,1.92,1.14,6.19,1.23亿,3.19亿,63.20亿,1994.63
459,580,837748,路桥信息,20.58,1.28,0.26,0.0,0.95,0.72,4.38,0.12亿,0.62亿,12.83亿,--
460,661,301309,万得凯,24.85,0.89,0.22,-0.12,3.9,1.03,3.13,0.24亿,0.25亿,6.21亿,16.10
461,662,301320,豪江智能,15.75,1.42,0.22,0.06,3.69,0.61,3.48,0.40亿,0.68亿,10.66亿,48.49
462,663,301511,德福科技,13.35,1.68,0.22,-0.45,3.27,2.07,4.72,1.64亿,3.74亿,49.89亿,--
463,664,600053,九鼎投资,14.63,1.53,0.22,-0.07,0.78,0.88,3.26,0.49亿,4.34亿,63.43亿,679.18
464,665,600257,大湖股份,5.04,4.56,0.22,0.0,6.08,0.99,6.85,1.46亿,4.81亿,24.25亿,--
465,666,600318,新力金融,8.65,2.61,0.22,0.0,4.91,0.98,5.34,2.18亿,5.13亿,44.35亿,99.07
466,667,600729,重庆百货,29.55,0.75,0.22,-0.03,2.5,0.78,4.33,1.40亿,1.88亿,55.68亿,10.58
467,668,600941,中国移动,114.6,0.19,0.22,0.14,0.71,0.48,1.07,6.15亿,7.59亿,869.38亿,16.66
468,669,603070,万控智造,12.73,1.76,0.22,0.24,3.15,0.91,3.84,0.34亿,0.86亿,10.91亿,60.12
469,670,603075,热威股份,19.3,1.15,0.22,0.0,2.72,0.84,1.73,0.21亿,0.40亿,7.72亿,25.47
470,341,688087,英科再生,30.1,1.42,0.42,-0.1,1.55,1.82,2.36,0.87亿,1.86亿,56.06亿,21.72
471,342,688231,隆达股份,14.64,2.95,0.42,-0.14,1.71,1.97,6.33,0.32亿,1.26亿,18.51亿,45.33
472,343,688299,长阳科技,15.54,2.78,0.42,0.26,4.29,1.01,6.15,1.93亿,2.87亿,44.57亿,182.84
473,344,688375,国博电子,48.42,0.88,0.42,-0.08,0.79,1.62,2.62,1.02亿,2.65亿,128.54亿,70.64
474,345,000786,北新建材,30.39,1.37,0.41,0.0,0.87,0.94,2.57,4.31亿,16.32亿,496.10亿,12.24
475,346,002232,启明信息,20.28,2.06,0.41,-0.05,4.08,0.79,4.38,3.37亿,4.09亿,82.85亿,--
476,347,002361,神剑股份,4.5,10.02,0.41,0.0,5.61,2.43,9.29,1.98亿,8.02亿,36.09亿,109.90
477,348,002416,爱施德,14.23,2.97,0.41,-0.07,3.91,0.96,5.5,6.77亿,12.24亿,174.16亿,25.19
478,349,300382,斯莱克,11.6,3.66,0.41,0.09,7.71,0.97,11.08,5.47亿,6.28亿,72.89亿,--
479,350,300696,爱乐达,16.28,2.58,0.41,-0.06,6.0,2.37,9.52,1.87亿,1.86亿,30.35亿,--
480,431,002112,三变科技,11.31,3.01,0.33,-0.27,4.17,1.16,5.56,1.25亿,2.62亿,29.64亿,28.32
481,432,002148,北纬科技,6.96,4.98,0.33,0.0,25.71,1.78,7.69,8.20亿,4.49亿,31.28亿,215.94
482,433,002597,金禾实业,23.51,1.42,0.33,0.0,0.74,1.33,2.29,0.99亿,5.67亿,133.35亿,24.56
483,434,301108,洁雅股份,26.28,1.27,0.33,0.0,1.3,0.54,2.12,0.12亿,0.35亿,9.26亿,46.15
484,435,600633,浙数文化,10.86,3.13,0.33,0.0,2.63,1.65,8.26,3.66亿,12.68亿,137.71亿,21.76
485,436,601236,红塔证券,8.87,3.86,0.33,0.0,1.93,5.21,6.32,8.01亿,47.17亿,418.38亿,48.13
486,437,601900,南方传媒,15.38,2.19,0.33,-0.07,1.57,0.94,4.78,2.15亿,8.96亿,137.79亿,19.53
487,438,603275,众辰科技,36.1,0.92,0.33,0.08,2.96,1.08,3.63,0.45亿,0.42亿,15.23亿,25.01
488,439,603396,金辰股份,27.93,1.2,0.33,0.0,1.35,1.09,3.41,0.52亿,1.39亿,38.69亿,42.51
489,440,688679,通源环境,10.88,3.13,0.33,-0.18,1.47,1.47,8.44,0.21亿,1.32亿,14.33亿,157.29
490,471,600379,宝光股份,9.97,3.21,0.31,0.2,2.32,1.67,4.66,0.76亿,3.30亿,32.92亿,35.76
491,472,600827,百联股份,11.49,2.77,0.31,0.0,1.77,1.52,4.83,3.25亿,16.04亿,184.35亿,9.49
492,473,603496,恒为科技,25.47,1.23,0.31,0.08,4.17,1.15,2.98,3.43亿,3.20亿,81.56亿,78.14
493,474,603858,步长制药,16.45,1.92,0.31,0.0,0.46,1.38,2.73,0.83亿,11.06亿,181.94亿,43.62
494,475,688089,嘉必优,19.73,1.6,0.31,0.1,1.1,0.84,3.71,0.37亿,1.68亿,33.21亿,29.69
495,476,688155,先惠技术,38.97,0.8,0.31,0.03,1.15,0.99,3.05,0.56亿,1.25亿,48.73亿,19.43
496,477,833455,汇隆活塞,7.53,4.29,0.31,0.0,1.59,1.13,8.31,0.11亿,0.93亿,7.00亿,34.46
497,478,835508,殷图网联,27.8,1.13,0.31,0.0,5.6,1.24,8.88,0.42亿,0.26亿,7.24亿,--
498,479,000016,深康佳A,5.52,5.75,0.3,0.0,19.77,1.97,12.26,17.77亿,15.97亿,88.13亿,--
499,480,001378,德冠新材,23.88,1.27,0.3,-0.04,2.13,1.11,3.01,0.33亿,0.65亿,15.53亿,33.00
500,811,000598,兴蓉环境,7.66,2.27,0.17,0.0,0.83,0.96,3.07,1.87亿,29.75亿,227.87亿,10.54
501,812,000722,湖南发展,9.96,1.74,0.17,0.1,1.39,0.8,3.06,0.64亿,4.64亿,46.23亿,56.46
502,813,000905,厦门港务,6.59,2.65,0.17,-0.15,1.55,1.68,4.52,0.76亿,7.42亿,48.89亿,19.31
503,814,002073,软控股份,8.51,2.04,0.17,0.12,3.09,1.64,3.84,2.59亿,9.90亿,84.28亿,18.95
504,815,002100,天康生物,6.81,2.56,0.17,0.0,2.79,1.92,4.07,2.58亿,13.65亿,92.97亿,12.33
505,816,002298,中电兴发,5.48,3.2,0.17,-0.18,9.32,1.55,9.79,3.42亿,6.54亿,35.82亿,--
506,817,002301,齐心集团,7.44,2.34,0.17,-0.13,2.9,0.74,4.13,1.55亿,7.18亿,53.42亿,25.38
507,818,002413,雷科防务,4.58,3.85,0.17,0.0,3.49,1.43,4.99,2.02亿,12.51亿,57.27亿,--
508,819,002646,天佑德酒,10.75,1.61,0.17,0.0,1.51,0.77,3.31,0.77亿,4.76亿,51.21亿,67.65
509,820,002930,宏川智慧,11.18,1.54,0.17,0.0,0.7,0.56,2.91,0.34亿,4.33亿,48.41亿,22.40
510,451,603890,春秋电子,12.08,2.72,0.32,0.0,7.04,1.67,6.55,3.72亿,4.39亿,53.04亿,28.22
511,452,688045,必易微,34.31,0.94,0.32,0.0,3.73,1.03,4.85,0.48亿,0.37亿,12.66亿,--
512,453,688267,中触媒,23.56,1.38,0.32,0.0,1.48,0.73,3.79,0.31亿,0.88亿,20.83亿,27.39
513,454,688369,致远互联,21.49,1.51,0.32,-0.46,3.68,1.68,5.38,0.92亿,1.15亿,24.75亿,--
514,455,688557,兰剑智能,19.91,1.63,0.32,1.07,0.73,0.82,3.01,0.15亿,1.02亿,20.35亿,24.02
515,456,837592,华信永道,67.78,0.47,0.32,0.0,7.82,1.23,6.48,2.05亿,0.38亿,25.88亿,--
516,457,000513,丽珠集团,38.09,0.82,0.31,0.0,0.98,1.26,1.4,2.18亿,5.84亿,222.57亿,15.56
517,458,000600,建投能源,6.13,5.33,0.31,0.0,10.76,1.24,8.94,7.09亿,10.90亿,66.82亿,19.07
518,459,000799,酒鬼酒,56.13,0.56,0.31,-0.02,1.13,0.93,1.63,2.05亿,3.25亿,182.38亿,242.15
519,460,002015,协鑫能科,8.24,3.91,0.31,0.12,2.44,1.69,5.55,3.25亿,16.23亿,133.76亿,16.56
520,611,300245,天玑科技,14.53,1.68,0.24,0.0,13.44,0.58,5.6,6.07亿,3.11亿,45.23亿,--
521,612,300346,南大光电,41.12,0.59,0.24,0.0,4.24,1.17,4.35,9.67亿,5.47亿,224.98亿,66.88
522,613,300854,中兰环保,12.87,1.9,0.24,0.31,3.1,0.61,3.8,0.22亿,0.56亿,7.23亿,71.98
523,614,300906,日月明,27.77,0.87,0.24,-0.11,4.78,1.15,4.36,0.95亿,0.72亿,19.91亿,38.15
524,615,300993,玉马遮阳,10.6,2.32,0.24,-0.09,2.23,1.11,4.25,0.57亿,2.41亿,25.57亿,19.13
525,616,301207,华兰疫苗,18.1,1.34,0.24,0.0,1.99,1.16,2.63,0.51亿,1.42亿,25.64亿,30.52
526,617,301296,新巨丰,10.84,2.26,0.24,0.09,5.88,1.35,4.15,1.71亿,2.72亿,29.45亿,27.38
527,618,301305,朗坤环境,18.12,1.34,0.24,0.0,1.09,1.06,2.63,0.25亿,1.26亿,22.85亿,17.12
528,619,301429,森泰股份,16.38,1.49,0.24,-0.06,1.96,0.69,2.97,0.14亿,0.44亿,7.21亿,26.48
529,620,301555,惠柏新材,24.57,0.99,0.24,-0.24,2.46,0.77,1.97,0.29亿,0.48亿,11.88亿,--
530,391,301230,泓博医药,28.52,1.31,0.37,0.0,6.35,0.71,3.77,1.37亿,0.77亿,21.92亿,195.87
531,392,600129,太极集团,25.93,1.45,0.37,-0.08,1.84,1.17,4.15,2.67亿,5.57亿,144.40亿,19.87
532,393,600967,内蒙一机,8.85,4.36,0.37,0.0,2.47,1.61,5.31,3.67亿,16.99亿,150.35亿,31.06
533,394,688070,纵横股份,36.62,1.02,0.37,-0.19,1.29,1.14,3.67,0.42亿,0.88亿,32.07亿,--
534,395,688196,卓越新能,34.02,1.1,0.37,0.03,1.1,0.78,5.08,0.45亿,1.20亿,40.82亿,33.15
535,396,688217,睿昂基因,19.74,1.91,0.37,-0.2,2.22,0.62,4.65,0.24亿,0.56亿,11.03亿,144.39
536,397,688567,孚能科技,12.64,3.02,0.37,-0.32,2.06,1.17,7.33,3.21亿,12.22亿,154.47亿,--
537,398,920106,林泰新材,55.3,0.67,0.37,0.0,7.89,0.36,3.42,0.53亿,0.12亿,6.69亿,38.42
538,399,002277,友阿股份,6.97,5.45,0.36,0.14,18.52,0.91,10.44,17.96亿,13.94亿,97.17亿,63.72
539,400,002667,威领股份,11.05,3.37,0.36,-0.09,11.56,0.87,11.6,3.03亿,2.36亿,26.09亿,--
540,871,300877,金春股份,14.6,1.11,0.16,0.0,0.8,0.63,2.84,0.14亿,1.20亿,17.52亿,104.03
541,872,300942,易瑞生物,9.01,1.81,0.16,0.0,1.03,0.48,3.96,0.37亿,4.01亿,36.16亿,695.90
542,873,301016,雷尔伟,22.11,0.73,0.16,0.05,3.59,0.54,2.42,0.37亿,0.47亿,10.31亿,56.04
543,874,301057,汇隆新材,13.05,1.24,0.16,0.08,2.58,0.82,3.1,0.28亿,0.82亿,10.74亿,47.05
544,875,301098,金埔园林,8.15,2.0,0.16,0.0,2.23,0.67,2.88,0.27亿,1.47亿,12.00亿,69.88
545,876,301100,风光股份,17.12,0.94,0.16,-0.29,2.12,0.5,2.54,0.18亿,0.50亿,8.56亿,--
546,877,301159,三维天地,33.62,0.48,0.16,0.0,4.64,0.77,4.27,0.49亿,0.31亿,10.49亿,--
547,878,301273,瑞晨环保,18.07,0.89,0.16,-0.17,3.04,0.6,2.96,0.19亿,0.35亿,6.26亿,--
548,879,301295,美硕科技,21.78,0.74,0.16,0.18,3.27,0.66,2.64,0.21亿,0.29亿,6.26亿,61.33
549,880,301298,东利机械,13.78,1.18,0.16,0.44,1.39,0.61,2.42,0.18亿,0.96亿,13.27亿,28.43
550,781,300899,上海凯鑫,21.7,0.84,0.18,-0.18,2.82,0.65,2.6,0.25亿,0.41亿,8.88亿,145.76
551,782,301027,华蓝集团,15.6,1.17,0.18,0.06,6.78,1.26,6.36,1.26亿,1.18亿,18.43亿,--
552,783,301053,远信工业,20.42,0.89,0.18,-0.15,0.92,0.6,2.52,0.15亿,0.79亿,16.17亿,35.41
553,784,301311,昆船智能,19.02,0.95,0.18,0.11,4.64,0.72,2.55,0.78亿,0.87亿,16.59亿,--
554,785,301329,信音电子,21.28,0.85,0.18,0.0,13.81,1.6,5.17,1.77亿,0.60亿,12.76亿,55.77
555,786,301539,宏鑫科技,19.21,0.95,0.18,0.05,4.5,0.91,3.78,0.32亿,0.37亿,7.11亿,65.35
556,787,600056,中国医药,11.45,1.6,0.18,0.0,0.83,0.85,2.22,1.41亿,14.95亿,171.22亿,28.73
557,788,600079,人福医药,23.81,0.76,0.18,0.0,0.88,0.94,2.62,3.21亿,15.43亿,367.43亿,18.34
558,789,600127,金健米业,7.04,2.62,0.18,0.0,5.35,2.18,5.39,2.40亿,6.42亿,45.18亿,5219.77
559,790,600195,中牧股份,7.02,2.63,0.18,0.0,1.17,1.16,4.24,0.83亿,10.21亿,71.68亿,65.72
560,591,301227,森鹰窗业,16.71,1.52,0.25,0.06,2.85,0.62,3.04,0.16亿,0.34亿,5.67亿,--
561,592,301299,卓创资讯,54.84,0.46,0.25,-0.13,5.12,0.95,3.46,1.00亿,0.35亿,19.32亿,46.88
562,593,301327,华宝新能,80.46,0.31,0.25,0.0,1.21,0.89,1.55,0.34亿,0.35亿,27.87亿,47.24
563,594,301439,泓淋电力,14.31,1.78,0.25,-0.07,4.17,2.94,2.7,1.10亿,1.83亿,26.22亿,30.22
564,595,301500,飞南资源,18.9,1.34,0.25,0.0,1.62,1.14,2.15,0.29亿,0.97亿,18.27亿,31.50
565,596,301518,长华化学,16.59,1.53,0.25,0.0,1.66,0.81,2.39,0.15亿,0.53亿,8.87亿,52.23
566,597,600343,航天动力,10.71,2.39,0.25,0.0,1.7,1.44,4.88,1.18亿,6.38亿,68.35亿,--
567,598,600367,红星发展,11.91,2.14,0.25,0.08,2.31,1.17,3.0,0.88亿,3.22亿,38.35亿,53.01
568,599,600523,贵航股份,12.34,2.07,0.25,0.08,1.41,1.41,1.99,0.70亿,4.04亿,49.86亿,31.93
569,600,600779,水井坊,54.39,0.46,0.25,0.0,0.83,1.02,1.92,2.19亿,4.88亿,265.15亿,17.68
570,671,603231,索宝蛋白,16.47,1.35,0.22,0.06,1.27,0.65,2.71,0.22亿,1.06亿,17.50亿,25.8
571,672,603698,航天工程,16.04,1.39,0.22,0.0,0.71,0.95,2.28,0.61亿,5.36亿,85.97亿,50.54
572,673,603727,博迈科,11.72,1.91,0.22,0.17,1.38,0.99,2.78,0.45亿,2.82亿,33.02亿,26.2
573,674,688347,华虹公司,50.03,0.44,0.22,0.0,4.64,1.35,5.94,9.21亿,3.91亿,195.84亿,111.57
574,675,688356,键凯科技,57.82,0.38,0.22,0.12,0.4,0.7,2.52,0.14亿,0.61亿,35.07亿,80.55
575,676,688410,山外山,11.52,1.95,0.22,0.0,1.01,1.1,3.36,0.27亿,2.35亿,27.02亿,44.82
576,677,688513,苑东生物,30.8,0.72,0.22,-0.03,0.87,0.93,2.03,0.47亿,1.77亿,54.37亿,18.79
577,678,688722,同益中,13.22,1.69,0.22,0.08,0.68,0.64,2.0,0.20亿,2.24亿,29.63亿,27.33
578,679,838275,驱动力,6.97,3.26,0.22,0.0,4.89,0.85,7.56,0.31亿,0.90亿,6.28亿,90.11
579,680,000756,新华制药,16.59,1.28,0.21,0.06,2.58,0.78,2.87,1.91亿,4.49亿,74.45亿,24.68
580,901,603660,苏州科达,7.11,2.3,0.16,-0.14,5.08,0.84,4.75,1.93亿,5.31亿,37.77亿,--
581,902,603718,海利生物,7.26,2.25,0.16,-0.14,1.05,1.04,3.38,0.49亿,6.44亿,46.75亿,177.57
582,903,688096,京源环保,7.72,2.12,0.16,-0.39,0.75,0.61,4.1,0.09亿,1.52亿,11.76亿,--
583,904,688113,联测科技,29.37,0.55,0.16,0.34,0.54,0.72,2.71,0.10亿,0.64亿,18.91亿,25.64
584,905,688131,皓元医药,35.91,0.45,0.16,0.0,0.84,1.13,3.97,0.62亿,2.06亿,74.03亿,39.63
585,906,688317,之江生物,16.77,0.96,0.16,0.0,0.56,0.83,1.93,0.18亿,1.92亿,32.22亿,--
586,907,688358,祥生医疗,25.12,0.64,0.16,0.0,0.36,0.52,2.2,0.10亿,1.12亿,28.17亿,21.47
587,908,688439,振华风光,53.84,0.3,0.16,0.15,1.79,1.07,2.52,1.11亿,1.14亿,61.33亿,32.51
588,909,688539,高华科技,25.93,0.62,0.16,0.0,1.86,1.26,2.83,0.50亿,1.03亿,26.67亿,79.96
589,910,688660,电气风电,7.72,2.12,0.16,-0.13,1.64,1.08,5.69,1.69亿,13.33亿,102.93亿,--
590,631,003040,楚天龙,13.77,1.7,0.23,0.0,4.15,1.1,8.79,2.63亿,4.57亿,62.91亿,--
591,632,300397,天和防务,11.56,2.03,0.23,-0.09,3.69,1.3,2.47,1.74亿,4.06亿,46.88亿,--
592,633,300614,百川畅银,10.22,2.3,0.23,0.2,2.39,1.0,3.6,0.39亿,1.60亿,16.40亿,--
593,634,300677,英科医疗,25.9,0.9,0.23,-0.08,1.58,0.85,2.22,1.92亿,4.69亿,121.48亿,18.26
594,635,300741,华宝股份,18.05,1.29,0.23,-0.11,0.2,0.72,2.64,0.22亿,6.16亿,111.17亿,46.54
595,636,300922,天秦装备,14.95,1.56,0.23,0.0,2.78,0.96,2.58,0.48亿,1.15亿,17.20亿,64.51
596,637,300927,江天化学,17.37,1.34,0.23,0.35,1.21,0.91,2.74,0.30亿,1.41亿,24.47亿,55.33
597,638,300952,恒辉安防,21.98,1.06,0.23,0.18,3.33,0.81,3.22,0.40亿,0.55亿,12.06亿,25.48
598,639,301008,宏昌科技,19.68,1.18,0.23,0.05,0.94,0.58,3.03,0.18亿,0.97亿,19.00亿,37.69
599,640,301040,中环海陆,13.12,1.78,0.23,0.0,3.51,0.65,3.1,0.33亿,0.71亿,9.36亿,--
600,601,601116,三江购物,11.5,2.22,0.25,-0.17,3.1,1.57,5.51,1.93亿,5.48亿,62.98亿,39.02
601,602,601611,中国核建,9.26,2.77,0.25,0.11,1.15,1.4,2.89,3.17亿,30.12亿,278.87亿,14.37
602,603,688029,南微医学,70.75,0.35,0.25,-0.06,0.96,1.07,1.55,1.28亿,1.88亿,132.90亿,22.10
603,604,688161,威高骨科,26.01,0.97,0.25,0.39,0.17,0.98,2.37,0.17亿,4.00亿,104.04亿,47.49
604,605,000400,许继电气,28.3,0.85,0.24,0.0,1.48,0.93,2.53,4.23亿,10.08亿,285.36亿,24.17
605,606,002169,智光电气,6.56,3.8,0.24,0.0,3.14,1.29,6.65,1.58亿,7.59亿,49.77亿,--
606,607,002244,滨江集团,8.59,2.87,0.24,0.12,1.32,1.35,3.71,3.03亿,26.82亿,230.41亿,12.27
607,608,002389,航天彩虹,18.68,1.3,0.24,0.0,2.33,1.93,2.82,4.35亿,9.91亿,185.09亿,2257.91
608,609,002423,中粮资本,13.92,1.75,0.24,0.0,1.64,1.4,3.07,5.28亿,23.04亿,320.73亿,18.83
609,610,002476,宝莫股份,4.4,5.77,0.24,0.0,3.5,1.73,9.38,0.94亿,6.12亿,26.93亿,86.43
610,771,000902,新洋丰,13.14,1.39,0.18,0.0,0.58,1.33,1.47,0.87亿,11.43亿,150.16亿,11.11
611,772,002300,太阳电缆,5.58,3.33,0.18,0.0,1.39,1.25,4.63,0.56亿,7.22亿,40.30亿,31.73
612,773,002396,星网锐捷,19.97,0.91,0.18,0.0,10.25,1.35,6.87,12.19亿,5.83亿,116.48亿,33.55
613,774,002436,兴森科技,12.04,1.52,0.18,0.0,8.01,1.56,7.25,14.67亿,15.00亿,180.65亿,--
614,775,002520,日发精机,6.14,3.02,0.18,0.0,11.94,1.46,6.88,4.80亿,6.45亿,39.60亿,--
615,776,002606,大连电瓷,9.6,1.91,0.18,0.0,1.99,1.15,3.4,0.80亿,4.21亿,40.43亿,20.32
616,777,300031,宝通科技,19.11,0.95,0.18,0.05,3.52,0.8,3.17,2.36亿,3.49亿,66.66亿,25.06
617,778,300034,钢研高纳,16.02,1.14,0.18,0.0,2.12,1.88,2.65,2.62亿,7.66亿,122.77亿,39.65
618,779,300191,潜能恒信,13.12,1.39,0.18,0.0,0.85,0.67,1.93,0.25亿,2.21亿,29.02亿,--
619,780,300897,山科智能,25.12,0.72,0.18,0.04,3.0,1.0,2.85,0.47亿,0.63亿,15.81亿,29.44
620,441,832885,星辰科技,13.33,2.54,0.33,0.0,3.84,1.44,5.62,0.45亿,0.87亿,11.53亿,140.80
621,442,000524,岭南控股,10.26,3.22,0.32,0.1,1.66,1.08,5.23,1.14亿,6.70亿,68.74亿,38.14
622,443,002596,海南瑞泽,3.5,10.06,0.32,0.0,5.37,0.9,10.69,1.87亿,10.23亿,35.79亿,--
623,444,300401,花园生物,15.2,2.15,0.32,0.0,3.33,1.49,4.1,2.72亿,5.35亿,81.27亿,25.66
624,445,300875,捷强装备,29.32,1.1,0.32,-0.1,3.73,0.85,2.86,0.74亿,0.67亿,19.53亿,--
625,446,300886,华业香料,19.59,1.66,0.32,-0.05,2.04,0.65,3.84,0.17亿,0.43亿,8.51亿,61.49
626,447,301156,美农生物,13.32,2.46,0.32,0.08,2.17,0.81,5.0,0.20亿,0.69亿,9.16亿,45.88
627,448,301158,德石股份,14.38,2.28,0.32,0.07,2.59,1.05,3.63,0.30亿,0.80亿,11.52亿,25.44
628,449,600420,国药现代,12.35,2.66,0.32,0.0,1.24,1.9,3.91,2.03亿,13.41亿,165.63亿,13.01
629,450,600897,厦门空港,15.25,2.14,0.32,-0.2,1.03,1.89,3.01,0.66亿,4.17亿,63.58亿,12.85
630,951,601118,海南橡胶,5.56,2.77,0.15,-0.18,0.71,1.24,3.88,1.67亿,42.79亿,237.94亿,--
631,952,601298,青岛港,8.67,1.76,0.15,0.12,0.38,1.1,3.29,1.77亿,53.92亿,467.49亿,10.74
632,953,601519,大智慧,9.78,1.56,0.15,-0.2,4.76,1.01,5.09,9.36亿,20.04亿,195.98亿,--
633,954,601777,力帆科技,7.26,2.11,0.15,0.0,1.33,1.19,5.77,4.36亿,45.21亿,328.23亿,616.25
634,955,603123,翠微股份,8.4,1.82,0.15,0.0,2.48,0.78,4.85,1.36亿,6.52亿,54.79亿,--
635,956,603556,海兴电力,37.23,0.41,0.15,0.03,0.39,0.54,1.32,0.71亿,4.89亿,181.94亿,17.24
636,957,603877,太平鸟,14.2,1.07,0.15,0.0,0.44,0.65,2.78,0.29亿,4.69亿,66.64亿,46.80
637,958,603990,麦迪科技,10.88,1.4,0.15,0.0,3.71,0.69,4.19,1.24亿,3.06亿,33.32亿,--
638,959,605090,九丰能源,28.11,0.54,0.15,0.0,0.64,0.89,1.57,1.14亿,6.35亿,178.53亿,8.86
639,960,688247,宣泰医药,10.57,1.44,0.15,0.0,1.7,0.87,2.78,0.26亿,1.42亿,15.04亿,38.82
640,461,002234,民和股份,9.27,3.46,0.31,-0.11,2.29,1.24,4.91,0.63亿,3.01亿,27.94亿,--
641,462,002326,永太科技,9.49,3.38,0.31,-0.21,2.23,1.92,7.19,1.72亿,8.04亿,76.30亿,--
642,463,002541,鸿路钢构,18.08,1.75,0.31,0.0,0.89,0.7,3.38,0.79亿,4.96亿,89.71亿,14.27
643,464,002885,京泉华,14.75,2.15,0.31,0.2,9.77,1.33,5.4,3.33亿,2.32亿,34.29亿,71.04
644,465,300745,欣锐科技,16.86,1.87,0.31,-0.12,2.4,1.2,4.53,0.58亿,1.41亿,23.82亿,--
645,466,301047,义翘神州,63.71,0.49,0.31,-0.02,0.36,0.75,1.58,0.27亿,1.20亿,76.18亿,58.52
646,467,301190,善水科技,16.05,1.97,0.31,0.25,1.33,0.95,2.92,0.15亿,0.71亿,11.40亿,38.40
647,468,301567,贝隆精密,47.58,0.66,0.31,-0.31,8.72,1.32,5.04,0.76亿,0.18亿,8.56亿,98.75
648,469,600096,云天化,22.81,1.38,0.31,0.0,1.11,0.88,1.64,4.64亿,18.34亿,418.41亿,7.09
649,470,600359,新农开发,6.73,4.83,0.31,0.0,4.12,2.21,6.54,1.04亿,3.82亿,25.68亿,46.22
650,551,600570,恒生电子,29.41,0.93,0.27,0.0,2.17,1.46,3.64,12.19亿,18.94亿,557.07亿,93.78
651,552,600862,中航高科,25.29,1.08,0.27,0.0,2.8,3.07,4.92,10.09亿,13.93亿,352.30亿,28.97
652,553,603589,口子窖,39.89,0.68,0.27,-0.03,0.93,0.98,2.04,2.21亿,5.98亿,238.59亿,13.70
653,554,603612,索通发展,14.0,1.97,0.27,0.0,1.55,1.29,3.42,1.08亿,4.98亿,69.73亿,24.14
654,555,603766,隆鑫通用,8.55,3.26,0.27,0.0,1.81,1.4,3.87,3.16亿,20.54亿,175.58亿,14.65
655,556,688137,近岸蛋白,33.74,0.81,0.27,-0.53,0.38,0.53,2.93,0.04亿,0.33亿,11.02亿,--
656,557,688619,罗普特,9.36,2.97,0.27,0.0,3.53,2.01,8.8,0.63亿,1.85亿,17.36亿,--
657,558,688625,呈和科技,38.63,0.7,0.27,0.0,0.2,0.74,3.0,0.10亿,1.35亿,52.28亿,19.81
658,559,920008,成电光信,32.91,0.83,0.27,0.0,11.11,2.88,11.49,1.20亿,0.31亿,10.21亿,50.48
659,560,000538,云南白药,59.87,0.44,0.26,0.02,0.38,0.59,1.21,4.03亿,17.69亿,1059.34亿,18.52
660,751,300977,深圳瑞捷,18.07,1.06,0.19,-0.11,1.8,0.8,2.63,0.31亿,0.95亿,17.12亿,125.38
661,752,301024,霍普股份,24.41,0.79,0.19,-0.97,6.04,0.81,4.83,0.27亿,0.18亿,4.33亿,--
662,753,301149,隆华新材,10.2,1.9,0.19,-0.1,2.12,1.33,5.29,0.45亿,2.04亿,20.81亿,24.05
663,754,600268,国电南自,7.09,2.75,0.19,0.0,1.98,1.79,3.62,1.40亿,10.06亿,71.33亿,51.53
664,755,600846,同济科技,8.87,2.19,0.19,0.11,1.02,0.95,3.8,0.57亿,6.25亿,55.42亿,13.55
665,756,600975,新五丰,6.37,3.07,0.19,-0.16,3.17,1.49,4.69,2.04亿,10.17亿,64.78亿,4903.36
666,757,601985,中国核电,10.38,1.86,0.19,0.1,0.8,0.93,2.85,15.48亿,188.83亿,1960.08亿,16.46
667,758,603318,水发燃气,6.99,2.79,0.19,0.0,3.43,0.95,3.97,0.91亿,3.84亿,26.81亿,37.66
668,759,603538,美诺华,13.09,1.47,0.19,0.08,1.04,0.74,2.17,0.29亿,2.12亿,27.81亿,33.95
669,760,603619,中曼石油,19.71,0.97,0.19,0.0,1.29,0.8,1.9,1.01亿,4.00亿,78.84亿,10.22
670,921,002151,北斗星通,27.63,0.55,0.15,0.0,1.49,1.12,2.44,1.83亿,4.43亿,122.38亿,--
671,922,002237,恒邦股份,10.41,1.46,0.15,0.19,1.23,1.54,2.44,1.16亿,9.10亿,94.78亿,19.30
672,923,002258,利尔化学,8.49,1.8,0.15,0.12,0.71,0.97,2.64,0.48亿,7.99亿,67.85亿,38.64
673,924,002302,西部建设,7.2,2.13,0.15,0.14,2.41,1.1,5.67,2.18亿,12.62亿,90.89亿,703.56
674,925,002451,摩恩电气,6.55,2.34,0.15,0.0,2.09,0.83,3.91,0.60亿,4.39亿,28.76亿,183.62
675,926,002453,华软科技,5.33,2.9,0.15,-0.19,2.87,1.06,6.95,0.94亿,6.11亿,32.56亿,--
676,927,002519,银河电子,6.25,2.46,0.15,-0.16,4.62,1.28,4.43,3.25亿,11.18亿,69.87亿,37.20
677,928,002538,司尔特,5.97,2.58,0.15,0.0,1.56,1.16,3.27,0.79亿,8.54亿,50.96亿,15.63
678,929,002548,金新农,4.13,3.77,0.15,0.24,2.97,1.15,5.28,0.98亿,8.04亿,33.22亿,89.48
679,930,002556,辉隆股份,5.8,2.65,0.15,0.0,1.82,1.38,4.78,0.98亿,9.32亿,54.05亿,22.45
680,961,688309,恒誉环保,13.25,1.15,0.15,0.0,0.71,0.71,3.66,0.08亿,0.80亿,10.60亿,--
681,962,688330,宏力达,27.16,0.56,0.15,-0.15,0.43,0.68,1.93,0.16亿,1.40亿,38.02亿,19.16
682,963,688360,德马科技,19.28,0.78,0.15,-0.16,1.29,0.7,3.03,0.43亿,1.74亿,33.56亿,23.33
683,964,688511,天微电子,16.15,0.94,0.15,0.06,1.46,0.66,3.31,0.24亿,1.03亿,16.67亿,199.53
684,965,688558,国盛智科,22.33,0.68,0.15,-0.13,0.62,0.72,3.65,0.18亿,1.32亿,29.48亿,22.26
685,966,688585,上纬新材,6.81,2.25,0.15,0.3,0.47,1.11,4.05,0.13亿,4.03亿,27.47亿,31.67
686,967,688685,迈信林,33.25,0.45,0.15,-0.33,0.76,0.51,3.02,0.37亿,1.45亿,48.35亿,99.88
687,968,836263,中航泰达,7.9,1.94,0.15,0.0,0.72,0.52,3.87,0.06亿,1.03亿,8.10亿,19.13
688,969,836942,恒立钻具,14.85,1.02,0.15,0.0,2.25,0.93,4.56,0.14亿,0.41亿,6.13亿,22.84
689,970,000009,中国宝安,9.42,1.51,0.14,-0.11,0.59,1.02,2.91,1.43亿,25.51亿,240.34亿,47.28
690,841,603618,杭电股份,5.71,3.07,0.17,0.0,1.86,1.47,5.6,0.74亿,6.91亿,39.48亿,24.46
691,842,603636,南威软件,11.07,1.56,0.17,0.0,2.42,1.33,6.61,1.57亿,5.80亿,64.25亿,--
692,843,603693,江苏新能,10.15,1.7,0.17,0.0,0.4,1.11,2.4,0.36亿,8.91亿,90.48亿,16.01
693,844,688066,航天宏图,21.08,0.81,0.17,-0.24,3.18,1.01,3.73,1.78亿,2.61亿,55.08亿,--
694,845,688077,大地熊,21.97,0.78,0.17,-0.05,1.24,0.62,2.38,0.31亿,1.14亿,25.15亿,66.33
695,846,688429,时创能源,17.78,0.96,0.17,0.17,2.74,1.0,5.57,0.40亿,0.82亿,14.55亿,--
696,847,688435,英方软件,33.17,0.52,0.17,-0.27,1.55,0.68,4.0,0.24亿,0.46亿,15.31亿,--
697,848,688552,航天南湖,17.41,0.99,0.17,0.06,2.14,0.81,2.38,0.32亿,0.84亿,14.62亿,--
698,849,688553,汇宇制药,15.73,1.09,0.17,0.0,0.87,1.05,3.28,0.42亿,3.10亿,48.69亿,21.98
699,850,688788,科思科技,32.56,0.53,0.17,-0.06,0.5,0.62,1.73,0.17亿,1.06亿,34.43亿,--
700,941,301288,清研环境,15.8,0.96,0.15,-0.06,3.36,0.55,2.43,0.25亿,0.47亿,7.44亿,--
701,942,301297,富乐德,46.8,0.32,0.15,0.02,7.9,0.78,5.04,5.19亿,1.38亿,64.77亿,149.55
702,943,600108,亚盛集团,3.03,5.21,0.15,-0.33,3.06,1.99,6.6,1.78亿,19.47亿,58.99亿,121.47
703,944,600388,龙净环保,12.81,1.19,0.15,0.0,0.86,1.29,3.71,1.39亿,12.70亿,162.69亿,18.85
704,945,600452,涪陵电力,11.17,1.36,0.15,0.0,1.19,1.1,4.17,2.03亿,15.37亿,171.63亿,30.64
705,946,600616,金枫酒业,5.82,2.65,0.15,0.0,2.26,0.7,4.06,0.87亿,6.69亿,38.94亿,--
706,947,600618,氯碱化工,10.08,1.51,0.15,0.1,0.83,0.73,2.22,0.63亿,7.50亿,75.58亿,14.41
707,948,600644,乐山电力,6.4,2.4,0.15,0.0,1.51,0.96,3.36,0.52亿,5.38亿,34.46亿,37.69
708,949,600859,王府井,16.14,0.94,0.15,0.0,3.58,1.49,3.44,6.61亿,11.35亿,183.18亿,32.20
709,950,601069,西部黄金,11.89,1.28,0.15,0.08,0.86,0.9,2.13,0.70亿,6.84亿,81.33亿,63.62
710,721,300864,南大环境,21.42,0.94,0.2,0.0,0.41,0.71,2.12,0.14亿,1.56亿,33.52亿,19.12
711,722,300867,圣元环保,13.35,1.52,0.2,0.08,0.85,0.82,1.67,0.22亿,1.92亿,25.58亿,18.44
712,723,300981,中红医疗,13.42,1.51,0.2,0.08,0.86,0.75,3.18,0.41亿,3.57亿,47.97亿,76.92
713,724,301229,纽泰格,23.3,0.87,0.2,0.22,4.2,0.75,3.16,0.47亿,0.48亿,11.16亿,42.42
714,725,301468,博盈特焊,21.47,0.94,0.2,0.0,1.09,0.82,2.68,0.18亿,0.76亿,16.22亿,32.09
715,726,600295,鄂尔多斯,9.82,2.08,0.2,0.2,0.64,1.39,2.7,1.23亿,19.76亿,194.00亿,11.98
716,727,600592,龙溪股份,10.24,1.99,0.2,0.0,2.18,1.08,2.59,0.89亿,4.00亿,40.91亿,18.53
717,728,600685,中船防务,24.47,0.82,0.2,0.04,1.05,0.85,1.77,2.12亿,8.21亿,201.00亿,138.53
718,729,603025,大豪科技,16.06,1.26,0.2,0.13,0.97,1.21,3.66,1.73亿,11.09亿,178.13亿,27.15
719,730,603076,乐惠国际,23.11,0.87,0.2,0.0,0.93,0.66,2.66,0.26亿,1.21亿,27.89亿,51.62
720,421,002773,康弘药业,19.92,1.74,0.34,0.05,0.98,1.63,3.42,1.33亿,6.85亿,136.52亿,14.11
721,422,300151,昌红科技,17.3,2.0,0.34,-0.06,2.42,1.43,5.37,1.55亿,3.69亿,63.78亿,84.87
722,423,300970,华绿生物,12.45,2.81,0.34,0.0,4.23,1.35,5.2,0.49亿,0.93亿,11.59亿,--
723,424,301097,天益医疗,37.54,0.91,0.34,-0.05,1.78,0.47,2.29,0.12亿,0.18亿,6.89亿,261.67
724,425,301287,康力源,28.73,1.2,0.34,0.28,4.93,0.49,2.71,0.24亿,0.17亿,4.89亿,33.55
725,426,688082,盛美上海,104.72,0.33,0.34,-0.08,0.58,1.22,3.2,2.68亿,4.34亿,454.02亿,45.45
726,427,831726,朱老六,20.69,1.67,0.34,0.0,5.13,0.82,6.34,0.59亿,0.56亿,11.57亿,88.03
727,428,873576,天力复合,21.35,1.62,0.34,0.0,0.8,0.69,5.28,0.18亿,1.07亿,22.87亿,39.34
728,429,000678,襄阳轴承,7.08,4.89,0.33,0.0,9.69,1.68,6.67,3.10亿,4.60亿,32.54亿,--
729,430,000860,顺鑫农业,19.29,1.74,0.33,0.0,1.92,1.23,3.75,2.73亿,7.42亿,143.09亿,28.09
730,851,830832,齐鲁华信,6.28,2.78,0.17,0.0,2.28,1.23,4.91,0.18亿,1.24亿,7.81亿,67.55
731,852,836221,易实精密,15.26,1.13,0.17,0.0,2.69,0.89,6.1,0.17亿,0.41亿,6.30亿,24.05
732,853,836675,秉扬科技,8.47,2.05,0.17,0.0,1.02,0.88,4.34,0.07亿,0.79亿,6.65亿,21.79
733,854,000158,常山北明,21.45,0.75,0.16,-0.05,4.46,0.96,2.82,15.28亿,15.88亿,340.59亿,--
734,855,000422,湖北宜化,13.09,1.24,0.16,0.0,1.36,1.02,2.86,1.79亿,10.07亿,131.86亿,14.02
735,856,000712,锦龙股份,15.21,1.06,0.16,-0.07,6.36,1.43,3.92,8.64亿,8.95亿,136.15亿,--
736,857,001289,龙源电力,16.17,1.0,0.16,-0.06,4.04,1.03,1.94,0.87亿,1.33亿,21.56亿,18.52
737,858,002037,保利联合,8.13,2.01,0.16,0.0,3.8,0.59,5.77,1.52亿,4.84亿,39.34亿,--
738,859,002267,陕天然气,8.27,1.97,0.16,-0.12,0.75,1.44,1.97,0.69亿,11.12亿,91.97亿,13.18
739,860,002367,康力电梯,7.09,2.31,0.16,0.14,1.77,0.9,3.17,0.66亿,5.26亿,37.31亿,15.08
740,531,600323,瀚蓝环境,23.4,1.21,0.28,-0.26,0.42,0.89,1.82,0.80亿,8.15亿,190.79亿,10.33
741,532,600350,山东高速,10.18,2.83,0.28,0.0,0.27,1.1,3.33,1.32亿,48.52亿,493.94亿,14.73
742,533,601038,一拖股份,15.2,1.88,0.28,0.0,1.33,0.89,3.22,1.47亿,7.32亿,111.22亿,11.64
743,534,603325,博隆技术,80.2,0.35,0.28,0.0,2.34,0.82,3.12,0.31亿,0.17亿,13.37亿,23.68
744,535,603658,安图生物,44.68,0.63,0.28,0.02,0.31,0.54,1.64,0.80亿,5.81亿,259.60亿,20.36
745,536,688015,交控科技,20.79,1.36,0.28,0.05,1.32,1.48,6.34,0.53亿,1.89亿,39.23亿,96.34
746,537,688276,百克生物,26.09,1.08,0.28,0.0,0.35,1.04,2.6,0.38亿,4.14亿,107.92亿,33.12
747,538,688389,普门科技,15.45,1.85,0.28,0.26,1.25,1.5,3.82,0.82亿,4.28亿,66.19亿,19.29
748,539,871642,通易航天,11.42,2.51,0.28,0.0,4.95,1.8,10.86,0.60亿,1.01亿,11.50亿,--
749,540,920066,科拜尔,38.7,0.73,0.28,0.0,3.15,0.85,2.4,0.15亿,0.12亿,4.66亿,41.77
750,651,688355,明志科技,17.62,1.32,0.23,0.11,0.89,1.09,4.25,0.20亿,1.24亿,21.84亿,30.96
751,652,832651,天罡股份,25.0,0.93,0.23,0.0,3.37,0.52,4.12,0.13亿,0.15亿,3.82亿,28.98
752,653,000032,深桑达A,17.69,1.26,0.22,-0.06,2.76,1.12,5.04,3.18亿,6.45亿,114.06亿,--
753,654,000050,深天马A,9.28,2.43,0.22,0.22,1.28,1.42,3.86,2.94亿,24.58亿,228.08亿,--
754,655,000968,蓝焰控股,6.65,3.42,0.22,0.0,1.29,2.03,4.2,0.82亿,9.68亿,64.34亿,15.99
755,656,002019,亿帆医药,11.04,2.03,0.22,0.09,0.98,1.09,3.97,0.91亿,8.41亿,92.90亿,27.49
756,657,300082,奥克股份,6.59,3.45,0.22,-0.15,1.56,1.06,5.97,0.70亿,6.78亿,44.69亿,--
757,658,300316,晶盛机电,33.44,0.66,0.22,0.0,1.31,0.9,3.31,5.43亿,12.32亿,411.83亿,11.10
758,659,300586,美联新材,8.62,2.62,0.22,0.35,1.88,1.09,4.52,0.87亿,5.34亿,46.07亿,125.89
759,660,301281,科源制药,31.03,0.71,0.22,0.0,1.69,0.65,1.92,0.36亿,0.69亿,21.36亿,63.51
760,801,688215,瑞晟智能,21.08,0.86,0.18,-0.1,0.69,0.55,3.25,0.08亿,0.52亿,10.97亿,121.0
761,802,688285,高铁电气,7.53,2.45,0.18,0.27,0.54,1.16,6.8,0.15亿,3.76亿,28.33亿,90.27
762,803,688334,西高院,16.77,1.08,0.18,0.0,1.12,0.73,2.41,0.29亿,1.54亿,25.78亿,24.45
763,804,688697,纽威数控,17.53,1.04,0.18,0.0,0.95,1.23,2.71,0.54亿,3.27亿,57.26亿,18.87
764,805,835184,国源科技,11.16,1.64,0.18,0.0,1.33,0.69,4.19,0.13亿,0.88亿,9.77亿,73.95
765,806,838163,方大新材,15.06,1.21,0.18,0.0,0.95,0.56,2.15,0.09亿,0.61亿,9.24亿,40.43
766,807,000025,特力A,17.14,1.0,0.17,0.18,0.96,0.8,2.18,0.65亿,3.93亿,67.32亿,51.27
767,808,000061,农产品,7.28,2.39,0.17,-0.14,0.42,0.99,3.66,0.51亿,16.97亿,123.54亿,29.57
768,809,000417,合百集团,6.25,2.8,0.17,0.0,3.81,1.41,6.42,1.85亿,7.79亿,48.69亿,17.52
769,810,000596,古井贡酒,172.28,0.1,0.17,0.01,0.5,1.0,2.85,3.55亿,4.09亿,703.94亿,14.39
770,691,300869,康泰医学,14.59,1.46,0.21,0.07,1.34,1.01,3.55,0.49亿,2.52亿,36.70亿,443.98
771,692,301017,漱玉平民,12.73,1.68,0.21,0.16,1.33,0.65,4.23,0.41亿,2.43亿,30.98亿,--
772,693,301201,诚达药业,21.08,1.01,0.21,-0.05,1.16,0.7,2.54,0.21亿,0.87亿,18.38亿,60.56
773,694,301209,联合化学,27.07,0.78,0.21,0.0,4.91,0.51,3.69,0.33亿,0.24亿,6.63亿,36.84
774,695,430685,新芝生物,10.84,1.98,0.21,0.0,1.15,0.57,3.48,0.07亿,0.55亿,5.92亿,34.36
775,696,600389,江山股份,14.81,1.44,0.21,-0.07,0.6,0.89,3.84,0.39亿,4.31亿,63.78亿,27.89
776,697,600990,四创电子,22.12,0.96,0.21,0.0,1.99,1.13,2.42,1.20亿,2.69亿,59.51亿,--
777,698,601606,长城军工,12.26,1.74,0.21,0.25,2.01,0.96,2.16,1.79亿,7.24亿,88.79亿,--
778,699,603299,苏盐井神,11.42,1.87,0.21,0.0,1.81,1.65,2.5,1.59亿,7.73亿,88.33亿,10.22
779,700,603383,顶点软件,39.78,0.53,0.21,-0.03,2.6,1.15,4.47,2.13亿,2.04亿,81.35亿,60.53
780,401,300982,苏文电能,18.99,1.93,0.36,-0.11,2.03,1.05,3.76,0.74亿,1.94亿,36.82亿,54.61
781,402,600037,歌华有线,7.88,4.79,0.36,-0.13,2.95,2.42,8.91,3.28亿,13.92亿,109.67亿,--
782,403,688136,科兴制药,22.2,1.65,0.36,0.14,2.4,0.94,4.95,1.06亿,2.00亿,44.32亿,193.50
783,404,688336,三生国健,21.85,1.68,0.36,0.09,0.21,1.22,2.7,0.29亿,6.17亿,134.77亿,43.37
784,405,834682,球冠电缆,8.1,4.65,0.36,0.0,3.66,1.77,6.33,0.46亿,1.57亿,12.71亿,19.02
785,406,873305,九菱科技,19.86,1.85,0.36,0.0,3.16,1.2,5.74,0.23亿,0.36亿,7.20亿,54.31
786,407,920111,聚星科技,25.25,1.45,0.36,0.0,11.55,1.53,8.56,1.09亿,0.37亿,9.31亿,40.27
787,408,000029,深深房A,15.41,2.32,0.35,0.0,0.4,0.99,3.59,0.54亿,8.92亿,137.41亿,2329.76
788,409,000915,华特达因,27.19,1.3,0.35,-0.04,3.48,1.37,2.38,2.20亿,2.34亿,63.68亿,13.08
789,410,002912,中新赛克,26.57,1.33,0.35,-0.08,1.71,0.87,3.01,0.74亿,1.62亿,43.10亿,--
790,891,600801,华新水泥,12.27,1.32,0.16,-0.08,0.63,0.81,2.64,1.04亿,13.44亿,164.94亿,16.81
791,892,600802,福建水泥,3.86,4.32,0.16,-0.26,3.13,1.33,7.57,0.55亿,4.58亿,17.69亿,--
792,893,600965,福成股份,5.16,3.2,0.16,-0.19,6.82,1.09,7.0,2.84亿,8.19亿,42.24亿,109.49
793,894,601022,宁波远洋,8.3,1.97,0.16,0.0,3.06,1.37,2.46,0.63亿,2.49亿,20.64亿,20.12
794,895,601126,四方股份,17.14,0.94,0.16,0.0,0.97,0.91,2.42,1.36亿,8.19亿,140.35亿,17.59
795,896,601579,会稽山,11.26,1.44,0.16,-0.09,0.88,0.77,2.88,0.47亿,4.79亿,53.99亿,35.95
796,897,601890,亚星锚链,8.08,2.02,0.16,0.0,1.75,1.09,2.15,1.35亿,9.59亿,77.52亿,30.10
797,898,603172,万丰股份,13.55,1.2,0.16,0.07,3.66,0.69,2.61,0.25亿,0.50亿,6.79亿,69.14
798,899,603368,柳药集团,18.48,0.87,0.16,0.0,1.71,1.32,2.18,1.25亿,3.97亿,73.40亿,7.72
799,900,603599,广信股份,12.05,1.35,0.16,-0.08,0.84,1.54,2.77,0.92亿,9.10亿,109.69亿,14.33
800,931,002647,仁东控股,6.19,2.48,0.15,0.0,2.76,0.87,3.81,0.96亿,5.60亿,34.66亿,--
801,932,002797,第一创业,8.82,1.73,0.15,0.11,4.25,1.04,4.04,15.79亿,42.02亿,370.65亿,43.36
802,933,002810,山东赫达,13.46,1.13,0.15,0.0,1.85,0.55,2.78,0.80亿,3.20亿,43.07亿,17.75
803,934,300181,佐力药业,15.55,0.97,0.15,-0.19,1.74,0.87,3.25,1.63亿,6.01亿,93.47亿,19.41
804,935,300222,科大智能,10.58,1.44,0.15,0.19,4.68,0.84,3.74,3.17亿,6.36亿,67.26亿,204.63
805,936,300390,天华新能,24.13,0.63,0.15,-0.08,1.42,0.94,3.17,2.31亿,6.72亿,162.23亿,16.28
806,937,300520,科大国创,24.95,0.6,0.15,0.04,6.5,0.67,3.31,4.56亿,2.77亿,69.20亿,--
807,938,300663,科蓝软件,18.22,0.83,0.15,0.0,4.37,0.8,4.48,3.46亿,4.31亿,78.55亿,--
808,939,300950,德固特,16.78,0.9,0.15,0.0,1.88,0.72,2.35,0.28亿,0.90亿,15.06亿,19.29
809,940,301092,争光股份,24.14,0.62,0.15,0.17,2.37,0.86,2.63,0.25亿,0.43亿,10.42亿,31.38
810,711,000685,中山公用,9.47,2.16,0.2,-0.11,1.75,1.34,2.7,2.06亿,12.54亿,118.75亿,10.25
811,712,000938,紫光股份,28.96,0.69,0.2,0.04,9.55,1.93,7.06,81.03亿,28.60亿,828.28亿,39.28
812,713,000969,安泰科技,11.56,1.76,0.2,0.09,2.45,1.31,2.55,2.90亿,10.26亿,118.61亿,26.79
813,714,001979,招商蛇口,10.35,1.97,0.2,0.1,0.84,1.21,2.37,7.21亿,83.23亿,861.38亿,27.05
814,715,002125,湘潭电化,10.5,1.94,0.2,0.0,1.43,0.94,2.23,0.95亿,6.29亿,66.10亿,20.3
815,716,002441,众业达,7.98,2.57,0.2,0.0,1.45,1.09,3.6,0.46亿,3.99亿,31.85亿,23.3
816,717,002626,金达威,15.67,1.29,0.2,-0.06,0.69,1.02,2.07,0.65亿,6.10亿,95.56亿,32.47
817,718,300018,中元股份,7.04,2.92,0.2,0.0,4.33,1.0,4.53,1.16亿,3.81亿,26.83亿,38.18
818,719,300219,鸿利智汇,8.02,2.56,0.2,0.0,4.32,1.6,6.91,2.48亿,7.07亿,56.67亿,46.61
819,720,300633,开立医疗,30.83,0.65,0.2,-0.07,0.54,0.86,3.92,0.72亿,4.33亿,133.41亿,91.81
820,881,301356,天振股份,16.32,0.99,0.16,-0.06,1.22,0.55,2.85,0.11亿,0.55亿,8.94亿,--
821,882,301363,美好医疗,31.52,0.51,0.16,-0.1,3.41,1.43,7.01,1.21亿,1.12亿,35.35亿,37.28
822,883,600004,白云机场,9.86,1.65,0.16,0.0,0.88,1.72,1.96,2.04亿,23.67亿,233.36亿,26.20
823,884,600007,中国国贸,24.43,0.66,0.16,-0.08,0.25,0.92,1.77,0.62亿,10.07亿,246.08亿,18.12
824,885,600216,浙江医药,16.27,0.99,0.16,0.06,1.18,1.05,2.11,1.85亿,9.62亿,156.46亿,13.81
825,886,600310,广西能源,4.79,3.46,0.16,0.0,1.25,1.02,3.89,0.87亿,14.66亿,70.21亿,11.71
826,887,600380,健康元,11.51,1.41,0.16,0.09,0.76,1.25,2.03,1.63亿,18.74亿,215.72亿,14.55
827,888,600459,贵研铂业,14.11,1.15,0.16,0.07,0.86,1.23,1.86,0.92亿,7.54亿,106.37亿,18.08
828,889,600508,上海能源,13.46,1.2,0.16,0.07,0.66,1.02,1.73,0.64亿,7.23亿,97.28亿,11.66
829,890,600648,外高桥,12.12,1.34,0.16,0.17,0.59,1.07,2.17,0.67亿,9.35亿,113.30亿,23.61
830,1081,600206,有研新材,16.62,0.79,0.13,-0.24,5.57,1.02,3.21,7.88亿,8.47亿,140.70亿,92.09
831,1082,600428,中远海特,7.18,1.84,0.13,0.14,1.72,1.41,2.84,2.63亿,21.47亿,154.13亿,9.62
832,1083,600483,福能股份,10.05,1.31,0.13,0.0,0.64,0.87,2.12,1.77亿,27.80亿,279.40亿,11.82
833,1084,600585,海螺水泥,24.03,0.54,0.13,-0.04,0.33,0.96,1.38,3.19亿,40.00亿,961.13亿,18.37
834,1085,600635,大众公用,4.45,3.01,0.13,0.0,5.31,1.9,9.49,5.71亿,24.19亿,107.64亿,57.85
835,1086,600664,哈药股份,3.96,3.39,0.13,0.0,1.48,1.53,4.96,1.45亿,25.19亿,99.73亿,14.72
836,1087,600722,金牛化工,4.89,2.73,0.13,0.0,1.76,0.86,3.78,0.59亿,6.80亿,33.27亿,64.04
837,1088,600742,一汽富维,9.12,1.45,0.13,0.11,0.91,0.68,2.0,0.62亿,7.43亿,67.77亿,12.68
838,1089,600822,上海物贸,10.48,1.26,0.13,-0.1,2.58,0.5,3.87,1.07亿,3.96亿,41.52亿,85.15
839,1090,601020,华钰矿业,13.25,0.99,0.13,0.0,1.89,0.8,2.21,2.05亿,8.20亿,108.64亿,53.27
840,481,002350,北京科锐,7.68,4.07,0.3,0.13,15.68,1.9,9.62,6.41亿,5.29亿,40.63亿,1635.34
841,482,002352,顺丰控股,40.65,0.74,0.3,0.07,0.3,0.76,1.44,5.80亿,47.89亿,1946.62亿,19.96
842,483,002467,二六三,5.92,5.34,0.3,0.0,15.63,2.27,9.43,12.66亿,13.63亿,80.71亿,94.67
843,484,002657,中科金财,19.15,1.59,0.3,0.0,7.08,0.74,6.1,4.56亿,3.36亿,64.41亿,--
844,485,002683,广东宏大,27.67,1.1,0.3,0.04,0.62,1.13,3.43,1.15亿,6.60亿,182.73亿,24.27
845,486,003039,顺控发展,13.58,2.26,0.3,-0.15,0.53,1.1,3.31,0.44亿,6.18亿,83.86亿,30.74
846,487,300777,中简科技,30.19,1.0,0.3,0.73,6.49,1.74,6.89,8.52亿,4.24亿,127.93亿,43.07
847,488,300878,维康药业,17.53,1.74,0.3,-0.06,0.85,0.65,3.95,0.21亿,1.44亿,25.26亿,43.17
848,489,301037,保立佳,10.22,3.02,0.3,0.0,5.41,0.86,6.75,0.28亿,0.50亿,5.10亿,--
849,490,301111,粤万年青,16.69,1.83,0.3,0.18,1.31,0.83,3.05,0.35亿,1.60亿,26.70亿,142.04
850,1071,301172,君逸数码,28.13,0.46,0.13,0.11,1.97,0.73,2.07,0.39亿,0.70亿,19.76亿,85.91
851,1072,301216,万凯新材,10.43,1.26,0.13,0.0,1.08,1.11,2.52,0.32亿,2.85亿,29.69亿,--
852,1073,301218,华是科技,22.57,0.58,0.13,0.0,4.22,0.8,2.81,0.55亿,0.57亿,12.87亿,--
853,1074,301321,翰博高新,15.31,0.86,0.13,-0.52,1.58,0.77,3.75,0.36亿,1.48亿,22.60亿,--
854,1075,301448,开创电气,21.49,0.61,0.13,0.14,1.83,0.65,2.44,0.19亿,0.48亿,10.28亿,30.59
855,1076,600021,上海电力,9.37,1.41,0.13,0.21,1.3,0.9,1.62,3.16亿,26.17亿,245.23亿,8.05
856,1077,600026,中远海能,12.05,1.09,0.13,-0.08,0.75,0.63,1.93,3.12亿,34.75亿,418.71亿,12.62
857,1078,600135,乐凯胶片,6.82,1.94,0.13,0.0,1.22,0.7,3.89,0.46亿,5.53亿,37.74亿,--
858,1079,600197,伊力特,17.51,0.75,0.13,0.0,0.86,0.89,2.24,0.71亿,4.72亿,82.65亿,25.71
859,1080,600200,江苏吴中,9.5,1.39,0.13,0.11,1.7,0.88,3.31,1.15亿,7.11亿,67.53亿,112.56
860,1061,300601,康泰生物,17.75,0.74,0.13,0.0,0.71,1.01,2.44,1.11亿,8.81亿,156.45亿,42.35
861,1062,300618,寒锐钴业,35.13,0.37,0.13,0.09,1.42,0.81,2.17,1.35亿,2.71亿,95.31亿,48.60
862,1063,300865,大宏立,24.4,0.54,0.13,-0.2,2.42,0.62,2.64,0.40亿,0.68亿,16.53亿,92.93
863,1064,300883,龙利得,5.63,2.36,0.13,0.36,2.95,0.72,5.27,0.54亿,3.28亿,18.46亿,282.43
864,1065,300912,凯龙高科,12.18,1.08,0.13,0.16,2.56,0.58,4.48,0.27亿,0.86亿,10.45亿,--
865,1066,300983,尤安设计,17.55,0.75,0.13,0.0,0.64,0.95,2.35,0.13亿,1.18亿,20.76亿,--
866,1067,301055,张小泉,16.77,0.78,0.13,0.24,1.43,0.59,4.63,0.38亿,1.56亿,26.16亿,114.07
867,1068,301063,海锅股份,16.43,0.8,0.13,-0.12,1.29,0.67,2.09,0.18亿,0.85亿,14.01亿,55.85
868,1069,301073,君亭酒店,22.43,0.58,0.13,0.13,4.39,0.96,3.0,1.11亿,1.12亿,25.17亿,178.62
869,1070,301087,可孚医疗,36.61,0.36,0.13,-0.16,1.04,0.75,1.75,0.34亿,0.91亿,33.16亿,22.79
870,1041,832419,路斯股份,14.2,1.0,0.14,0.0,1.63,1.04,3.77,0.22亿,0.94亿,13.29亿,18.56
871,1042,836807,奔朗新材,8.46,1.68,0.14,0.0,2.48,0.8,4.69,0.24亿,1.16亿,9.86亿,44.05
872,1043,839371,欧福蛋业,7.24,1.97,0.14,0.0,5.48,0.96,5.63,0.23亿,0.58亿,4.18亿,21.89
873,1044,839729,永顺生物,6.89,2.07,0.14,0.0,1.66,1.07,3.7,0.09亿,0.80亿,5.54亿,48.77
874,1045,000089,深圳机场,7.07,1.87,0.13,-0.14,0.75,1.66,2.31,1.09亿,20.51亿,144.99亿,33.27
875,1046,000559,万向钱潮,6.39,2.08,0.13,0.16,0.82,1.42,3.99,1.74亿,33.04亿,211.11亿,22.10
876,1047,000565,渝三峡A,5.55,2.4,0.13,0.0,1.12,0.73,6.83,0.27亿,4.34亿,24.06亿,120.05
877,1048,000566,海南海药,5.04,2.65,0.13,0.0,2.38,0.97,5.7,1.40亿,11.66亿,58.76亿,--
878,1049,000688,国城矿业,12.84,1.02,0.13,0.0,0.99,1.26,5.11,1.44亿,11.18亿,143.51亿,206.91
879,1050,000990,诚志股份,7.98,1.66,0.13,0.0,0.96,1.04,2.93,0.93亿,12.15亿,96.98亿,33.29
880,701,603883,老百姓,17.39,1.22,0.21,0.0,2.68,1.17,4.89,3.54亿,7.58亿,131.80亿,15.73
881,702,605011,杭州热电,22.34,0.95,0.21,0.0,0.88,0.73,2.12,0.79亿,4.00亿,89.38亿,39.66
882,703,688167,炬光科技,63.52,0.33,0.21,0.03,2.65,1.15,4.5,1.55亿,0.90亿,57.40亿,--
883,704,688367,工大高科,15.99,1.33,0.21,0.06,1.03,0.84,4.31,0.15亿,0.88亿,14.01亿,56.19
884,705,688586,江航装备,9.81,2.19,0.21,-0.1,1.1,1.87,1.98,0.86亿,7.91亿,77.63亿,42.62
885,706,834639,晨光电缆,6.2,3.51,0.21,0.0,2.63,1.12,6.18,0.19亿,1.17亿,7.27亿,26.32
886,707,871634,新威凌,16.1,1.32,0.21,0.0,1.34,0.58,3.59,0.07亿,0.33亿,5.28亿,34.31
887,708,000505,京粮控股,6.47,3.19,0.2,-0.15,2.16,1.59,4.31,0.87亿,6.32亿,40.91亿,126.64
888,709,000550,江铃汽车,24.8,0.81,0.2,0.0,1.28,1.09,2.03,1.64亿,5.18亿,128.58亿,13.77
889,710,000593,德龙汇能,5.63,3.68,0.2,0.0,1.95,1.03,4.24,0.39亿,3.58亿,20.18亿,35.77
890,971,000021,深科技,20.66,0.68,0.14,-0.05,6.13,1.19,3.75,19.85亿,15.60亿,322.38亿,36.56
891,972,000028,国药一致,30.39,0.46,0.14,0.0,0.72,0.86,1.65,1.04亿,4.78亿,145.28亿,11.9
892,973,000035,中国天楹,5.05,2.85,0.14,0.4,1.03,1.16,3.67,1.25亿,24.26亿,122.50亿,26.06
893,974,000058,深赛格,8.32,1.71,0.14,0.12,1.44,0.98,3.79,1.18亿,9.85亿,81.93亿,201.51
894,975,000155,川能动力,11.26,1.26,0.14,0.0,0.96,1.03,2.43,1.59亿,14.76亿,166.19亿,24.75
895,976,000403,派林生物,21.39,0.66,0.14,-0.05,0.71,0.67,2.17,1.03亿,6.85亿,146.46亿,21.61
896,977,000776,广发证券,16.6,0.85,0.14,-0.06,0.71,1.44,2.07,7.03亿,59.19亿,982.60亿,14.03
897,978,000876,新希望,9.29,1.53,0.14,0.0,0.51,1.08,2.73,2.14亿,45.00亿,418.02亿,205.76
898,979,000895,双汇发展,26.23,0.54,0.14,0.0,0.27,0.73,1.53,2.39亿,34.64亿,908.64亿,17.91
899,980,001358,兴欣新材,22.99,0.61,0.14,0.04,1.43,0.57,1.58,0.15亿,0.47亿,10.78亿,34.15
900,1121,000973,佛塑科技,6.15,1.99,0.12,-0.16,3.64,0.85,4.15,2.17亿,9.67亿,59.50亿,53.61
901,1122,000987,越秀资本,7.4,1.65,0.12,-0.27,0.49,1.26,3.02,1.80亿,50.15亿,371.13亿,16.20
902,1123,001239,永达股份,16.4,0.74,0.12,0.0,4.51,0.62,4.18,0.84亿,1.14亿,18.70亿,65.37
903,1124,002057,中钢天源,7.6,1.6,0.12,0.0,0.94,0.88,2.14,0.54亿,7.50亿,57.01亿,27.49
904,1125,002160,常铝股份,3.86,3.21,0.12,-0.26,2.53,1.21,5.35,0.77亿,7.94亿,30.63亿,58.22
905,1126,002274,华昌化工,7.9,1.54,0.12,0.0,1.07,1.05,2.31,0.79亿,9.38亿,74.09亿,10.65
906,1127,002507,涪陵榨菜,14.48,0.84,0.12,-0.07,0.79,0.94,2.09,1.32亿,11.49亿,166.36亿,18.68
907,1128,002549,凯美特气,6.51,1.88,0.12,0.0,0.91,0.82,3.44,0.41亿,6.92亿,45.07亿,--
908,1129,002585,双星新材,5.64,2.17,0.12,0.18,1.46,0.93,3.8,0.74亿,8.93亿,50.36亿,--
909,1130,002675,东诚药业,12.51,0.97,0.12,0.16,0.66,0.99,3.31,0.62亿,7.43亿,92.99亿,46.37
910,1111,873527,夜光明,12.55,1.05,0.13,0.0,4.74,0.78,4.27,0.22亿,0.36亿,4.56亿,51.73
911,1112,920118,太湖远大,25.1,0.52,0.13,0.0,2.77,0.73,2.32,0.10亿,0.14亿,3.46亿,20.67
912,1113,000301,东方盛虹,8.47,1.44,0.12,-0.12,0.18,0.86,2.04,0.83亿,54.97亿,465.60亿,--
913,1114,000404,长虹华意,7.78,1.57,0.12,0.0,2.14,1.18,1.96,1.15亿,6.93亿,53.91亿,10.80
914,1115,000812,陕西金叶,4.68,2.63,0.12,0.0,3.6,0.9,3.51,1.29亿,7.68亿,35.95亿,45.80
915,1116,000850,华茂股份,4.32,2.86,0.12,0.23,1.54,1.09,3.81,0.62亿,9.43亿,40.75亿,20.10
916,1117,000917,电广传媒,7.38,1.65,0.12,-0.14,2.44,0.84,3.72,2.56亿,14.17亿,104.61亿,128.65
917,1118,000958,电投产融,6.53,1.87,0.12,0.0,0.76,0.87,2.65,2.65亿,53.83亿,351.54亿,34.55
918,1119,000966,长源电力,4.91,2.5,0.12,0.0,0.98,1.41,3.13,1.32亿,27.49亿,134.99亿,14.11
919,1120,000967,盈峰环境,5.14,2.39,0.12,0.0,0.41,1.25,2.39,0.67亿,31.65亿,162.70亿,20.23
920,1141,300768,迪普科技,18.47,0.65,0.12,0.16,1.24,0.88,3.38,0.97亿,4.21亿,77.70亿,96.54
921,1142,300834,星辉环材,20.35,0.59,0.12,-0.15,0.75,0.5,2.87,0.09亿,0.61亿,12.50亿,41.62
922,1143,300929,华骐环保,8.62,1.41,0.12,-0.23,2.1,0.64,4.0,0.22亿,1.23亿,10.61亿,--
923,1144,300986,志特新材,12.56,0.96,0.12,0.0,0.64,0.69,2.49,0.20亿,2.46亿,30.93亿,39.13
924,1145,301022,海泰科,21.24,0.57,0.12,0.05,1.97,0.64,2.13,0.22亿,0.52亿,11.09亿,43.95
925,1146,301032,新柴股份,9.88,1.23,0.12,0.0,4.31,1.45,3.59,0.68亿,1.59亿,15.67亿,38.21
926,1147,301048,金鹰重工,10.17,1.19,0.12,-0.1,2.58,0.95,4.58,1.39亿,5.33亿,54.24亿,38.84
927,1148,301056,森赫股份,8.45,1.44,0.12,0.0,0.76,0.73,2.52,0.17亿,2.67亿,22.54亿,21.24
928,1149,301062,上海艾录,12.57,0.96,0.12,0.08,2.32,0.78,3.29,0.81亿,2.78亿,34.98亿,59.54
929,1150,301177,迪阿股份,23.5,0.51,0.12,-0.04,2.33,0.64,2.35,0.22亿,0.40亿,9.40亿,349.26
930,1161,600657,信达地产,4.43,2.78,0.12,0.23,0.83,1.08,3.71,1.04亿,28.52亿,126.34亿,--
931,1162,600717,天津港,4.96,2.48,0.12,0.0,0.96,1.44,2.69,1.36亿,28.94亿,143.54亿,12.06
932,1163,600739,辽宁成大,10.77,1.13,0.12,0.0,0.81,1.04,2.16,1.33亿,15.30亿,164.75亿,17.37
933,1164,600783,鲁信创投,13.29,0.91,0.12,0.08,0.54,1.29,2.66,0.53亿,7.44亿,98.93亿,23.91
934,1165,600789,鲁抗医药,9.28,1.31,0.12,0.0,9.62,0.66,3.71,7.99亿,8.99亿,83.40亿,18.02
935,1166,600825,新华传媒,6.85,1.78,0.12,0.0,2.88,0.85,5.05,2.08亿,10.45亿,71.57亿,548.20
936,1167,600874,创业环保,6.07,2.02,0.12,-0.16,0.89,1.22,2.35,0.66亿,12.30亿,74.69亿,10.55
937,1168,600879,航天电子,9.27,1.31,0.12,0.0,1.99,1.94,3.61,6.01亿,32.29亿,299.34亿,40.83
938,1169,600956,新天绿能,7.59,1.61,0.12,0.0,0.25,1.21,2.28,0.41亿,21.65亿,164.35亿,16.01
939,1170,601233,桐昆股份,12.02,1.01,0.12,0.17,1.05,1.34,1.68,3.02亿,23.96亿,287.99亿,21.59
940,1101,603477,巨星农牧,18.89,0.69,0.13,0.0,1.73,1.27,3.04,1.66亿,5.10亿,96.35亿,27.85
941,1102,603659,璞泰来,16.46,0.8,0.13,0.06,0.96,1.23,5.27,3.41亿,21.36亿,351.65亿,21.30
942,1103,688013,天臣医疗,18.17,0.72,0.13,-0.66,0.62,0.52,2.66,0.09亿,0.81亿,14.75亿,25.87
943,1104,688265,南模生物,23.51,0.56,0.13,-0.47,0.59,0.65,1.97,0.07亿,0.49亿,11.61亿,--
944,1105,688272,富吉瑞,16.93,0.77,0.13,-0.12,1.32,0.95,3.87,0.17亿,0.76亿,12.87亿,87.95
945,1106,688373,盟科药业,5.13,2.6,0.13,0.0,2.04,1.0,3.6,0.38亿,3.66亿,18.76亿,--
946,1107,688519,南亚新材,21.38,0.61,0.13,-0.05,0.98,1.56,5.08,0.50亿,2.35亿,50.19亿,68.62
947,1108,688616,西力科技,10.72,1.23,0.13,-0.09,0.63,0.65,3.12,0.12亿,1.79亿,19.23亿,19.24
948,1109,831834,三维股份,7.72,1.71,0.13,0.0,1.17,0.77,5.93,0.06亿,0.63亿,4.85亿,25.28
949,1110,838030,德众汽车,5.97,2.23,0.13,0.0,3.94,0.98,5.14,0.23亿,0.98亿,5.83亿,174.78
950,411,300493,润欣科技,27.54,1.29,0.35,0.0,21.23,1.0,12.43,29.73亿,5.01亿,137.97亿,285.11
951,412,300966,共同药业,16.65,2.15,0.35,0.12,2.43,1.02,3.37,0.30亿,0.75亿,12.51亿,--
952,413,301258,富士莱,24.58,1.45,0.35,0.04,2.63,0.76,2.68,0.22亿,0.34亿,8.32亿,122.07
953,414,600482,中国动力,24.84,1.43,0.35,0.0,1.14,1.29,2.29,6.38亿,22.52亿,559.33亿,56.45
954,415,603707,健友股份,13.32,2.7,0.35,0.08,0.38,1.2,4.55,0.81亿,16.16亿,215.20亿,26.64
955,416,603708,家家悦,11.3,3.2,0.35,0.0,2.83,1.69,6.67,2.05亿,6.38亿,72.13亿,28.78
956,417,688030,山石网科,16.49,2.17,0.35,0.0,2.39,0.78,9.23,0.72亿,1.80亿,29.72亿,--
957,418,688339,亿华通,24.37,1.46,0.35,0.16,2.26,1.51,4.62,0.89亿,1.59亿,38.84亿,--
958,419,001965,招商公路,13.91,2.51,0.34,-0.29,0.26,1.08,3.76,2.47亿,68.20亿,948.71亿,17.10
959,420,002221,东华能源,10.05,3.5,0.34,-0.1,1.58,1.51,4.63,2.30亿,14.61亿,146.82亿,90.50
960,1151,301257,普蕊斯,28.46,0.42,0.12,-0.11,2.64,0.98,1.83,0.36亿,0.48亿,13.52亿,23.48
961,1152,301362,民爆光电,40.66,0.3,0.12,0.17,1.28,0.7,1.68,0.16亿,0.30亿,12.06亿,17.06
962,1153,301608,博实结,73.91,0.16,0.12,0.0,21.71,1.26,6.17,2.79亿,0.17亿,12.50亿,36.61
963,1154,600032,浙江新能,7.65,1.59,0.12,0.13,0.25,1.03,1.99,0.45亿,24.05亿,183.96亿,21.43
964,1155,600133,东湖高新,9.73,1.25,0.12,-0.21,1.85,0.91,3.02,1.92亿,10.66亿,103.75亿,35.60
965,1156,600138,中青旅,10.55,1.15,0.12,0.0,2.26,1.06,2.4,1.73亿,7.24亿,76.37亿,37.42
966,1157,600259,广晟有色,28.58,0.42,0.12,0.0,0.73,0.93,1.55,0.69亿,3.29亿,94.17亿,--
967,1158,600267,海正药业,8.4,1.45,0.12,0.0,0.9,1.21,2.29,0.91亿,11.98亿,100.65亿,14.77
968,1159,600550,保变电气,8.25,1.48,0.12,-0.12,1.66,1.1,2.71,2.53亿,18.42亿,151.93亿,135.01
969,1160,600559,老白干酒,21.4,0.56,0.12,0.0,1.74,0.94,2.3,3.35亿,9.04亿,193.51亿,26.40
970,1131,002978,安宁股份,29.3,0.41,0.12,-0.03,0.32,0.76,1.34,0.28亿,2.99亿,87.61亿,12.90
971,1132,300026,红日药业,3.93,3.15,0.12,0.0,2.37,1.38,5.25,2.48亿,26.86亿,105.56亿,52.59
972,1133,300037,新宙邦,36.96,0.33,0.12,0.05,1.05,0.74,1.6,2.12亿,5.46亿,201.89亿,29.79
973,1134,300053,航宇微,14.02,0.86,0.12,0.0,4.89,1.08,4.53,4.44亿,6.35亿,89.09亿,--
974,1135,300311,任子行,6.21,1.97,0.12,0.0,4.17,0.73,4.93,1.40亿,5.37亿,33.37亿,--
975,1136,300339,润和软件,52.96,0.23,0.12,-0.04,5.69,1.0,4.24,23.77亿,7.78亿,411.86亿,285.81
976,1137,300416,苏试试验,12.43,0.97,0.12,0.0,1.49,0.93,2.6,0.94亿,5.05亿,62.79亿,32.39
977,1138,300477,合纵科技,3.05,4.1,0.12,0.0,4.8,1.06,7.17,1.38亿,9.35亿,28.53亿,--
978,1139,300569,天能重工,5.15,2.39,0.12,0.0,1.36,1.24,2.98,0.71亿,10.18亿,52.43亿,685.64
979,1140,300648,星云股份,24.3,0.5,0.12,0.0,2.02,0.72,2.27,0.52亿,1.06亿,25.80亿,--
980,1051,002166,莱茵生物,7.99,1.65,0.13,0.0,2.69,1.2,3.31,1.11亿,5.17亿,41.27亿,43.75
981,1052,002311,海大集团,48.28,0.27,0.13,-0.02,0.21,0.97,2.14,1.72亿,16.63亿,802.66亿,16.62
982,1053,002440,闰土股份,6.73,1.97,0.13,-0.15,0.58,1.05,2.42,0.37亿,9.46亿,63.69亿,37.59
983,1054,002466,天齐锂业,34.13,0.38,0.13,0.0,1.08,1.03,1.94,5.47亿,14.76亿,503.86亿,--
984,1055,002543,万和电气,10.37,1.27,0.13,0.0,0.6,0.94,1.95,0.41亿,6.62亿,68.61亿,12.74
985,1056,002745,木林森,8.9,1.48,0.13,-0.22,2.62,1.47,3.42,2.48亿,10.65亿,94.76亿,27.30
986,1057,002928,华夏航空,8.03,1.65,0.13,0.0,0.83,0.86,2.79,0.85亿,12.78亿,102.64亿,25.11
987,1058,300271,华宇软件,7.37,1.8,0.13,0.27,1.99,0.76,4.28,1.18亿,8.02亿,59.09亿,--
988,1059,300437,清水源,9.31,1.42,0.13,0.0,2.6,0.81,3.38,0.43亿,1.76亿,16.37亿,--
989,1060,300472,新元科技,7.02,1.89,0.13,0.0,4.14,0.68,5.51,0.73亿,2.51亿,17.59亿,--
990,1331,603588,高能环境,5.43,1.88,0.1,0.0,1.29,1.05,2.81,1.06亿,15.23亿,82.71亿,11.06
991,1332,603699,纽威股份,22.35,0.45,0.1,0.05,0.36,0.6,2.02,0.61亿,7.55亿,168.67亿,15.56
992,1333,688151,华强科技,16.27,0.62,0.1,-0.31,0.71,0.72,1.36,0.12亿,1.02亿,16.62亿,152.31
993,1334,688179,阿拉丁,14.55,0.69,0.1,-0.21,0.48,0.58,3.25,0.19亿,2.77亿,40.36亿,41.71
994,1335,688199,久日新材,15.68,0.64,0.1,-0.25,1.11,0.9,2.82,0.28亿,1.61亿,25.28亿,--
995,1336,688203,海正生材,9.96,1.01,0.1,-0.3,0.56,0.55,2.64,0.07亿,1.18亿,11.73亿,45.26
996,1337,688222,成都先导,13.07,0.77,0.1,-0.23,1.44,0.63,4.24,0.76亿,4.01亿,52.37亿,130.40
997,1338,688335,复洁环保,8.8,1.15,0.1,0.0,0.74,0.88,4.02,0.10亿,1.48亿,13.03亿,--
998,1339,688496,清越科技,9.13,1.11,0.1,-0.44,1.69,0.68,7.09,0.37亿,2.34亿,21.33亿,--
999,1340,831445,龙竹科技,7.76,1.31,0.1,0.0,2.85,0.63,3.52,0.23亿,1.05亿,8.17亿,47.73
1000,1091,601136,首创证券,23.38,0.56,0.13,0.0,5.47,1.44,2.19,6.17亿,4.81亿,112.57亿,63.93
1001,1092,601166,兴业银行,19.35,0.68,0.13,0.05,0.34,0.94,1.82,13.62亿,207.74亿,4019.83亿,4.79
1002,1093,601179,中国西电,7.88,1.68,0.13,0.0,0.97,0.93,2.84,3.90亿,51.26亿,403.92亿,38.51
1003,1094,601566,九牧王,8.37,1.58,0.13,0.0,0.52,0.83,2.67,0.25亿,5.75亿,48.10亿,26.7
1004,1095,601666,平煤股份,9.83,1.34,0.13,-0.1,1.54,1.5,2.89,3.71亿,24.69亿,242.74亿,8.92
1005,1096,601727,上海电气,8.16,1.62,0.13,0.12,2.05,1.35,4.73,21.31亿,126.55亿,1032.67亿,125.74
1006,1097,601990,南京证券,9.05,1.46,0.13,0.22,1.2,1.01,3.25,3.97亿,36.60亿,331.21亿,35.95
1007,1098,603107,上海汽配,17.71,0.74,0.13,0.06,2.43,0.66,2.62,0.94亿,2.18亿,38.64亿,33.27
1008,1099,603167,渤海轮渡,9.1,1.45,0.13,0.22,1.57,0.75,2.23,0.66亿,4.69亿,42.69亿,12.45
1009,1100,603357,设计总院,9.24,1.43,0.13,0.0,1.16,0.9,1.65,0.59亿,5.51亿,50.87亿,12.36
1010,1271,001360,南矿集团,13.71,0.73,0.1,-0.07,1.4,0.8,2.57,0.16亿,0.82亿,11.21亿,32.69
1011,1272,002031,巨轮智能,5.4,1.89,0.1,0.0,14.12,1.09,4.91,15.31亿,19.82亿,107.04亿,1524.73
1012,1273,002065,东华软件,7.57,1.34,0.1,0.0,2.12,0.99,4.02,4.70亿,29.08亿,220.13亿,37.15
1013,1274,002108,沧州明珠,3.69,2.79,0.1,0.0,1.52,1.41,4.46,0.92亿,16.48亿,60.82亿,33.30
1014,1275,002229,鸿博股份,12.77,0.79,0.1,0.0,6.26,0.6,3.16,3.97亿,4.93亿,62.98亿,--
1015,1276,002263,大东南,2.56,4.07,0.1,0.0,2.01,1.3,7.32,0.97亿,18.78亿,48.09亿,--
1016,1277,002269,美邦服饰,2.13,4.93,0.1,0.0,8.0,0.97,8.87,4.27亿,25.12亿,53.52亿,77.45
1017,1278,002355,兴民智通,6.78,1.5,0.1,0.0,3.97,0.81,3.74,1.67亿,6.18亿,41.91亿,23.37
1018,1279,002375,亚厦股份,4.0,2.56,0.1,0.0,1.19,1.0,3.85,0.63亿,13.27亿,53.07亿,15.89
1019,1280,002376,新北洋,6.84,1.48,0.1,0.0,3.13,0.71,4.01,1.50亿,6.99亿,47.80亿,94.85
1020,1241,603387,基蛋生物,8.36,1.33,0.11,0.0,0.61,0.98,2.18,0.26亿,5.07亿,42.40亿,15.72
1021,1242,603938,三孚股份,11.24,0.99,0.11,-0.09,0.41,0.79,1.98,0.18亿,3.83亿,43.01亿,63.83
1022,1243,688011,新光光电,16.16,0.69,0.11,-0.06,0.68,0.72,3.3,0.11亿,1.00亿,16.16亿,--
1023,1244,688067,爱威科技,17.27,0.64,0.11,0.0,0.7,0.48,2.74,0.08亿,0.68亿,11.74亿,35.05
1024,1245,688092,爱科科技,21.24,0.52,0.11,-0.09,1.13,1.04,3.12,0.20亿,0.83亿,17.56亿,26.32
1025,1246,688197,首药控股,29.9,0.37,0.11,-0.33,0.94,0.73,2.89,0.16亿,0.56亿,16.67亿,--
1026,1247,688249,晶合集成,24.33,0.45,0.11,-0.04,1.78,0.91,5.2,5.15亿,11.77亿,286.30亿,131.24
1027,1248,688251,井松智能,16.54,0.67,0.11,0.0,1.67,0.83,2.98,0.14亿,0.52亿,8.55亿,32.70
1028,1249,688398,赛特新材,13.81,0.8,0.11,0.07,0.44,0.67,2.99,0.10亿,1.68亿,23.18亿,26.68
1029,1250,688485,九州一轨,8.97,1.24,0.11,-0.22,1.04,0.76,3.27,0.08亿,0.86亿,7.74亿,--
1030,1341,831768,拾比佰,7.6,1.33,0.1,0.0,3.65,0.85,3.6,0.21亿,0.77亿,5.82亿,--
1031,1342,834407,驰诚股份,18.75,0.54,0.1,0.0,3.94,0.6,3.38,0.19亿,0.26亿,4.85亿,53.13
1032,1343,839792,东和新材,9.12,1.11,0.1,0.0,1.69,0.81,3.77,0.15亿,1.00亿,9.16亿,24.71
1033,1344,000090,天健集团,4.23,2.17,0.09,0.48,1.05,1.04,2.66,0.83亿,18.68亿,79.04亿,18.05
1034,1345,000539,粤电力A,4.68,1.96,0.09,0.0,1.02,1.41,1.96,1.21亿,25.54亿,119.52亿,12.56
1035,1346,000547,航天发展,7.67,1.19,0.09,0.13,1.28,1.25,1.32,1.56亿,15.88亿,121.83亿,--
1036,1347,000601,韶能股份,4.23,2.17,0.09,0.0,0.94,1.08,2.66,0.43亿,10.80亿,45.70亿,17.42
1037,1348,000603,盛达资源,12.38,0.73,0.09,0.0,0.91,0.82,2.28,0.72亿,6.32亿,78.30亿,32.16
1038,1349,000631,顺发恒业,3.11,2.98,0.09,0.0,0.73,0.78,4.97,0.54亿,23.95亿,74.49亿,112.16
1039,1350,000790,华神科技,4.02,2.29,0.09,0.25,2.13,0.9,4.07,0.53亿,6.23亿,25.04亿,327.74
1040,1181,000156,华数传媒,7.49,1.49,0.11,0.0,0.91,0.93,4.88,1.17亿,17.00亿,127.32亿,29.59
1041,1182,000544,中原环保,8.85,1.26,0.11,0.0,0.56,1.18,1.72,0.48亿,9.75亿,86.26亿,6.48
1042,1183,000731,四川美丰,7.44,1.5,0.11,0.0,1.14,0.86,1.64,0.47亿,5.59亿,41.58亿,16.47
1043,1184,000736,中交地产,8.93,1.25,0.11,0.0,2.2,1.04,3.17,1.37亿,6.95亿,62.10亿,--
1044,1185,000762,西藏矿业,21.87,0.51,0.11,0.05,1.37,1.1,2.07,1.57亿,5.21亿,113.90亿,56.16
1045,1186,000828,东莞控股,10.93,1.02,0.11,0.0,0.67,0.93,2.31,0.76亿,10.40亿,113.62亿,11.73
1046,1187,000831,中国稀土,28.87,0.38,0.11,0.07,1.07,0.95,1.91,3.28亿,10.61亿,306.37亿,--
1047,1188,000875,吉电股份,5.48,2.05,0.11,0.0,1.54,1.35,2.23,2.34亿,27.90亿,152.89亿,10.55
1048,1189,002034,旺能环境,15.83,0.7,0.11,0.13,0.56,1.16,1.08,0.38亿,4.24亿,67.13亿,9.88
1049,1190,002051,中工国际,8.39,1.33,0.11,0.12,0.67,0.74,1.81,0.69亿,12.37亿,103.81亿,24.08
1050,1171,601969,海南矿业,7.44,1.64,0.12,0.0,0.69,0.74,3.28,1.04亿,20.31亿,151.13亿,20.79
1051,1172,603227,雪峰科技,8.76,1.39,0.12,-0.11,0.82,0.48,3.47,0.70亿,9.74亿,85.33亿,11.70
1052,1173,603696,安记食品,8.68,1.4,0.12,0.23,2.3,0.67,3.27,0.47亿,2.35亿,20.42亿,71.85
1053,1174,603916,苏博特,7.76,1.57,0.12,0.52,1.37,1.4,2.36,0.45亿,4.20亿,32.62亿,32.03
1054,1175,688005,容百科技,31.9,0.38,0.12,0.0,2.38,1.09,2.55,2.41亿,3.15亿,100.63亿,99.29
1055,1176,688021,奥福环保,10.82,1.12,0.12,-0.55,1.29,0.72,4.67,0.11亿,0.76亿,8.27亿,--
1056,1177,688533,上声电子,36.5,0.33,0.12,0.28,1.9,1.7,4.62,1.12亿,1.63亿,59.44亿,23.51
1057,1178,688602,康鹏科技,7.15,1.71,0.12,0.0,1.44,0.98,3.13,0.26亿,2.55亿,18.23亿,--
1058,1179,688789,宏华数科,66.84,0.18,0.12,0.33,0.98,1.02,2.68,1.16亿,1.79亿,119.94亿,29.02
1059,1180,831039,国义招标,8.1,1.5,0.12,0.0,0.72,0.96,3.13,0.09亿,1.54亿,12.46亿,22.73
1060,1351,000852,石化机械,6.65,1.37,0.09,-0.6,5.52,1.42,3.81,3.44亿,9.41亿,62.58亿,56.43
1061,1352,000900,现代投资,4.52,2.03,0.09,0.0,1.12,1.15,2.48,0.76亿,15.18亿,68.60亿,12.67
1062,1353,000930,中粮科技,5.74,1.59,0.09,0.0,0.79,1.25,2.65,0.84亿,18.56亿,106.55亿,833.53
1063,1354,000931,中关村,4.95,1.85,0.09,0.0,0.82,0.64,2.88,0.30亿,7.46亿,36.94亿,54.16
1064,1355,000963,华东医药,36.1,0.25,0.09,-0.03,0.35,0.91,1.72,2.19亿,17.52亿,632.53亿,18.54
1065,1356,001279,强邦新材,43.72,0.21,0.09,0.02,4.39,0.78,1.63,0.71亿,0.37亿,16.09亿,75.47
1066,1357,002001,新和成,22.11,0.41,0.09,0.0,0.45,0.76,1.0,3.00亿,30.37亿,671.48亿,12.78
1067,1358,002004,华邦健康,4.65,1.97,0.09,0.22,0.94,1.1,2.63,0.81亿,18.82亿,87.52亿,15.28
1068,1359,002032,苏泊尔,53.69,0.17,0.09,0.0,0.18,0.81,1.14,0.76亿,8.00亿,429.44亿,22.53
1069,1360,002201,正威新材,5.35,1.71,0.09,-0.19,1.74,0.86,7.22,0.61亿,6.50亿,34.79亿,96.94
1070,1321,600848,上海临港,10.35,0.98,0.1,-0.1,0.23,1.0,1.85,0.56亿,23.94亿,247.77亿,31.66
1071,1322,600851,海欣股份,6.06,1.68,0.1,-0.17,1.76,0.75,3.52,0.79亿,7.38亿,44.74亿,39.56
1072,1323,600903,贵州燃气,7.17,1.41,0.1,0.14,0.66,0.74,2.4,0.55亿,11.50亿,82.46亿,50.07
1073,1324,601111,中国国航,8.11,1.25,0.1,0.12,0.51,0.92,3.0,4.81亿,116.38亿,943.85亿,77.94
1074,1325,601133,柏诚股份,11.7,0.86,0.1,0.26,3.49,0.65,2.59,0.61亿,1.48亿,17.26亿,29.16
1075,1326,601766,中国中车,8.35,1.21,0.1,0.24,0.32,0.97,1.7,6.51亿,243.28亿,2031.37亿,24.81
1076,1327,601808,中海油服,14.86,0.68,0.1,0.0,0.17,0.49,1.08,0.75亿,29.60亿,439.93亿,21.75
1077,1328,601901,方正证券,8.69,1.16,0.1,0.0,0.81,1.47,2.79,5.79亿,82.32亿,715.37亿,27.3
1078,1329,601919,中远海控,15.2,0.66,0.1,0.07,0.77,0.99,1.85,14.80亿,127.61亿,1939.68亿,4.77
1079,1330,603012,创力集团,5.54,1.84,0.1,0.18,1.28,0.78,2.39,0.46亿,6.46亿,35.82亿,18.93
1080,1221,301314,科瑞思,37.46,0.29,0.11,-0.19,4.61,0.6,2.73,0.28亿,0.16亿,6.09亿,115.81
1081,1222,301373,凌玮科技,26.48,0.42,0.11,0.04,1.0,0.68,1.4,0.10亿,0.38亿,10.19亿,22.57
1082,1223,301515,港通医疗,18.57,0.6,0.11,-0.16,1.71,0.73,2.06,0.19亿,0.60亿,11.09亿,69.48
1083,1224,301519,舜禹股份,13.0,0.85,0.11,0.08,2.25,0.83,2.1,0.23亿,0.78亿,10.13亿,117.64
1084,1225,600058,五矿发展,7.44,1.5,0.11,0.0,0.43,0.83,2.73,0.34亿,10.72亿,79.75亿,43.87
1085,1226,600115,中国东航,4.09,2.76,0.11,0.0,0.52,1.41,3.52,3.64亿,171.15亿,699.98亿,--
1086,1227,600293,三峡新材,3.23,3.53,0.11,0.0,3.6,1.34,7.37,1.36亿,11.60亿,37.47亿,199.77
1087,1228,600435,北方导航,9.97,1.12,0.11,0.0,1.76,1.16,2.84,2.64亿,15.03亿,149.81亿,--
1088,1229,600469,风神股份,6.35,1.76,0.11,0.16,0.79,0.83,2.4,0.36亿,7.29亿,46.32亿,12.60
1089,1230,600515,海南机场,3.89,2.91,0.11,-0.26,0.97,1.51,3.97,3.44亿,91.76亿,356.95亿,156.60
1090,1191,002074,国轩高科,21.82,0.51,0.11,0.0,0.83,0.95,2.12,3.13亿,17.24亿,376.19亿,71.52
1091,1192,002167,东方锆业,7.61,1.47,0.11,0.26,3.21,0.77,3.07,1.86亿,7.59亿,57.74亿,--
1092,1193,002434,万里扬,6.47,1.73,0.11,0.0,0.85,0.97,2.04,0.72亿,13.11亿,84.84亿,24.79
1093,1194,002469,三维化学,7.55,1.48,0.11,0.0,3.96,0.8,2.42,1.88亿,6.29亿,47.48亿,25.17
1094,1195,002649,博彦科技,12.94,0.86,0.11,-0.08,4.44,0.69,4.44,3.19亿,5.49亿,70.99亿,31.84
1095,1196,002672,东江环保,4.41,2.56,0.11,0.0,0.5,0.79,3.72,0.20亿,9.05亿,39.92亿,--
1096,1197,002726,龙大美食,7.92,1.41,0.11,0.0,1.69,0.94,1.79,1.44亿,10.77亿,85.31亿,87.76
1097,1198,002729,好利科技,13.33,0.83,0.11,0.08,2.66,0.72,3.4,0.63亿,1.75亿,23.39亿,53.65
1098,1199,002733,雄韬股份,13.37,0.83,0.11,0.08,1.92,1.17,2.56,0.95亿,3.69亿,49.32亿,32.45
1099,1200,300039,上海凯宝,6.48,1.73,0.11,-0.15,1.62,0.98,2.83,0.96亿,9.17亿,59.42亿,23.42
1100,1431,000537,中绿电,9.48,0.85,0.08,0.11,0.57,0.82,1.92,1.11亿,20.67亿,195.91亿,16.05
1101,1432,000560,我爱我家,3.22,2.55,0.08,0.0,5.25,1.02,3.5,3.80亿,22.55亿,72.62亿,670.29
1102,1433,000676,智度股份,8.95,0.9,0.08,0.22,2.44,0.71,3.16,2.77亿,12.64亿,113.11亿,54.70
1103,1434,000728,国元证券,8.74,0.92,0.08,0.0,1.16,1.39,2.66,4.43亿,43.64亿,381.39亿,18.22
1104,1435,000793,华闻集团,2.78,2.96,0.08,0.0,6.87,0.9,8.89,3.75亿,19.61亿,54.52亿,--
1105,1436,000823,超声电子,10.9,0.74,0.08,-0.18,7.35,0.64,4.44,4.34亿,5.37亿,58.53亿,29.79
1106,1437,000883,湖北能源,5.06,1.61,0.08,0.0,0.44,1.01,1.81,1.44亿,64.80亿,327.88亿,10.02
1107,1438,000888,峨眉山A,13.9,0.58,0.08,0.0,2.2,0.81,2.53,1.61亿,5.27亿,73.24亿,22.52
1108,1439,000960,锡业股份,14.45,0.56,0.08,-0.07,0.88,1.01,1.25,2.08亿,16.46亿,237.82亿,13.90
1109,1440,002030,达安基因,5.91,1.37,0.08,-0.17,0.91,0.85,3.26,0.75亿,14.03亿,82.94亿,--
1110,1401,600800,渤海化学,3.15,2.94,0.09,-0.32,2.36,0.94,5.23,0.83亿,11.10亿,34.96亿,--
1111,1402,600830,香溢融通,10.62,0.85,0.09,0.09,2.13,0.79,3.04,1.04亿,4.54亿,48.25亿,63.17
1112,1403,600869,远东股份,5.14,1.78,0.09,0.0,2.68,1.41,6.14,3.01亿,22.19亿,114.08亿,--
1113,1404,600909,华安证券,6.33,1.44,0.09,0.16,1.3,1.64,2.56,3.87亿,46.98亿,297.36亿,19.50
1114,1405,600999,招商证券,19.56,0.46,0.09,0.0,0.36,1.31,2.05,5.27亿,74.22亿,1451.74亿,17.84
1115,1406,601001,晋控煤业,13.23,0.69,0.09,0.0,1.27,1.25,2.51,2.77亿,16.74亿,221.43亿,7.72
1116,1407,601002,晋亿实业,4.47,2.06,0.09,-0.22,0.95,0.69,3.2,0.40亿,9.54亿,42.66亿,39.27
1117,1408,601018,宁波港,3.85,2.39,0.09,0.26,0.24,1.36,2.39,1.46亿,158.07亿,608.59亿,13.68
1118,1409,601139,深圳燃气,6.98,1.31,0.09,0.0,0.4,0.98,1.31,0.80亿,28.77亿,200.80亿,14.27
1119,1410,601369,陕鼓动力,8.81,1.03,0.09,0.0,0.49,0.98,1.83,0.72亿,16.91亿,149.01亿,17.12
1120,1461,002902,铭普光磁,24.54,0.33,0.08,0.33,16.81,1.78,3.68,7.35亿,1.78亿,43.58亿,--
1121,1462,002922,伊戈尔,18.78,0.43,0.08,-0.05,13.79,1.96,4.76,9.57亿,3.70亿,69.46亿,26.25
1122,1463,002926,华西证券,8.69,0.93,0.08,0.0,0.77,1.45,2.67,1.77亿,26.25亿,228.11亿,67.33
1123,1464,300065,海兰信,8.55,0.94,0.08,0.0,2.69,0.99,3.31,1.52亿,6.56亿,56.07亿,453.31
1124,1465,300091,金通灵,2.34,3.54,0.08,-0.43,3.95,0.87,8.85,1.25亿,13.35亿,31.24亿,--
1125,1466,300099,尤洛卡,6.29,1.29,0.08,0.0,1.69,0.67,2.9,0.62亿,5.81亿,36.57亿,61.06
1126,1467,300123,亚光科技,6.18,1.31,0.08,0.0,2.88,1.05,3.28,1.80亿,10.00亿,61.82亿,--
1127,1468,300144,宋城演艺,9.63,0.84,0.08,-0.1,1.26,0.94,2.93,2.87亿,23.56亿,226.86亿,18.80
1128,1469,300157,新锦动力,3.04,2.7,0.08,-0.33,3.65,0.68,5.07,0.78亿,7.04亿,21.39亿,--
1129,1470,300170,汉得信息,13.83,0.58,0.08,-0.58,16.75,1.01,8.44,22.61亿,9.48亿,131.05亿,75.23
1130,1411,601601,中国太保,34.1,0.27,0.09,0.12,0.37,0.8,2.38,8.56亿,68.45亿,2334.16亿,6.42
1131,1412,601877,正泰电器,23.36,0.39,0.09,-0.09,0.59,1.39,1.63,2.95亿,21.49亿,502.00亿,10.77
1132,1413,603113,金能科技,5.73,1.6,0.09,0.0,0.7,0.99,2.48,0.34亿,8.48亿,48.59亿,--
1133,1414,603301,振德医疗,22.5,0.4,0.09,-0.04,0.48,0.99,1.29,0.29亿,2.66亿,59.95亿,14.62
1134,1415,603639,海利尔,12.72,0.71,0.09,-0.08,0.28,0.77,1.58,0.12亿,3.40亿,43.20亿,16.55
1135,1416,688009,中国通号,6.21,1.47,0.09,0.0,0.57,1.24,2.94,3.03亿,86.21亿,535.37亿,20.91
1136,1417,688101,三达膜,13.5,0.67,0.09,0.0,0.43,0.92,1.86,0.19亿,3.32亿,44.82亿,15.82
1137,1418,688122,西部超导,43.42,0.21,0.09,-0.18,1.25,1.54,2.33,3.57亿,6.50亿,282.08亿,35.05
1138,1419,688509,正元地信,4.16,2.21,0.09,0.0,2.87,0.75,4.42,0.46亿,3.85亿,16.01亿,--
1139,1420,688592,司南导航,38.5,0.23,0.09,0.0,1.99,0.62,3.07,0.21亿,0.28亿,10.78亿,--
1140,1481,600330,天通股份,7.45,1.09,0.08,0.13,1.34,0.81,2.71,1.24亿,12.33亿,91.89亿,55.48
1141,1482,600392,盛和资源,10.66,0.76,0.08,0.0,1.2,1.43,2.93,2.25亿,17.53亿,186.85亿,150.90
1142,1483,600403,大有能源,2.96,2.78,0.08,-0.34,0.52,0.99,4.86,0.37亿,23.91亿,70.77亿,--
1143,1484,600467,好当家,2.44,3.39,0.08,0.0,4.39,1.27,5.93,1.56亿,14.61亿,35.65亿,90.55
1144,1485,600499,科达制造,7.93,1.02,0.08,-0.13,0.45,0.9,1.78,0.68亿,19.18亿,152.09亿,16.23
1145,1486,600509,天富能源,6.77,1.2,0.08,0.0,1.17,0.79,2.39,1.08亿,13.74亿,93.05亿,14.13
1146,1487,600572,康恩贝,4.76,1.71,0.08,0.21,1.17,1.24,2.56,1.42亿,25.63亿,122.01亿,17.70
1147,1488,600577,精达股份,8.02,1.01,0.08,0.0,9.69,0.76,6.42,16.38亿,21.09亿,169.12亿,30.50
1148,1489,600594,益佰制药,3.78,2.16,0.08,0.0,2.29,0.49,4.87,0.69亿,7.92亿,29.93亿,--
1149,1490,600645,中源协和,20.0,0.4,0.08,0.05,1.3,0.6,3.87,1.22亿,4.68亿,93.55亿,52.57
1150,1451,002414,高德红外,7.79,1.04,0.08,0.0,0.85,1.09,3.24,2.26亿,33.99亿,264.75亿,496.93
1151,1452,002474,榕基软件,6.38,1.27,0.08,0.16,4.2,0.59,3.17,1.43亿,5.31亿,33.86亿,--
1152,1453,002498,汉缆股份,3.52,2.33,0.08,-0.28,0.61,1.02,2.62,0.72亿,33.27亿,117.10亿,15.10
1153,1454,002522,浙江众成,4.06,2.01,0.08,0.0,1.15,0.75,3.02,0.40亿,8.69亿,35.28亿,61.86
1154,1455,002554,惠博普,2.62,3.15,0.08,0.0,1.8,0.54,4.33,0.63亿,13.47亿,35.28亿,--
1155,1456,002555,三七互娱,16.16,0.5,0.08,-0.06,2.47,0.92,2.36,6.43亿,16.05亿,259.30亿,14.17
1156,1457,002579,中京电子,8.52,0.95,0.08,-0.12,4.3,0.88,7.23,2.17亿,5.82亿,49.58亿,--
1157,1458,002628,成都路桥,4.73,1.72,0.08,0.0,4.19,0.47,4.95,1.51亿,7.55亿,35.71亿,--
1158,1459,002727,一心堂,13.6,0.59,0.08,-0.07,1.42,0.96,2.59,0.76亿,3.97亿,54.03亿,20.42
1159,1460,002761,浙江建投,9.2,0.88,0.08,0.0,1.55,0.88,2.41,1.54亿,10.81亿,99.48亿,53.55
1160,1421,688670,金迪克,12.76,0.71,0.09,-0.08,0.63,0.56,2.84,0.10亿,1.23亿,15.72亿,--
1161,1422,832786,骑士乳业,7.66,1.19,0.09,0.0,6.23,0.72,4.36,0.52亿,1.10亿,8.39亿,117.13
1162,1423,833819,颖泰生物,3.77,2.45,0.09,0.0,0.64,1.07,5.16,0.29亿,12.08亿,45.54亿,--
1163,1424,871263,莱赛激光,14.72,0.61,0.09,0.0,6.05,0.97,4.31,0.25亿,0.27亿,4.02亿,1086.01
1164,1425,871694,中裕科技,15.28,0.59,0.09,0.0,1.14,0.82,2.37,0.08亿,0.48亿,7.26亿,15.36
1165,1426,872351,华光源海,11.15,0.81,0.09,0.0,5.63,0.84,3.35,0.22亿,0.35亿,3.93亿,117.35
1166,1427,872925,锦好医疗,12.7,0.71,0.09,0.0,1.26,0.47,2.38,0.09亿,0.55亿,7.02亿,--
1167,1428,000055,方大集团,4.07,2.0,0.08,0.0,1.04,0.68,2.51,0.28亿,6.76亿,27.51亿,21.90
1168,1429,000065,北方国际,10.12,0.8,0.08,0.0,1.01,0.97,1.39,0.93亿,9.06亿,91.67亿,10.04
1169,1430,000428,华天酒店,3.31,2.48,0.08,-0.3,2.52,1.02,5.26,0.85亿,10.19亿,33.73亿,--
1170,1471,300194,福安药业,4.61,1.77,0.08,0.0,2.01,0.89,3.53,0.89亿,9.68亿,44.62亿,13.64
1171,1472,300232,洲明科技,7.31,1.11,0.08,0.14,4.59,0.75,6.09,3.01亿,8.86亿,64.79亿,46.85
1172,1473,300366,创意信息,9.88,0.82,0.08,0.0,3.57,0.88,4.29,1.89亿,5.31亿,52.41亿,--
1173,1474,300825,阿尔特,11.63,0.69,0.08,-0.17,2.54,0.72,3.2,1.44亿,4.87亿,56.62亿,3498.32
1174,1475,300951,博硕科技,31.38,0.26,0.08,-0.03,1.45,0.67,2.78,0.69亿,1.51亿,47.41亿,24.68
1175,1476,430718,合肥高科,13.0,0.62,0.08,0.0,2.36,0.72,2.86,0.13亿,0.43亿,5.56亿,18.23
1176,1477,600011,华能国际,6.87,1.18,0.08,0.0,0.47,0.85,1.92,3.52亿,109.98亿,755.54亿,7.77
1177,1478,600163,中闽能源,6.14,1.32,0.08,-0.16,0.47,0.64,2.97,0.55亿,19.03亿,116.84亿,21.42
1178,1479,600269,赣粤高速,5.69,1.43,0.08,-0.18,1.04,1.06,2.32,1.37亿,23.35亿,132.88亿,8.65
1179,1480,600273,嘉化能源,8.07,1.0,0.08,0.0,1.12,1.01,1.63,1.25亿,13.91亿,112.26亿,10.65
1180,821,300001,特锐德,22.8,0.75,0.17,0.0,1.74,1.24,2.87,4.07亿,10.28亿,234.37亿,40.43
1181,822,300681,英搏尔,27.05,0.63,0.17,0.19,11.54,1.48,4.32,5.60亿,1.76亿,47.71亿,101.50
1182,823,300755,华致酒行,17.69,0.97,0.17,-0.06,1.14,0.78,4.17,0.84亿,4.16亿,73.67亿,32.97
1183,824,301038,深水规院,19.27,0.89,0.17,-0.21,1.58,0.66,3.77,0.53亿,1.72亿,33.07亿,--
1184,825,301075,多瑞医药,18.87,0.91,0.17,-0.16,1.1,0.62,2.94,0.17亿,0.80亿,15.10亿,--
1185,826,301126,达嘉维康,10.82,1.6,0.17,0.0,2.27,0.88,3.66,0.34亿,1.38亿,14.92亿,45.73
1186,827,301395,仁信新材,11.49,1.5,0.17,0.0,1.28,0.78,2.92,0.16亿,1.09亿,12.47亿,53.00
1187,828,301408,华人健康,11.58,1.49,0.17,0.09,2.28,0.81,3.51,0.39亿,1.49亿,17.27亿,32.19
1188,829,600073,光明肉业,7.21,2.42,0.17,0.14,1.6,1.23,3.55,1.07亿,9.38亿,67.61亿,13.30
1189,830,600141,兴发集团,22.13,0.77,0.17,-0.05,0.86,1.05,2.23,2.11亿,11.03亿,244.15亿,13.93
1190,741,002254,泰和新材,9.68,2.0,0.19,0.0,1.02,1.01,3.27,0.81亿,8.19亿,79.28亿,41.48
1191,742,002738,中矿资源,36.7,0.52,0.19,0.14,0.97,0.68,1.75,2.53亿,7.11亿,261.02亿,36.39
1192,743,002759,天际股份,9.23,2.1,0.19,0.0,2.28,0.83,4.65,1.05亿,5.01亿,46.25亿,--
1193,744,300409,道氏技术,14.01,1.38,0.19,-0.07,4.13,1.01,3.26,3.37亿,5.79亿,81.16亿,48.16
1194,745,300463,迈克生物,13.75,1.4,0.19,0.07,0.9,1.02,1.99,0.60亿,4.92亿,67.58亿,22.45
1195,746,300587,天铁股份,4.61,4.3,0.19,-0.22,3.2,1.82,6.11,1.37亿,9.26亿,42.67亿,166.89
1196,747,300589,江龙船艇,12.89,1.5,0.19,0.0,2.16,0.73,3.7,0.65亿,2.32亿,29.85亿,150.75
1197,748,300679,电连技术,61.38,0.31,0.19,0.0,1.83,0.94,3.51,4.03亿,3.58亿,219.59亿,42.54
1198,749,300930,屹通新材,29.19,0.66,0.19,-0.03,4.48,0.64,3.17,0.61亿,0.47亿,13.76亿,54.82
1199,750,300961,深水海纳,10.72,1.8,0.19,0.19,4.77,0.61,4.56,0.77亿,1.51亿,16.19亿,--
1200,641,301058,中粮科工,10.98,2.14,0.23,0.0,2.07,0.91,3.54,1.16亿,5.12亿,56.25亿,36.54
1201,642,301246,宏源药业,14.07,1.66,0.23,0.07,1.55,0.79,2.75,0.35亿,1.61亿,22.65亿,116.79
1202,643,301509,金凯生科,26.92,0.86,0.23,0.11,1.86,0.77,2.51,0.28亿,0.57亿,15.27亿,61.89
1203,644,600619,海立股份,11.69,2.01,0.23,0.09,3.59,0.92,4.89,3.32亿,7.89亿,92.25亿,414.36
1204,645,600860,京城股份,10.1,2.33,0.23,0.0,1.58,0.94,4.66,0.70亿,4.35亿,43.96亿,--
1205,646,603609,禾丰股份,8.9,2.65,0.23,0.0,0.69,1.45,4.84,0.56亿,9.19亿,81.83亿,21.23
1206,647,603713,密尔克卫,52.1,0.44,0.23,-0.02,0.43,1.0,1.22,0.36亿,1.61亿,83.70亿,12.81
1207,648,603789,星光农机,8.31,2.85,0.23,-0.12,4.01,0.6,5.57,0.87亿,2.60亿,21.61亿,--
1208,649,603897,长城科技,24.37,0.95,0.23,0.0,2.15,0.84,2.4,1.08亿,2.06亿,50.31亿,19.98
1209,650,688302,海创药业,30.22,0.77,0.23,-0.1,1.18,0.92,3.47,0.26亿,0.73亿,21.98亿,--
1210,731,603137,恒尚节能,10.85,1.88,0.2,-0.09,1.93,0.72,3.57,0.15亿,0.74亿,8.00亿,17.01
1211,732,603893,瑞芯微,115.48,0.17,0.2,1.53,5.2,1.15,7.34,25.47亿,4.18亿,482.81亿,103.01
1212,733,688588,凌志软件,14.63,1.39,0.2,0.0,2.97,1.38,6.38,1.76亿,4.00亿,58.52亿,35.45
1213,734,688613,奥精医疗,18.7,1.08,0.2,0.0,1.36,0.82,4.16,0.35亿,1.36亿,25.35亿,388.92
1214,735,832471,美邦科技,12.97,1.57,0.2,0.0,2.08,0.8,3.13,0.14亿,0.53亿,6.88亿,45.62
1215,736,920099,瑞华技术,29.19,0.69,0.2,0.0,2.22,1.26,2.97,0.24亿,0.37亿,10.69亿,22.12
1216,737,000592,平潭发展,2.79,7.31,0.19,0.0,13.0,1.97,11.15,6.98亿,19.15亿,53.43亿,179.13
1217,738,002023,海特高新,10.55,1.83,0.19,0.0,2.32,1.61,2.61,1.82亿,7.41亿,78.16亿,94.71
1218,739,002054,德美化工,6.03,3.25,0.19,-0.17,2.44,0.83,4.62,0.56亿,3.83亿,23.09亿,41.27
1219,740,002214,大立科技,11.39,1.7,0.19,-0.09,1.78,0.81,4.11,0.98亿,4.79亿,54.56亿,--
1220,1501,600993,马应龙,26.31,0.3,0.08,0.04,0.76,0.92,2.1,0.86亿,4.30亿,113.21亿,18.59
1221,1502,601199,江南水务,5.68,1.43,0.08,-0.18,0.77,1.17,1.96,0.40亿,9.35亿,53.12亿,14.67
1222,1503,601200,上海环境,8.35,0.97,0.08,0.12,0.46,0.92,1.33,0.52亿,13.46亿,112.41亿,16.81
1223,1504,601238,广汽集团,9.44,0.85,0.08,0.0,0.64,1.33,2.24,4.45亿,73.63亿,695.03亿,608.59
1224,1505,601377,兴业证券,6.49,1.25,0.08,-0.15,1.06,1.74,2.81,5.95亿,86.36亿,560.48亿,31.84
1225,1506,601929,吉视传媒,1.95,4.28,0.08,0.0,6.53,1.03,8.02,4.43亿,34.90亿,68.05亿,--
1226,1507,601933,永辉超市,6.89,1.18,0.08,0.0,10.18,1.44,9.84,64.31亿,90.75亿,625.27亿,--
1227,1508,601989,中国重工,4.87,1.67,0.08,0.0,0.72,1.63,2.3,7.99亿,228.02亿,1110.46亿,89.22
1228,1509,603015,弘讯科技,10.5,0.77,0.08,0.0,3.03,0.61,4.32,1.30亿,4.04亿,42.44亿,64.38
1229,1510,603222,济民健康,7.13,1.14,0.08,0.0,0.92,0.59,2.69,0.34亿,5.25亿,37.44亿,98.82
1230,1511,603429,集友股份,6.14,1.32,0.08,0.0,3.78,1.45,10.56,1.25亿,5.24亿,32.20亿,--
1231,1512,603601,再升科技,3.43,2.39,0.08,-0.29,1.27,0.95,3.88,0.44亿,10.22亿,35.04亿,28.92
1232,1513,603906,龙蟠科技,11.31,0.71,0.08,0.0,3.5,1.02,4.63,2.24亿,5.65亿,63.91亿,--
1233,1514,605366,宏柏新材,5.64,1.44,0.08,-0.18,0.94,0.47,2.7,0.34亿,6.32亿,35.66亿,--
1234,1515,688057,金达莱,11.32,0.71,0.08,0.18,0.28,0.81,1.87,0.09亿,2.76亿,31.24亿,21.69
1235,1516,688075,安旭生物,37.82,0.21,0.08,0.03,0.74,1.72,3.63,0.36亿,1.27亿,48.06亿,26.55
1236,1517,688171,纬德信息,17.65,0.46,0.08,0.4,1.07,0.49,3.19,0.10亿,0.51亿,9.06亿,212.91
1237,1518,688189,南新制药,6.81,1.19,0.08,-0.15,1.19,0.85,3.42,0.22亿,2.74亿,18.69亿,--
1238,1519,688236,春立医疗,13.28,0.61,0.08,-0.08,1.24,1.07,2.2,0.13亿,0.79亿,10.53亿,62.47
1239,1520,688388,嘉元科技,15.39,0.52,0.08,0.13,1.31,0.8,4.64,0.87亿,4.26亿,65.60亿,--
1240,1591,600495,晋西车轴,3.95,1.8,0.07,0.0,1.32,0.67,2.83,0.63亿,12.08亿,47.72亿,595.66
1241,1592,600516,方大炭素,4.99,1.42,0.07,0.0,0.45,1.01,2.85,0.89亿,40.26亿,200.90亿,58.72
1242,1593,600533,栖霞建设,2.46,2.93,0.07,0.41,2.47,0.85,4.6,0.64亿,10.50亿,25.83亿,--
1243,1594,600582,天地科技,6.2,1.14,0.07,0.0,0.92,1.05,1.63,2.35亿,41.39亿,256.59亿,8.85
1244,1595,600617,国新能源,2.8,2.56,0.07,0.36,0.87,1.04,3.3,0.43亿,17.76亿,49.72亿,--
1245,1596,600637,东方明珠,7.97,0.89,0.07,0.0,0.75,0.94,2.91,2.00亿,33.62亿,267.94亿,27.96
1246,1597,600649,城投控股,4.59,1.55,0.07,0.0,1.07,1.23,3.76,1.25亿,25.30亿,116.11亿,--
1247,1598,600876,凯盛新能,9.78,0.72,0.07,0.0,0.35,0.83,2.27,0.14亿,3.96亿,38.70亿,--
1248,1599,600908,无锡银行,5.97,1.19,0.07,0.0,1.9,1.61,2.71,2.25亿,19.99亿,119.36亿,5.57
1249,1600,600987,航民股份,7.09,1.0,0.07,0.14,0.71,0.74,1.57,0.51亿,10.21亿,72.38亿,11.42
1250,1621,838402,硅烷科技,9.52,0.74,0.07,0.0,0.63,0.71,2.12,0.26亿,4.22亿,40.18亿,34.09
1251,1622,872392,佳合科技,17.36,0.41,0.07,0.0,2.8,0.84,2.37,0.14亿,0.28亿,4.87亿,23.89
1252,1623,000027,深圳能源,6.57,0.92,0.06,0.0,0.36,1.27,1.54,1.14亿,47.57亿,312.56亿,11.03
1253,1624,000039,中集集团,7.89,0.77,0.06,0.0,1.38,1.55,1.41,2.50亿,23.01亿,181.58亿,17.46
1254,1625,000420,吉林化纤,3.75,1.63,0.06,0.0,2.23,0.97,3.79,2.06亿,24.58亿,92.18亿,111.39
1255,1626,000521,长虹美菱,8.41,0.72,0.06,0.0,2.09,0.83,1.8,1.53亿,8.75亿,73.61亿,12.25
1256,1627,000563,陕国投A,3.73,1.64,0.06,0.0,1.17,1.15,2.73,2.23亿,51.14亿,190.75亿,15.31
1257,1628,000761,本钢板材,3.31,1.85,0.06,0.0,0.47,1.2,5.85,0.59亿,37.08亿,122.74亿,--
1258,1629,000767,晋控电力,2.64,2.33,0.06,0.0,0.85,0.96,3.88,0.65亿,29.12亿,76.88亿,--
1259,1630,000826,启迪环境,2.16,2.86,0.06,0.0,4.58,0.67,6.19,1.41亿,14.25亿,30.78亿,--
1260,1491,600655,豫园股份,6.53,1.24,0.08,0.0,0.41,1.24,2.64,1.03亿,38.90亿,254.01亿,16.45
1261,1492,600795,国电电力,4.66,1.75,0.08,0.0,0.56,0.85,2.18,4.58亿,178.36亿,831.14亿,6.78
1262,1493,600798,宁波海运,3.08,2.67,0.08,0.33,1.12,1.06,4.0,0.42亿,12.07亿,37.16亿,--
1263,1494,600826,兰生股份,8.94,0.9,0.08,0.0,1.62,0.63,2.94,1.07亿,7.36亿,65.76亿,24.37
1264,1495,600843,上工申贝,14.29,0.56,0.08,0.0,10.49,0.9,5.77,7.09亿,4.69亿,67.05亿,--
1265,1496,600868,梅雁吉祥,2.61,3.16,0.08,-0.38,4.94,0.87,5.53,2.45亿,18.98亿,49.54亿,319.59
1266,1497,600875,东方电气,16.05,0.5,0.08,0.0,1.0,0.82,2.38,3.23亿,20.24亿,324.78亿,14.30
1267,1498,600917,重庆燃气,6.02,1.35,0.08,0.0,0.23,1.04,1.51,0.22亿,15.61亿,93.97亿,26.81
1268,1499,600977,中国电影,11.88,0.68,0.08,0.0,0.53,0.85,1.86,1.18亿,18.67亿,221.80亿,77.17
1269,1500,600979,广安爱众,4.92,1.65,0.08,0.2,7.19,0.78,3.51,4.36亿,12.32亿,60.63亿,19.38
1270,1541,002332,仙琚制药,10.19,0.69,0.07,0.0,2.15,0.99,1.68,2.15亿,9.85亿,100.33亿,14.26
1271,1542,002446,盛路通信,6.92,1.02,0.07,-0.14,2.75,0.9,2.92,1.62亿,8.48亿,58.66亿,71.47
1272,1543,002537,海联金汇,6.04,1.17,0.07,0.0,1.02,0.62,3.02,0.72亿,11.74亿,70.91亿,105.50
1273,1544,002539,云图控股,8.06,0.88,0.07,0.0,1.07,1.09,1.75,0.76亿,8.83亿,71.18亿,10.91
1274,1545,002547,春兴精工,4.52,1.57,0.07,0.0,6.18,0.76,5.17,3.10亿,11.05亿,49.94亿,--
1275,1546,002641,公元股份,4.58,1.55,0.07,-0.22,0.84,0.75,2.88,0.43亿,11.34亿,51.94亿,28.58
1276,1547,002645,华宏科技,7.07,1.0,0.07,-0.14,0.89,0.83,2.43,0.32亿,5.09亿,35.99亿,1131.39
1277,1548,002695,煌上煌,8.96,0.79,0.07,0.0,2.6,0.8,3.6,1.08亿,4.64亿,41.61亿,47.64
1278,1549,002709,天赐材料,20.29,0.35,0.07,-0.05,1.77,0.92,2.72,4.99亿,13.83亿,280.52亿,86.31
1279,1550,002859,洁美科技,21.76,0.32,0.07,0.0,1.69,1.38,2.72,1.49亿,4.06亿,88.26亿,39.70
1280,1551,002863,今飞凯达,4.78,1.49,0.07,0.21,1.77,0.78,2.55,0.51亿,5.99亿,28.62亿,35.43
1281,1552,002945,华林证券,16.48,0.43,0.07,0.06,2.6,0.73,5.97,11.67亿,27.00亿,444.96亿,110.46
1282,1553,300110,华仁药业,3.65,1.96,0.07,0.28,1.56,0.9,3.35,0.67亿,11.81亿,43.11亿,33.88
1283,1554,300129,泰胜风能,7.32,0.97,0.07,-0.14,1.33,0.88,2.21,0.65亿,6.65亿,48.64亿,34.39
1284,1555,300158,振东制药,4.5,1.58,0.07,0.0,1.39,0.86,3.39,0.63亿,10.02亿,45.08亿,84.56
1285,1556,300260,新莱应材,29.19,0.24,0.07,0.07,6.55,0.84,5.18,5.56亿,2.88亿,83.96亿,45.08
1286,1557,300261,雅本化学,7.21,0.98,0.07,0.0,1.23,0.86,2.8,0.83亿,9.36亿,67.49亿,--
1287,1558,300315,掌趣科技,5.75,1.23,0.07,0.0,3.53,0.77,3.87,5.28亿,25.94亿,149.17亿,60.09
1288,1559,300332,天壕能源,5.57,1.27,0.07,0.18,0.89,0.7,2.36,0.41亿,8.29亿,46.20亿,27.46
1289,1560,300406,九强生物,13.97,0.5,0.07,-0.07,1.08,1.03,2.88,0.64亿,4.24亿,59.29亿,16.51
1290,1531,000617,中油资本,7.16,0.99,0.07,0.14,0.69,1.61,2.26,6.27亿,126.42亿,905.17亿,15.63
1291,1532,000758,中色股份,5.07,1.4,0.07,0.2,0.96,1.05,2.2,0.96亿,19.69亿,99.84亿,22.51
1292,1533,000783,长江证券,7.12,0.99,0.07,0.14,1.59,1.65,3.26,6.30亿,55.30亿,393.74亿,20.59
1293,1534,000822,山东海化,5.86,1.21,0.07,0.0,0.67,0.63,1.9,0.35亿,8.95亿,52.45亿,22.90
1294,1535,000877,天山股份,5.86,1.21,0.07,0.0,0.6,0.82,2.42,0.64亿,18.22亿,106.78亿,--
1295,1536,000928,中钢国际,6.54,1.08,0.07,0.0,1.35,0.91,1.55,1.26亿,14.35亿,93.82亿,10.99
1296,1537,002016,世荣兆业,6.44,1.1,0.07,0.0,0.63,0.68,2.67,0.33亿,8.09亿,52.11亿,163.32
1297,1538,002060,广东建工,3.77,1.89,0.07,0.0,1.1,0.95,2.16,0.64亿,15.63亿,58.92亿,16.47
1298,1539,002091,江苏国泰,7.53,0.94,0.07,0.0,0.58,0.79,1.48,0.70亿,15.97亿,120.27亿,10.35
1299,1540,002183,怡亚通,4.66,1.52,0.07,0.0,1.6,1.04,4.14,1.94亿,25.97亿,121.02亿,148.14
1300,1561,300581,晨曦航空,11.32,0.62,0.07,-0.09,4.44,2.09,7.82,2.85亿,5.50亿,62.27亿,--
1301,1562,300737,科顺股份,5.3,1.34,0.07,-0.19,1.65,1.11,3.63,0.75亿,8.50亿,45.07亿,34.96
1302,1563,300891,惠云钛业,8.47,0.83,0.07,-0.12,0.95,0.67,3.1,0.27亿,3.32亿,28.16亿,207.09
1303,1564,301096,百诚医药,39.77,0.18,0.07,0.05,2.51,0.97,1.89,0.69亿,0.69亿,27.61亿,23.00
1304,1565,301103,何氏眼科,21.04,0.33,0.07,-0.05,1.15,0.85,2.34,0.20亿,0.83亿,17.48亿,152.28
1305,1566,301116,益客食品,13.45,0.52,0.07,0.0,7.46,0.76,4.04,1.17亿,1.16亿,15.67亿,32.12
1306,1567,301307,美利信,21.32,0.33,0.07,-0.14,2.72,0.8,2.17,0.64亿,1.09亿,23.24亿,--
1307,1568,301331,恩威医药,23.55,0.3,0.07,-0.04,2.19,0.68,2.56,0.16亿,0.31亿,7.37亿,82.52
1308,1569,301332,德尔玛,10.44,0.68,0.07,-0.1,1.08,0.6,2.12,0.30亿,2.65亿,27.66亿,34.76
1309,1570,301393,昊帆生物,41.99,0.17,0.07,0.02,2.21,0.84,2.27,0.33亿,0.36亿,14.97亿,35.31
1310,1571,301559,中集环科,15.74,0.45,0.07,0.06,1.49,0.84,1.28,0.21亿,0.90亿,14.17亿,39.32
1311,1572,600017,日照港,3.26,2.19,0.07,-0.31,1.28,1.31,3.13,1.27亿,30.76亿,100.27亿,11.84
1312,1573,600018,上港集团,6.05,1.17,0.07,0.17,0.14,1.02,2.01,1.93亿,232.15亿,1404.48亿,8.94
1313,1574,600030,中信证券,30.22,0.23,0.07,0.07,1.47,1.84,2.79,54.29亿,121.77亿,3679.75亿,20.00
1314,1575,600059,古越龙山,8.98,0.79,0.07,0.11,0.81,0.81,1.46,0.66亿,9.12亿,81.86亿,45.59
1315,1576,600061,国投资本,7.81,0.9,0.07,0.0,0.57,1.19,2.33,2.87亿,63.94亿,499.37亿,18.00
1316,1577,600063,皖维高新,4.14,1.72,0.07,0.24,0.87,1.04,2.95,0.69亿,19.26亿,79.73亿,32.64
1317,1578,600067,冠城新材,2.74,2.62,0.07,0.0,1.07,0.84,4.49,0.41亿,13.92亿,38.13亿,--
1318,1579,600100,同方股份,7.39,0.96,0.07,-0.14,1.63,1.12,3.42,4.06亿,33.50亿,247.59亿,248.71
1319,1580,600110,诺德股份,4.14,1.72,0.07,0.0,1.2,0.96,3.44,0.86亿,17.35亿,71.84亿,--
1320,1521,688480,赛恩斯,28.14,0.28,0.08,0.07,0.55,0.83,2.03,0.10亿,0.64亿,17.97亿,14.04
1321,1522,688517,金冠电气,13.83,0.58,0.08,-0.07,1.46,1.19,2.76,0.28亿,1.37亿,18.89亿,21.40
1322,1523,688518,联赢激光,16.74,0.48,0.08,0.0,2.08,0.69,3.78,1.20亿,3.41亿,57.13亿,45.22
1323,1524,836717,瑞星股份,8.5,0.95,0.08,0.0,3.85,0.73,4.39,0.14亿,0.42亿,3.56亿,55.86
1324,1525,838837,华原股份,10.45,0.77,0.08,0.0,1.07,0.81,3.09,0.15亿,1.37亿,14.29亿,25.03
1325,1526,873339,恒太照明,7.7,1.05,0.08,0.0,0.36,0.5,2.62,0.04亿,1.51亿,11.62亿,27.70
1326,1527,000030,富奥股份,5.29,1.34,0.07,0.0,0.64,1.04,2.49,0.57亿,16.92亿,89.52亿,15.56
1327,1528,000159,国际实业,6.44,1.1,0.07,0.16,3.57,0.7,3.61,1.11亿,4.81亿,30.96亿,--
1328,1529,000567,海德股份,7.11,0.99,0.07,0.14,0.78,0.91,3.69,1.09亿,19.50亿,138.64亿,20.15
1329,1530,000582,北部湾港,7.7,0.92,0.07,0.0,0.81,1.23,1.05,1.09亿,17.61亿,135.62亿,14.36
1330,1601,601011,宝泰隆,2.49,2.89,0.07,0.0,2.8,0.75,4.55,1.33亿,19.16亿,47.70亿,--
1331,1602,601326,秦港股份,3.41,2.1,0.07,0.0,0.55,1.44,2.1,0.88亿,47.58亿,162.23亿,10.67
1332,1603,601555,东吴证券,8.14,0.87,0.07,0.0,1.05,1.49,1.98,4.24亿,49.69亿,404.45亿,16.56
1333,1604,601866,中远海发,2.64,2.72,0.07,0.0,0.87,1.48,3.89,2.26亿,99.00亿,261.36亿,19.46
1334,1605,601996,丰林集团,2.22,3.26,0.07,-0.45,2.19,0.95,5.58,0.55亿,11.21亿,24.88亿,--
1335,1606,603088,宁波精达,9.38,0.75,0.07,0.0,3.82,0.84,2.79,1.57亿,4.36亿,40.86亿,25.95
1336,1607,603135,中重科技,9.17,0.77,0.07,0.0,0.79,0.72,1.54,0.18亿,2.53亿,23.17亿,632.90
1337,1608,603273,天元智能,17.67,0.4,0.07,-0.11,7.22,0.52,2.44,0.72亿,0.56亿,9.91亿,108.73
1338,1609,688026,洁特生物,13.49,0.52,0.07,-0.22,0.94,0.71,2.46,0.18亿,1.40亿,18.92亿,28.31
1339,1610,688033,天宜上佳,6.09,1.16,0.07,0.16,1.35,0.82,2.49,0.47亿,5.62亿,34.24亿,--
1340,1581,600113,浙江东日,14.17,0.5,0.07,-0.14,0.98,0.73,4.4,0.58亿,4.11亿,58.30亿,42.53
1341,1582,600151,航天机电,8.34,0.85,0.07,0.0,1.1,0.82,3.14,1.32亿,14.34亿,119.62亿,--
1342,1583,600155,华创云信,7.78,0.91,0.07,0.26,1.75,1.28,2.59,3.03亿,22.24亿,173.06亿,120.32
1343,1584,600167,联美控股,5.89,1.2,0.07,-0.17,0.15,1.29,2.41,0.21亿,22.88亿,134.77亿,19.89
1344,1585,600180,瑞茂通,4.47,1.59,0.07,-0.22,0.81,0.87,2.5,0.39亿,10.87亿,48.57亿,29.07
1345,1586,600248,陕建股份,4.5,1.58,0.07,0.0,0.69,1.22,2.26,1.14亿,36.81亿,165.63亿,4.28
1346,1587,600278,东方创业,7.19,0.98,0.07,-0.14,0.82,0.53,3.23,0.51亿,8.71亿,62.66亿,25.19
1347,1588,600305,恒顺醋业,8.18,0.86,0.07,0.0,0.59,0.73,1.85,0.53亿,11.03亿,90.23亿,56.63
1348,1589,600383,金地集团,4.62,1.54,0.07,0.0,2.1,1.26,3.08,4.38亿,45.15亿,208.57亿,--
1349,1590,600386,北巴传媒,4.86,1.46,0.07,-0.21,5.45,0.84,10.65,2.18亿,8.06亿,39.19亿,117.44
1350,1021,600630,龙头股份,10.24,1.39,0.14,0.0,4.74,0.48,3.17,2.07亿,4.25亿,43.51亿,86.41
1351,1022,600668,尖峰集团,10.49,1.35,0.14,0.0,0.89,0.91,2.22,0.32亿,3.44亿,36.09亿,38.36
1352,1023,600805,悦达投资,4.5,3.21,0.14,0.22,1.1,0.84,4.36,0.42亿,8.50亿,38.26亿,114.23
1353,1024,600958,东方证券,11.02,1.29,0.14,-0.09,1.55,2.35,4.04,12.85亿,74.69亿,823.14亿,21.27
1354,1025,601083,锦江航运,9.75,1.46,0.14,-0.1,2.58,1.17,2.39,0.49亿,1.94亿,18.93亿,13.16
1355,1026,601700,风范股份,4.71,3.06,0.14,0.0,0.93,1.07,3.72,0.50亿,11.42亿,53.80亿,47.27
1356,1027,603004,鼎龙科技,21.01,0.67,0.14,0.0,5.63,0.65,2.54,0.70亿,0.59亿,12.37亿,34.35
1357,1028,603011,合锻智能,7.13,2.0,0.14,0.0,2.86,0.96,4.72,1.02亿,4.94亿,35.25亿,344.3
1358,1029,603160,汇顶科技,84.49,0.17,0.14,0.01,1.71,1.05,3.26,6.71亿,4.58亿,387.19亿,64.8
1359,1030,603169,兰石重装,5.59,2.57,0.14,0.0,1.07,1.27,3.49,0.78亿,13.06亿,73.02亿,56.75
1360,1641,002245,蔚蓝锂芯,11.0,0.55,0.06,0.0,11.03,1.98,8.23,13.55亿,10.87亿,119.60亿,33.72
1361,1642,002339,积成电子,7.39,0.82,0.06,-0.14,8.63,0.47,2.87,3.08亿,4.79亿,35.38亿,--
1362,1643,002346,柘中股份,10.37,0.58,0.06,-0.29,1.88,1.01,2.23,0.77亿,3.93亿,40.80亿,--
1363,1644,002374,中锐股份,2.9,2.11,0.06,0.0,1.85,0.7,5.28,0.59亿,10.85亿,31.47亿,--
1364,1645,002386,天原股份,4.62,1.32,0.06,0.0,0.93,1.0,2.41,0.56亿,13.01亿,60.13亿,--
1365,1646,002401,中远海科,16.48,0.36,0.06,0.06,2.15,0.89,3.65,1.33亿,3.70亿,61.01亿,32.36
1366,1647,002430,杭氧股份,22.18,0.27,0.06,-0.09,0.69,0.81,2.98,1.49亿,9.65亿,213.97亿,24.24
1367,1648,002489,浙江永强,3.37,1.81,0.06,0.0,1.36,0.79,4.23,0.88亿,19.13亿,64.47亿,11.25
1368,1649,002493,荣盛石化,9.15,0.66,0.06,-0.11,0.16,1.07,1.1,1.39亿,94.98亿,869.09亿,79.26
1369,1650,002523,天桥起重,3.38,1.81,0.06,0.0,5.67,0.83,4.52,2.73亿,14.12亿,47.71亿,203.82
1370,1651,002545,东方铁塔,7.22,0.84,0.06,0.14,1.07,0.94,1.96,0.87亿,11.30亿,81.60亿,14.45
1371,1652,002565,顺灏股份,3.16,1.94,0.06,-0.32,1.87,0.69,3.55,0.62亿,10.54亿,33.31亿,44.89
1372,1653,002570,贝因美,4.46,1.36,0.06,0.23,5.96,0.94,5.91,2.88亿,10.80亿,48.17亿,50.32
1373,1654,002607,中公教育,3.61,1.69,0.06,0.0,7.45,0.77,5.35,13.61亿,50.29亿,181.54亿,99.30
1374,1655,002611,东方精工,10.3,0.59,0.06,0.1,5.63,0.78,2.64,5.80亿,9.95亿,102.49亿,28.53
1375,1656,002654,万润科技,12.91,0.47,0.06,0.0,3.7,0.98,3.81,4.08亿,8.45亿,109.12亿,245.95
1376,1657,002756,永兴材料,39.35,0.15,0.06,0.03,1.03,0.77,1.81,1.58亿,3.89亿,152.95亿,16.39
1377,1658,002805,丰元股份,12.39,0.49,0.06,0.0,1.4,0.77,2.27,0.48亿,2.79亿,34.55亿,--
1378,1659,002909,集泰股份,5.15,1.18,0.06,-0.19,1.88,0.72,2.75,0.37亿,3.81亿,19.62亿,104.39
1379,1660,002987,京北方,14.77,0.41,0.06,0.0,1.67,0.84,3.19,1.50亿,6.02亿,88.91亿,30.41
1380,1701,600812,华北制药,5.34,1.14,0.06,0.0,0.59,0.94,2.65,0.54亿,17.16亿,91.62亿,67.06
1381,1702,600966,博汇纸业,5.15,1.18,0.06,0.0,0.54,0.74,2.95,0.38亿,13.37亿,68.85亿,34.61
1382,1703,601065,江盐集团,8.97,0.67,0.06,0.0,0.95,0.89,1.01,0.35亿,4.16亿,37.34亿,12.12
1383,1704,601088,中国神华,42.19,0.14,0.06,-0.61,0.11,0.65,2.02,7.86亿,164.91亿,6957.57亿,13.64
1384,1705,601099,太平洋,4.54,1.34,0.06,0.22,3.92,1.35,3.79,12.16亿,68.16亿,309.46亿,170.33
1385,1706,601106,中国一重,3.03,2.02,0.06,0.33,0.51,1.0,3.37,1.05亿,68.58亿,207.79亿,--
1386,1707,601390,中国中铁,6.5,0.93,0.06,0.0,0.33,0.79,1.24,4.41亿,204.23亿,1327.52亿,5.86
1387,1708,601619,嘉泽新能,3.48,1.75,0.06,-0.29,2.48,1.54,4.09,2.12亿,24.34亿,84.72亿,11.54
1388,1709,601669,中国电建,5.55,1.09,0.06,0.0,0.67,0.65,1.46,4.84亿,130.72亿,725.47亿,8.14
1389,1710,601678,滨化股份,3.9,1.56,0.06,-0.26,0.89,0.9,2.34,0.70亿,20.30亿,79.16亿,31.81
1390,1711,601778,晶科科技,2.95,2.08,0.06,0.0,1.24,1.2,3.11,1.31亿,35.71亿,105.34亿,35.94
1391,1712,601886,江河集团,5.57,1.09,0.06,-0.18,0.92,1.23,2.36,0.58亿,11.33亿,63.11亿,10.93
1392,1713,601999,出版传媒,6.7,0.9,0.06,0.15,1.39,0.48,3.46,0.51亿,5.51亿,36.91亿,63.34
1393,1714,603010,万盛股份,10.46,0.58,0.06,0.0,0.71,0.85,2.6,0.36亿,4.85亿,50.76亿,38.92
1394,1715,603156,养元饮品,22.71,0.27,0.06,-0.13,0.22,0.81,1.72,0.63亿,12.65亿,287.39亿,17.54
1395,1716,603969,银龙股份,6.77,0.89,0.06,0.15,3.87,1.17,5.81,2.22亿,8.43亿,57.04亿,25.73
1396,1717,688118,普元信息,21.92,0.28,0.06,1.15,2.21,0.85,3.11,0.45亿,0.94亿,20.60亿,--
1397,1718,688119,中钢洛耐,4.05,1.5,0.06,0.0,0.59,0.83,2.51,0.14亿,5.71亿,23.15亿,--
1398,1719,688133,泰坦科技,19.46,0.31,0.06,0.05,1.67,0.92,3.04,0.54亿,1.64亿,32.00亿,247.22
1399,1720,688177,百奥泰,20.08,0.3,0.06,-0.1,0.33,0.94,2.4,0.28亿,4.14亿,83.15亿,--
1400,1661,300070,碧水源,5.3,1.15,0.06,0.0,0.81,0.94,2.29,1.48亿,34.35亿,182.04亿,--
1401,1662,300080,易成新能,4.62,1.32,0.06,0.0,0.63,0.92,3.95,0.55亿,18.71亿,86.44亿,--
1402,1663,300395,菲利华,39.26,0.15,0.06,0.0,1.54,0.83,2.93,3.12亿,5.13亿,201.59亿,65.54
1403,1664,300429,强力新材,12.75,0.47,0.06,0.08,3.14,0.84,3.15,1.61亿,3.99亿,50.82亿,--
1404,1665,300443,金雷股份,20.56,0.29,0.06,0.0,2.89,0.9,3.02,1.45亿,2.43亿,49.91亿,33.11
1405,1666,300821,东岳硅材,8.08,0.75,0.06,-0.12,0.48,1.03,2.74,0.46亿,12.00亿,96.94亿,82.09
1406,1667,300873,海晨股份,17.65,0.34,0.06,-0.06,1.07,0.76,1.59,0.32亿,1.69亿,29.87亿,13.99
1407,1668,300876,蒙泰高新,26.27,0.23,0.06,0.11,1.77,0.37,1.95,0.32亿,0.68亿,17.97亿,--
1408,1669,300887,谱尼测试,8.06,0.75,0.06,0.0,2.3,0.59,2.62,0.67亿,3.62亿,29.19亿,--
1409,1670,300901,中胤时尚,12.1,0.5,0.06,0.0,2.09,0.55,4.32,0.61亿,2.40亿,29.04亿,--
1410,1751,002132,恒星科技,2.95,1.72,0.05,0.34,3.08,0.9,4.14,1.27亿,13.99亿,41.28亿,166.62
1411,1752,002145,中核钛白,4.31,1.17,0.05,-0.23,0.88,0.83,3.29,1.45亿,38.13亿,164.32亿,27.95
1412,1753,002191,劲嘉股份,4.39,1.15,0.05,0.0,1.04,0.95,2.07,0.66亿,14.41亿,63.25亿,20.14
1413,1754,002195,岩山科技,4.42,1.14,0.05,0.0,7.23,0.7,5.26,18.03亿,56.13亿,248.10亿,444.75
1414,1755,002266,浙富控股,3.21,1.58,0.05,0.0,0.62,1.06,2.85,0.97亿,48.97亿,157.19亿,16.20
1415,1756,002285,世联行,2.76,1.84,0.05,0.0,2.48,0.91,4.43,1.36亿,19.75亿,54.52亿,--
1416,1757,002329,皇氏集团,3.98,1.27,0.05,-0.5,3.81,0.59,2.8,1.00亿,6.59亿,26.23亿,--
1417,1758,002372,伟星新材,12.7,0.4,0.05,-0.47,0.54,1.14,2.21,1.00亿,14.71亿,186.80亿,24.30
1418,1759,002399,海普瑞,10.94,0.46,0.05,-0.09,0.23,0.96,1.93,0.32亿,12.47亿,136.44亿,15.43
1419,1760,002532,天山铝业,8.01,0.63,0.05,-0.13,0.66,0.62,1.88,2.19亿,41.30亿,330.81亿,9.06
1420,1631,000935,四川双马,14.91,0.4,0.06,-0.07,0.36,0.93,2.69,0.42亿,7.63亿,113.83亿,34.91
1421,1632,000950,重药控股,5.8,1.04,0.06,-0.17,1.35,0.37,2.61,1.35亿,17.28亿,100.23亿,25.73
1422,1633,000957,中通客车,11.42,0.53,0.06,0.09,2.45,0.83,1.94,1.65亿,5.93亿,67.71亿,26.01
1423,1634,000965,天保基建,3.13,1.95,0.06,0.0,2.39,1.01,3.91,0.83亿,11.10亿,34.74亿,2927.03
1424,1635,002010,传化智联,4.75,1.28,0.06,0.0,0.69,0.94,2.77,0.90亿,27.80亿,132.04亿,41.84
1425,1636,002035,华帝股份,7.53,0.8,0.06,0.0,1.11,0.6,2.14,0.65亿,7.81亿,58.77亿,11.86
1426,1637,002097,山河智能,7.62,0.79,0.06,0.13,2.45,1.25,3.7,2.01亿,10.73亿,81.74亿,176.38
1427,1638,002104,恒宝股份,7.13,0.85,0.06,0.0,1.96,0.77,3.4,0.84亿,5.95亿,42.45亿,41.18
1428,1639,002153,石基信息,7.56,0.8,0.06,0.13,0.72,0.91,3.87,0.88亿,16.00亿,120.94亿,974.26
1429,1640,002233,塔牌集团,7.66,0.79,0.06,-0.13,0.43,0.91,1.45,0.40亿,11.91亿,91.27亿,17.98
1430,1771,300358,楚天科技,7.24,0.69,0.05,0.14,1.21,0.84,2.36,0.51亿,5.76亿,41.72亿,--
1431,1772,300364,中文在线,25.85,0.19,0.05,0.12,3.94,0.76,2.87,6.78亿,6.61亿,170.86亿,--
1432,1773,300369,绿盟科技,7.6,0.66,0.05,0.0,2.17,0.83,3.97,1.33亿,7.98亿,60.67亿,--
1433,1774,300476,胜宏科技,48.2,0.1,0.05,0.02,5.21,1.46,3.53,21.56亿,8.55亿,412.21亿,40.79
1434,1775,300726,宏达电子,32.75,0.15,0.05,0.06,3.96,2.33,3.73,2.81亿,2.14亿,69.94亿,38.66
1435,1776,301003,江苏博云,22.29,0.23,0.05,-0.05,0.95,0.69,1.89,0.16亿,0.77亿,17.09亿,16.46
1436,1777,301020,密封科技,19.72,0.25,0.05,0.05,0.92,0.76,2.8,0.27亿,1.46亿,28.87亿,32.70
1437,1778,301102,兆讯传媒,11.72,0.43,0.05,0.17,5.1,0.55,3.17,0.61亿,1.01亿,11.90亿,53.09
1438,1779,301115,建科股份,14.38,0.35,0.05,0.0,1.0,0.57,1.6,0.15亿,1.06亿,15.18亿,95.34
1439,1780,430017,星昊医药,14.28,0.35,0.05,0.0,1.33,0.83,2.11,0.23亿,1.21亿,17.29亿,16.63
1440,1741,000859,国风新材,5.37,0.94,0.05,0.0,4.29,0.48,2.82,2.08亿,8.96亿,48.11亿,--
1441,1742,000901,航天科技,11.44,0.44,0.05,0.0,2.2,1.3,2.81,2.03亿,7.98亿,91.31亿,--
1442,1743,000948,南天信息,17.47,0.29,0.05,0.0,2.2,0.97,2.87,1.49亿,3.86亿,67.42亿,92.25
1443,1744,000951,中国重汽,17.24,0.29,0.05,-0.12,0.82,0.73,2.68,1.65亿,11.75亿,202.55亿,16.27
1444,1745,002048,宁波华翔,13.04,0.39,0.05,0.08,1.3,0.97,1.08,0.89亿,5.22亿,68.10亿,11.11
1445,1746,002063,远光软件,6.05,0.83,0.05,0.0,1.77,0.99,2.83,1.90亿,17.59亿,106.41亿,78.32
1446,1747,002081,金螳螂,3.74,1.35,0.05,-0.27,0.72,1.02,2.98,0.71亿,26.43亿,98.86亿,15.91
1447,1748,002101,广东鸿图,12.63,0.4,0.05,0.0,0.86,0.98,1.51,0.68亿,6.23亿,78.68亿,23.58
1448,1749,002120,韵达股份,7.77,0.65,0.05,-0.13,0.58,0.78,1.29,1.26亿,28.15亿,218.74亿,12.00
1449,1750,002127,南极电商,4.36,1.16,0.05,-0.23,4.01,0.54,5.34,3.48亿,19.95亿,86.97亿,148.03
1450,1781,600019,宝钢股份,7.04,0.71,0.05,0.0,0.3,0.74,2.0,4.55亿,218.58亿,1538.80亿,19.73
1451,1782,600020,中原高速,4.28,1.18,0.05,0.0,0.84,0.93,1.66,0.80亿,22.47亿,96.19亿,8.77
1452,1783,600027,华电国际,5.81,0.87,0.05,-0.17,0.59,0.61,2.26,2.89亿,85.10亿,494.45亿,8.64
1453,1784,600048,保利发展,9.13,0.55,0.05,0.11,0.73,0.87,1.65,7.93亿,119.70亿,1092.90亿,10.49
1454,1785,600094,大名城,3.79,1.34,0.05,0.27,0.84,0.55,4.01,0.73亿,22.77亿,86.28亿,30.23
1455,1786,600105,永鼎股份,5.25,0.96,0.05,0.0,3.62,0.72,5.38,2.80亿,14.62亿,76.75亿,100.46
1456,1787,600118,中国卫星,29.1,0.17,0.05,0.0,1.62,0.99,2.2,5.59亿,11.82亿,344.10亿,--
1457,1788,600162,香江控股,2.0,2.56,0.05,0.0,1.19,0.9,5.13,0.78亿,32.68亿,65.37亿,71.85
1458,1789,600221,海航控股,1.77,2.91,0.05,0.0,2.33,1.52,5.81,13.59亿,328.73亿,581.85亿,26.40
1459,1790,600236,桂冠电力,6.85,0.73,0.05,-0.15,0.12,0.66,1.62,0.66亿,78.82亿,539.94亿,18.71
1460,1671,300938,信测标准,25.81,0.23,0.06,-0.04,3.16,0.84,3.5,0.93亿,1.13亿,29.09亿,21.81
1461,1672,301060,兰卫医学,9.51,0.64,0.06,-0.31,1.24,0.7,3.81,0.42亿,3.57亿,33.91亿,--
1462,1673,301203,国泰环保,29.42,0.2,0.06,0.07,0.68,0.64,1.4,0.09亿,0.44亿,12.90亿,17.44
1463,1674,301215,中汽股份,6.17,0.98,0.06,-0.16,1.36,0.89,2.29,0.65亿,7.67亿,47.35亿,55.30
1464,1675,301256,华融化学,7.95,0.76,0.06,0.25,1.93,0.57,2.79,0.21亿,1.36亿,10.83亿,44.73
1465,1676,301277,新天地,14.34,0.42,0.06,-0.07,2.64,0.64,2.1,0.27亿,0.72亿,10.35亿,21.24
1466,1677,600025,华能水电,9.72,0.62,0.06,0.0,0.15,0.66,1.76,2.63亿,180.00亿,1749.60亿,18.16
1467,1678,600038,中直股份,39.02,0.15,0.06,0.0,0.98,1.32,2.1,2.28亿,5.89亿,230.01亿,67.16
1468,1679,600098,广州发展,6.56,0.92,0.06,0.0,0.5,0.88,1.54,1.15亿,34.99亿,229.52亿,10.87
1469,1680,600125,铁龙物流,6.09,0.99,0.06,0.16,1.22,1.02,1.49,0.96亿,13.06亿,79.51亿,15.09
1470,1731,833266,生物谷,9.75,0.62,0.06,0.0,1.29,0.76,3.71,0.10亿,0.77亿,7.50亿,506.42
1471,1732,836260,中寰股份,10.23,0.59,0.06,0.0,1.75,0.45,3.05,0.08亿,0.43亿,4.35亿,24.44
1472,1733,837344,三元基因,18.43,0.33,0.06,0.0,0.24,0.57,3.21,0.05亿,1.14亿,20.93亿,142.03
1473,1734,920016,中草香料,21.08,0.28,0.06,0.0,3.48,0.72,2.24,0.13亿,0.18亿,3.74亿,37.02
1474,1735,000088,盐田港,4.9,1.03,0.05,0.0,0.38,0.94,1.24,0.42亿,22.49亿,110.21亿,19.03
1475,1736,000498,山东路桥,6.09,0.83,0.05,0.0,0.69,0.76,2.15,0.61亿,14.58亿,88.79亿,4.90
1476,1737,000519,中兵红箭,14.85,0.34,0.05,0.0,1.29,0.51,1.76,2.68亿,13.93亿,206.79亿,--
1477,1738,000531,穗恒运A,5.99,0.84,0.05,0.17,0.57,0.84,1.51,0.31亿,9.10亿,54.49亿,25.47
1478,1739,000536,华映科技,4.8,1.05,0.05,0.0,3.42,0.91,5.05,4.58亿,27.63亿,132.63亿,--
1479,1740,000848,承德露露,9.24,0.54,0.05,-0.11,0.71,0.65,1.74,0.68亿,10.40亿,96.05亿,17.41
1480,1761,002563,森马服饰,6.9,0.73,0.05,-0.15,0.62,0.77,3.21,0.93亿,22.08亿,152.38亿,18.46
1481,1762,002639,雪人股份,7.23,0.7,0.05,-0.14,6.63,0.59,3.76,3.14亿,6.51亿,47.04亿,124.76
1482,1763,002697,红旗连锁,6.03,0.84,0.05,0.33,5.19,1.14,3.68,3.37亿,10.78亿,64.98亿,15.77
1483,1764,003816,中国广核,4.14,1.22,0.05,0.0,0.37,0.78,1.71,6.03亿,393.35亿,1628.47亿,15.71
1484,1765,300166,东方国信,9.73,0.52,0.05,0.0,3.39,0.74,3.41,3.01亿,9.06亿,88.11亿,395.27
1485,1766,300197,节能铁汉,2.51,2.03,0.05,0.4,3.16,0.86,5.69,2.37亿,29.65亿,74.43亿,--
1486,1767,300217,东方电热,4.7,1.07,0.05,-0.21,2.59,0.76,3.66,1.51亿,12.27亿,57.67亿,18.64
1487,1768,300237,美晨科技,2.26,2.26,0.05,-0.44,4.12,0.94,5.88,1.35亿,14.39亿,32.52亿,--
1488,1769,300267,尔康制药,2.91,1.75,0.05,-0.34,2.11,0.79,4.2,0.87亿,14.22亿,41.39亿,--
1489,1770,300331,苏大维格,22.83,0.22,0.05,0.0,3.27,0.66,3.34,1.52亿,2.01亿,45.86亿,112.93
1490,1721,688182,灿勤科技,18.75,0.32,0.06,0.0,1.04,1.42,4.28,0.78亿,4.00亿,75.00亿,112.41
1491,1722,688211,中科微至,29.81,0.2,0.06,-0.1,0.47,1.02,1.01,0.09亿,0.65亿,19.38亿,--
1492,1723,688295,中复神鹰,20.24,0.3,0.06,-0.05,1.33,1.16,3.47,0.39亿,1.45亿,29.28亿,--
1493,1724,688308,欧科亿,18.87,0.32,0.06,0.0,1.24,1.01,3.72,0.37亿,1.59亿,29.96亿,25.02
1494,1725,688396,华润微,47.36,0.13,0.06,-0.15,0.71,1.21,2.73,4.45亿,13.24亿,626.82亿,94.15
1495,1726,688500,慧辰股份,36.87,0.16,0.06,-0.22,3.75,1.34,9.67,0.98亿,0.74亿,27.39亿,--
1496,1727,688501,青达环保,13.88,0.43,0.06,-0.29,0.62,0.5,1.95,0.11亿,1.23亿,17.08亿,37.89
1497,1728,688610,埃科光电,36.83,0.16,0.06,0.25,0.93,0.63,1.99,0.08亿,0.24亿,8.85亿,117.28
1498,1729,688681,科汇股份,11.26,0.54,0.06,0.0,1.45,0.66,3.93,0.17亿,1.05亿,11.79亿,57.05
1499,1730,831010,凯添燃气,7.68,0.79,0.06,0.0,3.14,0.49,3.54,0.42亿,1.74亿,13.34亿,35.30
1500,1801,600587,新华医疗,17.5,0.29,0.05,0.0,0.91,1.05,1.2,0.96亿,6.02亿,105.36亿,12.90
1501,1802,600604,市北高新,4.95,1.02,0.05,0.2,1.5,0.66,3.47,1.05亿,14.07亿,69.67亿,--
1502,1803,600624,复旦复华,7.25,0.69,0.05,0.0,8.16,0.58,5.97,4.11亿,6.85亿,49.64亿,--
1503,1804,600675,中华企业,2.9,1.75,0.05,0.35,0.45,0.93,2.81,0.79亿,60.46亿,175.34亿,--
1504,1805,600684,珠江股份,3.41,1.49,0.05,0.0,1.7,0.81,3.57,0.49亿,8.53亿,29.10亿,125.90
1505,1806,600705,中航产融,3.82,1.33,0.05,0.0,1.4,1.93,4.24,4.75亿,88.04亿,336.33亿,42.16
1506,1807,600707,彩虹股份,8.38,0.6,0.05,0.0,1.03,0.74,3.84,3.10亿,35.88亿,300.65亿,18.35
1507,1808,600751,海航科技,2.74,1.86,0.05,-0.36,1.43,1.36,3.72,1.01亿,25.73亿,70.51亿,53.35
1508,1809,600771,广誉远,19.29,0.26,0.05,0.0,0.94,0.41,1.92,0.89亿,4.89亿,94.42亿,99.79
1509,1810,600936,广西广电,3.02,1.68,0.05,0.33,1.32,1.04,7.41,0.67亿,16.71亿,50.47亿,--
1510,1791,600252,中恒集团,2.57,1.98,0.05,-0.39,1.24,1.13,3.97,1.06亿,33.43亿,85.92亿,576.24
1511,1792,600258,首旅酒店,14.88,0.34,0.05,0.0,0.89,0.9,2.23,1.47亿,11.17亿,166.15亿,17.23
1512,1793,600266,城建发展,5.05,1.0,0.05,-0.2,1.83,0.87,3.4,1.93亿,20.76亿,104.83亿,14.41
1513,1794,600336,澳柯玛,7.23,0.7,0.05,0.0,2.24,0.44,3.76,1.30亿,7.98亿,57.70亿,1530.88
1514,1795,600337,美克家居,1.95,2.63,0.05,0.0,3.17,0.69,6.84,0.89亿,14.37亿,28.02亿,--
1515,1796,600395,盘江股份,5.06,1.0,0.05,0.2,0.66,0.75,1.4,0.71亿,21.47亿,108.62亿,231.53
1516,1797,600425,青松建化,4.1,1.24,0.05,0.24,1.3,0.61,1.98,0.73亿,13.79亿,56.53亿,12.17
1517,1798,600502,安徽建工,4.91,1.03,0.05,-0.2,1.16,1.25,1.24,0.98亿,17.17亿,84.28亿,6.57
1518,1799,600545,卓郎智能,2.53,2.02,0.05,0.0,4.68,0.58,6.45,2.14亿,17.88亿,45.23亿,--
1519,1800,600547,山东黄金,23.16,0.22,0.05,0.0,0.44,0.85,0.95,3.71亿,36.14亿,837.11亿,37.61
1520,1611,688191,智洋创新,17.95,0.39,0.07,-0.11,0.88,0.72,2.8,0.25亿,1.54亿,27.67亿,56.44
1521,1612,688310,迈得医疗,11.36,0.62,0.07,0.0,0.86,1.04,2.92,0.16亿,1.66亿,18.88亿,185.61
1522,1613,688468,科美诊断,7.07,1.0,0.07,0.14,0.73,0.65,2.29,0.21亿,4.01亿,28.36亿,18.96
1523,1614,688479,友车科技,18.32,0.38,0.07,-0.06,0.93,0.85,1.64,0.10亿,0.61亿,11.15亿,33.35
1524,1615,688562,航天软件,16.45,0.43,0.07,0.0,0.95,0.96,2.81,0.27亿,1.69亿,27.80亿,--
1525,1616,688568,中科星图,52.24,0.13,0.07,0.0,1.57,0.82,3.24,4.49亿,5.43亿,283.83亿,146.12
1526,1617,688719,爱科赛博,28.74,0.24,0.07,0.0,0.76,0.82,2.41,0.16亿,0.73亿,21.12亿,70.67
1527,1618,834021,流金科技,5.74,1.24,0.07,0.0,5.44,0.88,4.59,0.79亿,2.52亿,14.46亿,--
1528,1619,835857,百甲科技,6.11,1.16,0.07,0.0,2.1,0.79,3.48,0.15亿,1.15亿,7.05亿,97.14
1529,1620,836395,朗鸿科技,12.44,0.57,0.07,0.0,1.13,0.45,2.99,0.08亿,0.57亿,7.05亿,27.68
1530,1831,603663,三祥新材,16.55,0.3,0.05,0.18,1.83,1.15,2.18,1.28亿,4.23亿,69.98亿,68.33
1531,1832,603712,七一二,20.19,0.25,0.05,-0.05,5.1,1.45,5.56,8.13亿,7.72亿,155.87亿,--
1532,1833,603867,新化股份,25.1,0.2,0.05,-0.04,1.11,0.96,2.35,0.52亿,1.86亿,46.58亿,19.39
1533,1834,688315,诺禾致源,13.07,0.38,0.05,-0.15,0.35,0.81,3.3,0.19亿,4.16亿,54.40亿,30.34
1534,1835,688321,微芯生物,19.23,0.26,0.05,-0.26,0.57,0.78,2.81,0.45亿,4.08亿,78.42亿,--
1535,1836,688323,瑞华泰,12.26,0.41,0.05,-0.57,0.51,0.56,3.69,0.11亿,1.80亿,22.07亿,--
1536,1837,688560,明冠新材,13.44,0.37,0.05,0.0,0.68,0.92,2.54,0.18亿,2.01亿,27.05亿,--
1537,1838,688566,吉贝尔,22.35,0.22,0.05,-0.13,0.69,0.6,1.48,0.30亿,1.99亿,44.57亿,19.15
1538,1839,688569,铁科轨道,21.9,0.23,0.05,0.23,0.26,0.7,1.65,0.12亿,2.11亿,46.14亿,25.38
1539,1840,688607,康众医疗,14.14,0.35,0.05,-0.42,0.96,0.59,3.76,0.12亿,0.88亿,12.46亿,74.26
1540,1821,601339,百隆东方,5.45,0.93,0.05,0.18,0.37,0.79,1.3,0.30亿,15.00亿,81.73亿,14.85
1541,1822,601399,国机重装,3.15,1.61,0.05,-0.32,0.58,1.05,3.23,1.32亿,72.14亿,227.23亿,41.13
1542,1823,601608,中信重工,4.43,1.14,0.05,0.0,0.69,1.0,2.28,1.32亿,43.39亿,192.24亿,53.54
1543,1824,601718,际华集团,2.93,1.74,0.05,-0.34,1.03,0.91,2.43,1.32亿,43.92亿,128.68亿,--
1544,1825,601800,中国交建,10.68,0.47,0.05,0.0,0.3,0.73,1.13,3.78亿,117.47亿,1254.60亿,8.01
1545,1826,601872,招商轮船,6.47,0.78,0.05,0.0,0.46,0.56,1.4,2.39亿,81.44亿,526.90亿,11.73
1546,1827,601991,大唐发电,2.93,1.74,0.05,0.34,0.81,1.03,2.43,2.91亿,123.96亿,363.20亿,9.18
1547,1828,603032,德新科技,14.34,0.35,0.05,0.0,1.15,0.64,1.89,0.38亿,2.30亿,33.00亿,154.44
1548,1829,603067,振华股份,13.01,0.39,0.05,0.15,0.87,0.7,1.54,0.58亿,5.09亿,66.22亿,13.65
1549,1830,603178,圣龙股份,20.49,0.24,0.05,-0.05,1.45,0.49,2.79,0.70亿,2.36亿,48.44亿,529.45
1550,1841,688767,博拓生物,32.15,0.16,0.05,-0.09,0.24,0.53,2.02,0.08亿,1.07亿,34.29亿,28.83
1551,1842,688779,五矿新能,5.52,0.91,0.05,0.0,0.69,0.98,2.56,0.73亿,19.29亿,106.49亿,--
1552,1843,830946,森萱医药,9.58,0.53,0.05,0.0,0.52,0.82,2.1,0.21亿,4.27亿,40.89亿,33.57
1553,1844,833030,立方控股,16.84,0.3,0.05,0.0,2.36,0.67,3.4,0.22亿,0.56亿,9.42亿,--
1554,1845,839719,宁新新材,10.99,0.46,0.05,0.0,4.79,0.58,3.75,0.38亿,0.73亿,8.04亿,--
1555,1846,871553,凯腾精工,7.32,0.69,0.05,0.0,1.98,0.76,3.3,0.13亿,0.92亿,6.72亿,70.63
1556,1847,871970,大禹生物,5.93,0.85,0.05,0.0,2.78,0.98,3.57,0.11亿,0.69亿,4.12亿,--
1557,1848,873665,科强股份,10.68,0.47,0.05,0.0,1.97,0.79,3.1,0.08亿,0.39亿,4.16亿,20.88
1558,1849,873706,铁拓机械,12.75,0.39,0.05,0.0,2.34,0.52,2.68,0.08亿,0.26亿,3.27亿,19.81
1559,1850,000002,万科A,7.55,0.53,0.04,-0.13,1.03,0.92,1.86,7.60亿,97.17亿,733.63亿,--
1560,1851,000012,南玻A,5.37,0.75,0.04,0.0,0.59,0.89,1.31,0.62亿,19.59亿,105.21亿,15.72
1561,1852,000410,沈阳机床,7.12,0.56,0.04,0.0,0.83,0.93,2.54,1.00亿,16.81亿,119.68亿,--
1562,1853,000545,金浦钛业,2.28,1.79,0.04,0.44,3.08,0.44,4.46,0.70亿,9.85亿,22.47亿,--
1563,1854,000555,神州信息,11.95,0.34,0.04,-0.08,2.43,0.68,3.53,2.84亿,9.72亿,116.19亿,--
1564,1855,000557,西部创业,5.47,0.74,0.04,0.18,0.75,0.79,2.03,0.60亿,14.58亿,79.75亿,26.69
1565,1856,000591,太阳能,4.88,0.83,0.04,0.0,0.85,1.02,1.24,1.48亿,35.98亿,175.61亿,11.10
1566,1857,000639,西王食品,3.73,1.08,0.04,-0.27,3.29,0.8,4.07,1.33亿,10.79亿,40.26亿,48.25
1567,1858,000682,东方电子,10.55,0.38,0.04,0.0,0.71,1.03,1.9,1.01亿,13.41亿,141.43亿,25.19
1568,1859,000718,苏宁环球,2.52,1.61,0.04,0.0,1.53,0.93,3.23,0.88亿,22.83亿,57.54亿,16.20
1569,1860,000750,国海证券,4.54,0.89,0.04,-0.22,1.99,1.23,3.11,5.25亿,57.96亿,263.15亿,118.06
1570,1871,002194,武汉凡谷,11.78,0.34,0.04,0.34,3.38,0.68,3.32,2.04亿,5.09亿,59.99亿,129.64
1571,1872,002235,安妮股份,5.55,0.73,0.04,-0.18,7.75,0.52,4.54,2.40亿,5.54亿,30.72亿,97.73
1572,1873,002431,棕榈股份,2.22,1.83,0.04,0.0,1.78,0.42,5.05,0.72亿,18.13亿,40.24亿,--
1573,1874,002511,中顺洁柔,7.03,0.57,0.04,-0.14,0.69,0.72,2.15,0.61亿,12.65亿,88.95亿,127.29
1574,1875,002673,西部证券,8.51,0.47,0.04,0.0,1.54,1.23,2.72,5.41亿,41.09亿,349.69亿,39.15
1575,1876,002689,远大智能,3.72,1.09,0.04,0.0,2.56,0.6,3.53,1.00亿,10.43亿,38.80亿,--
1576,1877,002807,江阴银行,4.37,0.92,0.04,0.0,1.53,1.24,2.54,1.63亿,24.58亿,107.44亿,7.16
1577,1878,002824,和胜股份,16.99,0.24,0.04,0.0,1.93,0.46,2.48,0.62亿,1.89亿,32.14亿,63.97
1578,1879,002869,金溢科技,27.86,0.14,0.04,-0.04,2.57,0.82,2.23,1.15亿,1.59亿,44.37亿,120.68
1579,1880,002935,天奥电子,17.02,0.24,0.04,0.06,1.85,1.19,2.47,1.32亿,4.15亿,70.65亿,341.64
1580,1811,600938,中国海油,28.88,0.17,0.05,0.0,1.03,0.55,1.07,8.45亿,28.42亿,820.73亿,8.82
1581,1812,600961,株冶集团,8.17,0.62,0.05,0.12,1.69,1.06,2.09,1.04亿,7.52亿,61.42亿,11.3
1582,1813,601016,节能风电,3.28,1.55,0.05,0.0,0.96,1.04,1.86,1.87亿,59.60亿,195.48亿,13.49
1583,1814,601066,中信建投,26.86,0.19,0.05,0.0,0.22,1.02,2.27,3.84亿,64.96亿,1744.74亿,36.36
1584,1815,601096,宏盛华源,4.51,1.12,0.05,0.0,1.09,0.8,2.47,0.81亿,16.43亿,74.10亿,50.69
1585,1816,601158,重庆水务,4.95,1.02,0.05,0.2,0.19,1.13,1.23,0.46亿,48.00亿,237.60亿,24.43
1586,1817,601208,东材科技,7.79,0.65,0.05,0.0,1.02,0.85,2.58,0.72亿,8.97亿,69.86亿,22.18
1587,1818,601228,广州港,3.45,1.47,0.05,0.0,0.33,1.21,2.06,0.87亿,75.45亿,260.29亿,23.85
1588,1819,601311,骆驼股份,8.46,0.59,0.05,-0.12,0.79,1.06,1.67,0.78亿,11.73亿,99.25亿,15.27
1589,1820,601333,广深铁路,3.49,1.45,0.05,0.0,1.22,1.42,2.62,2.39亿,56.52亿,197.26亿,15.33
1590,1891,300568,星源材质,9.97,0.4,0.04,-0.2,2.02,1.05,2.32,2.45亿,12.14亿,121.02亿,28.74
1591,1892,300712,永福股份,25.38,0.16,0.04,0.0,1.1,0.51,2.37,0.53亿,1.87亿,47.36亿,106.27
1592,1893,300880,迦南智能,23.21,0.17,0.04,0.0,2.57,0.91,3.45,1.17亿,1.94亿,45.06亿,19.62
1593,1894,301065,本立科技,19.4,0.21,0.04,0.0,1.15,0.78,2.17,0.15亿,0.69亿,13.37亿,30.6
1594,1895,301107,瑜欣电子,26.6,0.15,0.04,0.08,3.2,0.56,2.3,0.18亿,0.21亿,5.58亿,31.96
1595,1896,301125,腾亚精工,11.68,0.34,0.04,0.17,7.33,0.55,2.83,0.51亿,0.59亿,6.89亿,221.87
1596,1897,301265,华新环保,9.32,0.43,0.04,0.0,0.84,0.69,2.15,0.13亿,1.70亿,15.83亿,52.31
1597,1898,301503,智迪科技,35.49,0.11,0.04,0.42,5.51,1.33,2.74,0.64亿,0.32亿,11.53亿,31.35
1598,1899,301520,万邦医药,40.49,0.1,0.04,0.05,2.63,0.85,1.63,0.24亿,0.22亿,8.94亿,26.02
1599,1900,301522,上大股份,38.94,0.1,0.04,0.0,4.88,0.71,2.39,1.35亿,0.71亿,27.51亿,87.08
1600,1881,002936,郑州银行,2.16,1.89,0.04,0.47,3.26,1.18,3.3,4.67亿,67.01亿,144.73亿,6.56
1601,1882,002939,长城证券,8.5,0.47,0.04,-0.24,0.8,1.54,2.36,2.38亿,34.88亿,296.45亿,23.42
1602,1883,300066,三川智慧,4.14,0.98,0.04,0.24,1.76,0.9,3.42,0.74亿,10.06亿,41.64亿,45.16
1603,1884,300067,安诺其,5.16,0.78,0.04,0.0,3.48,0.85,4.1,1.70亿,9.37亿,48.37亿,363.98
1604,1885,300128,锦富技术,5.36,0.75,0.04,-0.19,1.9,0.87,4.89,1.34亿,12.99亿,69.63亿,--
1605,1886,300133,华策影视,7.56,0.53,0.04,-0.13,3.75,0.7,3.46,4.64亿,16.24亿,122.76亿,64.85
1606,1887,300139,晓程科技,15.33,0.26,0.04,0.13,3.82,0.74,2.09,1.38亿,2.34亿,35.82亿,77.50
1607,1888,300184,力源信息,9.9,0.41,0.04,0.0,3.92,0.87,2.54,4.10亿,10.48亿,103.78亿,85.46
1608,1889,300355,蒙草生态,5.44,0.74,0.04,-0.18,4.53,0.85,4.07,3.40亿,13.66亿,74.31亿,130.93
1609,1890,300451,创业慧康,4.8,0.84,0.04,0.0,2.58,0.67,3.36,1.90亿,15.27亿,73.28亿,105.72
1610,1901,301526,国际复材,3.95,1.02,0.04,0.25,1.22,0.76,3.07,0.68亿,14.04亿,55.47亿,--
1611,1902,600008,首创环保,3.35,1.21,0.04,-0.3,1.0,1.04,1.81,2.46亿,73.41亿,245.91亿,5.67
1612,1903,600033,福建高速,3.91,1.03,0.04,0.26,1.04,0.93,1.81,1.11亿,27.44亿,107.31亿,10.15
1613,1904,600075,新疆天业,4.48,0.9,0.04,0.22,0.62,0.67,2.7,0.47亿,17.07亿,76.49亿,568.55
1614,1905,600107,美尔雅,4.86,0.83,0.04,-0.21,1.47,0.42,3.53,0.26亿,3.60亿,17.50亿,--
1615,1906,600109,国金证券,9.12,0.44,0.04,-0.22,1.35,1.74,2.53,3.97亿,32.00亿,291.80亿,28.42
1616,1907,600116,三峡水利,7.11,0.57,0.04,-0.14,0.39,0.91,0.99,0.53亿,19.12亿,135.95亿,26.61
1617,1908,600130,波导股份,4.93,0.82,0.04,-0.2,2.71,0.53,3.68,1.01亿,7.50亿,36.98亿,674.88
1618,1909,600170,上海建工,2.73,1.49,0.04,0.0,1.44,1.05,2.6,3.48亿,88.86亿,242.59亿,13.46
1619,1910,600210,紫江企业,6.86,0.59,0.04,0.0,1.56,0.91,2.64,1.63亿,15.17亿,104.05亿,14.79
1620,1911,600212,绿能慧充,8.12,0.49,0.04,-0.12,3.79,0.9,4.58,1.60亿,5.15亿,41.80亿,--
1621,1912,600261,阳光照明,3.37,1.2,0.04,0.3,0.94,1.0,2.4,0.42亿,13.35亿,44.99亿,22.22
1622,1913,600307,酒钢宏兴,1.64,2.5,0.04,0.0,1.16,1.23,5.62,1.20亿,62.63亿,102.72亿,--
1623,1914,600308,华泰股份,3.73,1.08,0.04,0.27,0.56,0.88,1.9,0.32亿,15.17亿,56.58亿,25.32
1624,1915,600332,白云山,28.78,0.14,0.04,0.0,0.38,0.94,1.46,1.53亿,14.06亿,404.62亿,11.11
1625,1916,600333,长春燃气,5.13,0.79,0.04,0.2,2.06,0.65,2.36,0.65亿,6.09亿,31.24亿,--
1626,1917,600409,三友化工,5.6,0.72,0.04,0.0,0.84,0.88,1.44,0.97亿,20.64亿,115.60亿,21.96
1627,1918,600415,小商品城,13.75,0.29,0.04,-0.07,0.86,0.63,4.16,6.51亿,54.70亿,752.16亿,24.28
1628,1919,600461,洪城环境,9.91,0.41,0.04,0.1,1.18,0.94,2.13,1.38亿,11.86亿,117.53亿,10.26
1629,1920,600477,杭萧钢构,2.65,1.53,0.04,-0.38,1.06,0.78,3.83,0.67亿,23.69亿,62.78亿,22.93
1630,1931,600998,九州通,5.26,0.77,0.04,0.0,0.41,0.76,2.11,1.09亿,50.42亿,265.23亿,11.73
1631,1932,601000,唐山港,4.67,0.86,0.04,0.0,1.19,1.27,3.67,3.26亿,59.26亿,276.74亿,13.13
1632,1933,601006,大秦铁路,6.8,0.59,0.04,0.0,0.73,1.27,1.33,9.10亿,182.83亿,1243.25亿,10.84
1633,1934,601015,陕西黑猫,3.27,1.24,0.04,0.0,0.79,0.78,3.1,0.52亿,20.43亿,66.79亿,--
1634,1935,601021,春秋航空,57.8,0.07,0.04,0.02,0.24,0.54,1.78,1.38亿,9.79亿,565.60亿,16.29
1635,1936,601211,国泰君安,18.95,0.21,0.04,-0.05,0.61,1.43,1.96,8.66亿,74.80亿,1417.52亿,13.29
1636,1937,601216,君正集团,5.5,0.73,0.04,-0.18,1.75,0.49,2.93,8.17亿,84.38亿,464.09亿,15.54
1637,1938,601500,通用股份,5.78,0.7,0.04,0.0,5.71,0.95,4.18,5.20亿,15.77亿,91.14亿,18.14
1638,1939,601636,旗滨集团,5.85,0.69,0.04,-0.17,0.65,0.84,2.24,1.02亿,26.84亿,156.99亿,16.84
1639,1940,601688,华泰证券,18.13,0.22,0.04,0.06,1.12,1.43,2.43,14.92亿,72.94亿,1322.46亿,9.80
1640,1861,000778,新兴铸管,3.95,1.02,0.04,0.0,1.03,1.1,2.3,1.59亿,38.96亿,153.90亿,24.45
1641,1862,000825,太钢不锈,3.6,1.12,0.04,-0.28,0.57,0.97,1.97,1.18亿,56.96亿,205.06亿,--
1642,1863,000898,鞍钢股份,2.48,1.64,0.04,-0.4,0.48,1.01,2.87,0.95亿,79.57亿,197.34亿,--
1643,1864,000899,赣能股份,9.43,0.43,0.04,0.0,2.8,0.58,2.13,2.58亿,9.76亿,92.01亿,10.80
1644,1865,000926,福星股份,2.66,1.53,0.04,-0.38,1.93,0.92,3.44,0.81亿,15.73亿,41.84亿,191.09
1645,1866,000937,冀中能源,6.29,0.64,0.04,0.0,0.41,0.63,1.12,0.88亿,34.33亿,215.96亿,13.73
1646,1867,001337,四川黄金,21.3,0.19,0.04,0.0,0.85,0.74,1.13,0.52亿,2.88亿,61.44亿,34.06
1647,1868,002044,美年健康,4.73,0.85,0.04,-0.21,0.72,0.76,3.41,1.33亿,38.72亿,183.17亿,563.72
1648,1869,002109,兴化股份,3.25,1.25,0.04,-0.61,0.47,0.74,3.12,0.19亿,12.76亿,41.48亿,--
1649,1870,002161,远望谷,6.05,0.67,0.04,0.17,4.24,0.66,4.16,1.85亿,7.13亿,43.16亿,53.01
1650,1941,601788,光大证券,19.27,0.21,0.04,0.0,1.39,1.25,2.5,10.53亿,39.07亿,752.82亿,33.48
1651,1942,601816,京沪高铁,6.23,0.65,0.04,0.0,0.18,0.71,1.62,5.49亿,491.06亿,3059.33亿,22.91
1652,1943,601880,辽港股份,1.68,2.44,0.04,0.0,0.84,1.49,3.05,2.62亿,187.47亿,314.95亿,31.86
1653,1944,601965,中国汽研,17.95,0.22,0.04,-0.06,0.41,0.8,1.68,0.74亿,9.93亿,178.31亿,20.16
1654,1945,603127,昭衍新药,16.96,0.24,0.04,0.06,0.98,0.79,2.9,1.05亿,6.30亿,106.93亿,--
1655,1946,603323,苏农银行,5.34,0.76,0.04,0.0,2.37,1.27,2.64,2.30亿,18.35亿,97.99亿,4.52
1656,1947,603626,科森科技,8.18,0.49,0.04,0.0,2.92,0.69,2.7,1.33亿,5.55亿,45.39亿,--
1657,1948,603876,鼎胜新材,9.23,0.43,0.04,0.11,1.06,0.86,1.96,0.87亿,8.87亿,81.91亿,27.41
1658,1949,688004,博汇科技,16.09,0.25,0.04,-0.12,2.2,1.17,4.42,0.28亿,0.80亿,12.89亿,--
1659,1950,688097,博众精工,28.49,0.14,0.04,0.0,1.44,1.09,2.39,1.83亿,4.44亿,126.39亿,37.60
1660,2051,603098,森特股份,9.85,0.31,0.03,-0.1,0.91,0.78,2.34,0.48亿,5.39亿,53.07亿,53.90
1661,2052,603212,赛伍技术,10.67,0.28,0.03,0.0,1.54,1.04,1.88,0.72亿,4.37亿,46.68亿,--
1662,2053,603300,海南华铁,6.12,0.49,0.03,0.0,5.02,1.24,3.78,6.11亿,19.71亿,120.60亿,18.58
1663,2054,603567,珍宝岛,12.09,0.25,0.03,0.08,1.29,1.2,2.32,1.47亿,9.40亿,113.59亿,21.46
1664,2055,688163,赛伦生物,17.96,0.17,0.03,-0.28,1.63,0.64,3.85,0.13亿,0.44亿,7.97亿,23.16
1665,2056,688350,富淼科技,13.25,0.23,0.03,-0.3,0.39,0.51,2.19,0.06亿,1.22亿,16.18亿,51.94
1666,2057,688370,丛麟科技,19.84,0.15,0.03,0.0,0.35,0.45,1.67,0.03亿,0.44亿,8.68亿,27.19
1667,2058,688538,和辉光电,2.38,1.28,0.03,0.0,1.09,0.93,2.98,1.50亿,57.52亿,136.90亿,--
1668,2059,688659,元琛科技,7.06,0.43,0.03,-0.28,1.54,0.75,3.98,0.18亿,1.60亿,11.30亿,124.17
1669,2060,688683,莱尔科技,20.45,0.15,0.03,0.1,0.22,0.54,3.13,0.07亿,1.55亿,31.73亿,86.21
1670,1921,600491,龙元建设,3.75,1.08,0.04,0.0,0.94,0.83,3.77,0.54亿,15.30亿,57.37亿,--
1671,1922,600512,腾达建设,2.45,1.66,0.04,-0.41,1.62,1.06,3.32,0.63亿,15.87亿,38.89亿,18.81
1672,1923,600551,时代出版,8.82,0.46,0.04,-0.11,0.6,0.82,2.39,0.36亿,6.78亿,59.80亿,17.15
1673,1924,600586,金晶科技,5.73,0.7,0.04,-0.17,0.75,0.86,2.29,0.62亿,14.29亿,81.87亿,20.68
1674,1925,600676,交运股份,4.91,0.82,0.04,0.0,2.16,0.47,5.13,1.10亿,10.28亿,50.50亿,--
1675,1926,600790,轻纺城,3.89,1.04,0.04,0.26,1.22,1.21,2.08,0.69亿,14.66亿,57.02亿,19.36
1676,1927,600871,石化油服,2.1,1.94,0.04,-0.47,0.55,1.08,2.43,1.57亿,135.69亿,284.96亿,44.20
1677,1928,600881,亚泰集团,1.95,2.09,0.04,0.0,6.35,1.3,10.47,4.08亿,32.49亿,63.35亿,--
1678,1929,600918,中泰证券,6.88,0.58,0.04,0.0,0.7,1.34,2.05,1.92亿,39.73亿,273.33亿,71.54
1679,1930,600928,西安银行,3.69,1.1,0.04,0.0,0.63,1.33,2.47,1.01亿,44.21亿,163.14亿,6.38
1680,2091,002561,徐家汇,9.5,0.21,0.02,0.0,4.27,0.91,3.27,1.69亿,4.14亿,39.37亿,--
1681,2092,002581,未名医药,10.9,0.18,0.02,-0.09,1.34,0.65,2.76,0.59亿,4.01亿,43.69亿,368.74
1682,2093,002590,万安科技,12.83,0.16,0.02,-0.08,2.29,1.04,2.65,1.35亿,4.56亿,58.45亿,33.84
1683,2094,002948,青岛银行,3.86,0.52,0.02,0.0,1.27,1.07,2.34,1.52亿,31.10亿,120.06亿,4.88
1684,2095,002958,青农商行,3.1,0.65,0.02,0.0,1.2,0.81,2.27,1.81亿,49.26亿,152.71亿,4.03
1685,2096,002984,森麒麟,24.92,0.08,0.02,0.08,1.28,0.96,1.77,2.24亿,6.99亿,174.25亿,11.15
1686,2097,300012,华测检测,12.76,0.16,0.02,0.0,1.23,0.9,1.65,2.26亿,14.32亿,182.69亿,21.57
1687,2098,300019,硅宝科技,15.26,0.13,0.02,0.07,1.64,0.9,1.84,0.87亿,3.46亿,52.75亿,28.41
1688,2099,300078,思创医惠,3.17,0.64,0.02,0.0,3.44,0.73,5.08,1.22亿,11.07亿,35.08亿,--
1689,2100,300182,捷成股份,6.17,0.33,0.02,0.0,4.16,0.56,3.58,5.81亿,22.40亿,138.20亿,34.05
1690,2061,833580,科创新材,10.43,0.29,0.03,0.0,2.43,0.62,2.88,0.14亿,0.56亿,5.83亿,86.27
1691,2062,833873,中设咨询,4.76,0.63,0.03,0.0,3.21,0.71,3.17,0.17亿,1.09亿,5.20亿,--
1692,2063,834261,一诺威,9.87,0.3,0.03,0.0,0.5,0.72,1.73,0.09亿,1.71亿,16.88亿,19.20
1693,2064,836433,大唐药业,6.46,0.47,0.03,0.0,1.56,0.59,2.18,0.17亿,1.69亿,10.93亿,119.49
1694,2065,000056,皇庭国际,3.08,0.65,0.02,0.0,11.15,0.74,7.52,3.15亿,9.04亿,27.83亿,--
1695,2066,000517,荣安地产,2.32,0.87,0.02,0.43,1.67,1.09,3.48,0.97亿,24.92亿,57.81亿,17.42
1696,2067,000530,冰山冷热,6.15,0.33,0.02,-0.16,8.54,0.55,3.75,3.14亿,6.00亿,36.90亿,41.12
1697,2068,000627,天茂集团,5.03,0.4,0.02,0.0,4.97,1.14,6.39,11.28亿,45.52亿,228.99亿,--
1698,2069,000629,钒钛股份,3.01,0.67,0.02,-0.33,0.86,1.05,2.34,2.40亿,91.95亿,276.78亿,114.52
1699,2070,000630,铜陵有色,3.31,0.61,0.02,0.0,1.02,0.84,1.22,3.57亿,105.27亿,348.43亿,11.63
1700,2081,002152,广电运通,12.24,0.16,0.02,0.0,1.25,1.17,2.37,3.84亿,24.82亿,303.81亿,33.88
1701,2082,002238,天威视讯,8.37,0.24,0.02,0.0,1.48,0.69,3.35,1.00亿,8.03亿,67.17亿,329.43
1702,2083,002284,亚太股份,8.11,0.25,0.02,0.0,1.25,0.91,1.48,0.74亿,7.31亿,59.30亿,28.62
1703,2084,002323,雅博股份,1.74,1.16,0.02,-0.57,4.1,0.83,6.39,1.54亿,21.20亿,36.90亿,--
1704,2085,002328,新朋股份,6.16,0.33,0.02,0.0,4.29,1.13,2.77,1.51亿,5.71亿,35.18亿,24.36
1705,2086,002368,太极股份,24.27,0.08,0.02,0.0,1.89,1.33,3.55,2.88亿,6.20亿,150.53亿,--
1706,2087,002455,百川股份,7.9,0.25,0.02,0.0,2.36,0.51,1.78,0.95亿,5.08亿,40.10亿,34.28
1707,2088,002465,海格通信,11.3,0.18,0.02,-0.09,2.76,1.86,3.55,7.67亿,24.32亿,274.79亿,113.74
1708,2089,002471,中超控股,2.88,0.7,0.02,-0.35,5.1,1.18,4.2,1.94亿,13.05亿,37.58亿,--
1709,2090,002558,巨人网络,12.97,0.15,0.02,-0.08,1.53,0.91,3.71,3.87亿,19.35亿,250.94亿,17.58
1710,2101,300244,迪安诊断,11.94,0.17,0.02,-0.17,1.76,0.87,2.43,1.06亿,5.01亿,59.87亿,42.77
1711,2102,300257,开山股份,9.51,0.21,0.02,0.0,0.88,1.21,2.32,0.80亿,9.55亿,90.78亿,32.18
1712,2103,300320,海达股份,9.96,0.2,0.02,0.2,1.46,0.72,2.01,0.72亿,4.90亿,48.83亿,38.54
1713,2104,300393,中来股份,6.54,0.31,0.02,0.0,1.33,0.86,2.45,0.84亿,9.54亿,62.40亿,--
1714,2105,300773,拉卡拉,18.69,0.11,0.02,0.05,1.96,1.14,3.0,2.72亿,7.34亿,137.25亿,21.87
1715,2106,300998,宁波方正,15.57,0.13,0.02,-0.06,1.62,0.76,1.93,0.27亿,1.08亿,16.77亿,--
1716,2107,301072,中捷精工,19.89,0.1,0.02,0.05,0.96,0.53,1.96,0.13亿,0.67亿,13.35亿,--
1717,2108,430556,雅达股份,7.64,0.26,0.02,0.0,8.59,2.28,10.89,0.79亿,1.18亿,9.03亿,50.32
1718,2109,600000,浦发银行,10.36,0.19,0.02,0.0,0.24,0.91,2.61,7.15亿,293.52亿,3040.89亿,6.47
1719,2110,600016,民生银行,4.1,0.49,0.02,0.0,0.52,0.97,1.47,7.50亿,354.62亿,1453.95亿,4.42
1720,1261,000655,金岭矿业,6.36,1.6,0.1,0.0,0.75,0.78,2.08,0.28亿,5.95亿,37.86亿,18.95
1721,1262,000672,上峰水泥,7.89,1.28,0.1,0.0,0.55,0.98,2.44,0.42亿,9.69亿,76.49亿,14.19
1722,1263,000686,东北证券,8.31,1.22,0.1,0.0,0.82,1.23,2.68,1.60亿,23.40亿,194.49亿,30.80
1723,1264,000700,模塑科技,7.41,1.37,0.1,0.27,1.8,1.05,1.5,1.22亿,9.18亿,68.02亿,9.46
1724,1265,000707,双环科技,7.61,1.33,0.1,0.13,1.28,0.75,2.13,0.45亿,4.64亿,35.32亿,8.06
1725,1266,000726,鲁泰A,6.59,1.54,0.1,0.3,0.99,0.78,2.16,0.38亿,5.89亿,38.79亿,14.03
1726,1267,000789,万年青,5.17,1.97,0.1,0.19,1.58,1.75,3.94,0.65亿,7.97亿,41.23亿,443.09
1727,1268,000815,美利云,11.52,0.88,0.1,0.0,7.2,1.26,8.32,5.82亿,6.95亿,80.09亿,--
1728,1269,000816,智慧农业,3.11,3.32,0.1,0.32,9.02,1.09,5.98,4.03亿,14.37亿,44.68亿,108.16
1729,1270,000970,中科三环,10.95,0.92,0.1,0.09,1.47,1.05,2.77,1.96亿,12.16亿,133.12亿,--
1730,2001,300774,倍杰特,9.12,0.33,0.03,0.0,1.5,0.76,1.76,0.27亿,1.95亿,17.77亿,18.11
1731,2002,300918,南山智尚,10.61,0.28,0.03,0.28,0.59,0.92,2.55,0.23亿,3.66亿,38.82亿,23.37
1732,2003,300975,商络电子,12.02,0.25,0.03,0.0,5.15,1.14,4.0,2.93亿,4.69亿,56.32亿,115.80
1733,2004,301007,德迈仕,18.68,0.16,0.03,0.11,4.64,0.45,3.0,1.31亿,1.50亿,28.07亿,52.45
1734,2005,301051,信濠光电,28.22,0.11,0.03,-0.04,0.66,0.54,2.23,0.25亿,1.34亿,37.80亿,--
1735,2006,301185,鸥玛软件,17.73,0.17,0.03,0.06,2.0,0.68,2.65,0.50亿,1.40亿,24.78亿,48.74
1736,2007,301223,中荣股份,16.57,0.18,0.03,0.12,0.71,0.95,1.09,0.13亿,1.12亿,18.56亿,21.73
1737,2008,301276,嘉曼服饰,20.85,0.14,0.03,0.43,2.79,0.59,1.49,0.22亿,0.39亿,8.03亿,16.26
1738,2009,430090,同辉信息,5.9,0.51,0.03,0.0,2.98,0.64,4.09,0.30亿,1.71亿,10.12亿,--
1739,2010,600010,包钢股份,1.92,1.59,0.03,0.0,1.3,1.48,3.17,7.87亿,314.97亿,604.75亿,--
1740,2111,600022,山东钢铁,1.51,1.34,0.02,0.0,1.13,1.03,3.36,1.83亿,106.99亿,161.55亿,--
1741,2112,600106,重庆路桥,5.9,0.34,0.02,0.0,1.63,0.64,2.04,1.28亿,13.29亿,78.41亿,46.63
1742,2113,600201,生物股份,7.2,0.28,0.02,-0.28,1.75,0.88,1.95,1.41亿,11.20亿,80.67亿,35.69
1743,2114,600208,衢州发展,3.06,0.66,0.02,0.0,1.11,1.05,2.3,2.90亿,85.08亿,260.34亿,9.85
1744,2115,600219,南山铝业,3.91,0.51,0.02,0.0,0.69,0.92,1.28,3.14亿,116.14亿,454.10亿,9.76
1745,2116,600231,凌钢股份,1.84,1.1,0.02,0.0,0.37,0.69,3.85,0.19亿,28.19亿,51.87亿,--
1746,2117,600246,万通发展,7.04,0.28,0.02,0.0,5.32,1.61,7.69,7.53亿,19.87亿,139.91亿,--
1747,2118,600346,恒力石化,15.28,0.13,0.02,0.0,0.16,0.77,1.44,1.77亿,70.39亿,1075.57亿,15.80
1748,2119,600353,旭光电子,7.75,0.26,0.02,0.13,1.77,0.79,3.36,1.15亿,8.29亿,64.23亿,59.76
1749,2120,600369,西南证券,4.94,0.41,0.02,0.0,1.11,1.45,2.44,3.47亿,63.15亿,311.97亿,50.97
1750,1291,300008,天海防务,4.91,2.08,0.1,0.0,3.19,1.13,3.12,2.59亿,16.47亿,80.87亿,83.02
1751,1292,300057,万顺新材,5.03,2.03,0.1,-0.2,1.9,1.13,4.87,0.69亿,7.17亿,36.06亿,--
1752,1293,300130,新国都,23.3,0.43,0.1,-0.13,3.31,0.97,4.44,3.38亿,4.34亿,101.08亿,33.33
1753,1294,300357,我武生物,21.21,0.47,0.1,0.0,0.97,1.15,1.94,0.99亿,4.84亿,102.67亿,30.59
1754,1295,300527,中船应急,8.32,1.22,0.1,-0.12,2.04,0.59,2.43,1.65亿,9.63亿,80.14亿,1191.42
1755,1296,300803,指南针,104.88,0.1,0.1,0.0,8.26,1.67,7.42,35.52亿,4.05亿,424.48亿,--
1756,1297,300931,通用电梯,6.75,1.5,0.1,0.0,1.77,0.58,6.17,0.24亿,1.96亿,13.25亿,145.32
1757,1298,300948,冠中生态,9.88,1.02,0.1,0.0,1.4,0.56,3.78,0.18亿,1.31亿,12.92亿,--
1758,1299,300994,久祺股份,11.8,0.85,0.1,0.09,2.33,0.53,2.65,0.32亿,1.17亿,13.77亿,24.98
1759,1300,300999,金龙鱼,33.6,0.3,0.1,-0.06,1.02,1.16,1.67,1.87亿,5.43亿,182.33亿,95.46
1760,1281,002422,科伦药业,30.58,0.33,0.1,-0.1,1.17,1.09,1.54,4.66亿,13.09亿,400.22亿,14.87
1761,1282,002437,誉衡药业,2.54,4.1,0.1,0.0,3.71,1.36,6.56,2.06亿,21.91亿,55.64亿,23.67
1762,1283,002454,松芝股份,6.78,1.5,0.1,0.44,0.88,0.69,2.25,0.37亿,6.27亿,42.51亿,22.56
1763,1284,002468,申通快递,10.42,0.97,0.1,0.19,0.92,0.58,1.74,1.42亿,14.92亿,155.47亿,18.34
1764,1285,002573,清新环境,4.13,2.48,0.1,0.0,0.56,1.12,3.23,0.33亿,14.13亿,58.35亿,74.23
1765,1286,002574,明牌珠宝,4.77,2.14,0.1,0.0,1.0,0.72,3.43,0.25亿,5.28亿,25.19亿,246.83
1766,1287,002608,江苏国信,7.92,1.28,0.1,0.0,0.62,1.03,2.17,1.84亿,37.78亿,299.22亿,7.68
1767,1288,002662,京威股份,3.95,2.6,0.1,0.0,2.77,1.16,5.97,1.63亿,15.00亿,59.25亿,13.79
1768,1289,002812,恩捷股份,33.16,0.3,0.1,-0.06,0.9,0.93,1.75,2.43亿,8.17亿,270.95亿,54.47
1769,1290,002892,科力尔,16.36,0.61,0.1,0.12,7.29,0.75,4.37,4.76亿,3.96亿,64.87亿,107.72
1770,2011,600035,楚天高速,4.67,0.65,0.03,0.0,0.99,0.66,1.72,0.74亿,16.10亿,75.19亿,8.51
1771,2012,600076,康欣新材,2.18,1.4,0.03,0.0,1.95,0.77,5.12,0.58亿,13.45亿,29.31亿,--
1772,2013,600123,兰花科创,8.65,0.35,0.03,0.0,0.6,0.71,1.04,0.77亿,14.73亿,127.44亿,13.52
1773,2014,600169,太原重工,2.6,1.17,0.03,0.0,0.79,0.69,3.11,0.69亿,33.33亿,86.66亿,93.85
1774,2015,600187,国中水务,3.51,0.86,0.03,-0.28,2.64,0.7,3.45,1.51亿,16.14亿,56.64亿,472.14
1775,2016,600217,中再资环,5.47,0.55,0.03,0.0,1.03,1.03,2.02,0.79亿,13.89亿,75.96亿,107.41
1776,2017,600325,华发股份,5.94,0.51,0.03,0.0,1.1,0.88,2.03,1.68亿,25.71亿,152.73亿,9.21
1777,2018,600348,华阳股份,7.16,0.42,0.03,0.0,0.53,0.96,1.12,1.36亿,36.08亿,258.30亿,10.65
1778,2019,600390,五矿资本,6.74,0.45,0.03,0.0,1.86,1.59,2.68,5.67亿,44.98亿,303.17亿,18.67
1779,2020,600400,红豆股份,2.61,1.16,0.03,0.0,1.53,0.78,4.65,0.92亿,22.91亿,59.80亿,1365.27
1780,2041,601033,永兴股份,14.98,0.2,0.03,0.0,6.03,0.64,2.48,1.36亿,1.50亿,22.47亿,15.60
1781,2042,601061,中信金属,7.53,0.4,0.03,0.13,1.56,0.89,1.47,0.59亿,5.01亿,37.74亿,16.12
1782,2043,601107,四川成渝,5.2,0.58,0.03,-0.19,0.84,1.23,1.74,0.94亿,21.63亿,112.46亿,10.62
1783,2044,601375,中原证券,4.53,0.67,0.03,0.0,1.93,1.45,2.67,3.02亿,34.48亿,156.17亿,96.67
1784,2045,601568,北元集团,4.28,0.71,0.03,0.0,0.28,1.07,1.88,0.47亿,39.72亿,170.01亿,53.16
1785,2046,601588,北辰实业,1.96,1.55,0.03,0.0,1.48,1.02,3.63,0.77亿,26.60亿,52.14亿,--
1786,2047,601598,中国外运,5.38,0.56,0.03,0.0,0.54,0.77,1.87,1.52亿,52.56亿,282.77亿,10.42
1787,2048,601618,中国中冶,3.35,0.9,0.03,0.0,0.43,0.92,1.21,2.55亿,178.53亿,598.06亿,7.62
1788,2049,601975,招商南油,3.17,0.95,0.03,0.0,1.32,0.96,1.59,2.00亿,48.02亿,152.22亿,6.89
1789,2050,603077,和邦生物,2.11,1.44,0.03,-0.47,1.05,1.05,3.37,1.96亿,88.31亿,186.34亿,63.15
1790,1991,002707,众信旅游,7.79,0.39,0.03,0.0,4.26,1.41,3.09,2.76亿,8.25亿,64.28亿,46.49
1791,1992,002860,星帅尔,10.07,0.3,0.03,-0.1,1.36,0.75,1.39,0.40亿,2.93亿,29.49亿,15.91
1792,1993,300002,神州泰岳,12.02,0.25,0.03,-0.08,3.73,1.08,4.17,8.24亿,18.21亿,218.84亿,16.18
1793,1994,300009,安科生物,8.87,0.34,0.03,-0.23,0.82,1.01,1.7,0.89亿,12.22亿,108.36亿,18.87
1794,1995,300083,创世纪,7.25,0.42,0.03,0.14,2.27,1.14,2.49,2.47亿,14.93亿,108.25亿,44.9
1795,1996,300146,汤臣倍健,12.42,0.24,0.03,0.0,1.08,0.92,1.61,1.51亿,11.30亿,140.34亿,18.24
1796,1997,300185,通裕重工,2.7,1.12,0.03,0.0,1.76,1.08,3.75,1.75亿,36.73亿,99.17亿,144.31
1797,1998,300337,银邦股份,11.76,0.26,0.03,0.17,3.0,1.0,3.07,2.54亿,7.11亿,83.66亿,66.21
1798,1999,300482,万孚生物,23.26,0.13,0.03,-0.04,1.46,1.0,1.21,1.13亿,3.32亿,77.29亿,19.27
1799,2000,300507,苏奥传感,7.16,0.42,0.03,0.0,2.63,0.99,2.67,1.46亿,7.72亿,55.31亿,38.93
1800,1201,300044,赛为智能,6.52,1.72,0.11,-0.15,6.69,0.84,4.52,3.40亿,7.64亿,49.80亿,--
1801,1202,300055,万邦达,5.04,2.23,0.11,0.2,1.05,0.73,3.45,0.33亿,6.33亿,31.89亿,620.71
1802,1203,300072,海新能科,3.7,3.06,0.11,0.27,1.86,1.12,5.57,1.62亿,23.31亿,86.26亿,--
1803,1204,300101,振芯科技,22.91,0.48,0.11,0.04,2.4,0.95,4.74,3.16亿,5.66亿,129.68亿,137.56
1804,1205,300168,万达信息,8.06,1.38,0.11,0.0,1.95,1.05,4.91,2.29亿,14.39亿,116.00亿,--
1805,1206,300183,东软载波,18.57,0.6,0.11,0.0,6.54,1.36,4.55,4.38亿,3.59亿,66.67亿,76.68
1806,1207,300263,隆华科技,7.75,1.44,0.11,0.0,3.88,0.73,4.45,2.26亿,7.49亿,58.01亿,33.98
1807,1208,300379,东方通,15.98,0.69,0.11,0.06,3.52,0.77,3.28,2.98亿,5.27亿,84.16亿,--
1808,1209,300450,先导智能,20.97,0.53,0.11,-0.1,1.42,0.93,2.78,4.68亿,15.59亿,327.00亿,40.48
1809,1210,300767,震安科技,9.58,1.16,0.11,0.31,2.47,0.69,3.27,0.57亿,2.39亿,22.90亿,--
1810,1211,300862,蓝盾光电,28.12,0.39,0.11,-0.04,1.99,0.69,2.25,0.85亿,1.51亿,42.59亿,--
1811,1212,300923,研奥股份,20.6,0.54,0.11,-0.1,1.29,0.48,1.85,0.20亿,0.76亿,15.75亿,64.58
1812,1213,300940,南极光,14.05,0.79,0.11,0.0,1.98,0.67,3.16,0.41亿,1.47亿,20.72亿,--
1813,1214,300963,中洲特材,9.0,1.24,0.11,-0.11,1.29,0.76,2.14,0.23亿,2.01亿,18.05亿,30.38
1814,1215,301026,浩通科技,28.19,0.39,0.11,0.0,1.5,0.38,2.24,0.34亿,0.79亿,22.38亿,24.21
1815,1216,301083,百胜智能,14.61,0.76,0.11,0.0,2.39,0.76,3.31,0.30亿,0.86亿,12.51亿,74.22
1816,1217,301166,优宁维,29.0,0.38,0.11,-0.03,1.47,0.77,2.08,0.18亿,0.41亿,11.97亿,133.89
1817,1218,301222,浙江恒威,26.66,0.41,0.11,0.23,2.13,0.7,2.03,0.17亿,0.29亿,7.82亿,23.23
1818,1219,301292,海科新源,13.6,0.81,0.11,-0.22,1.59,0.76,2.6,0.18亿,0.85亿,11.51亿,--
1819,1220,301300,远翔新材,26.75,0.41,0.11,0.11,3.08,0.75,2.29,0.26亿,0.31亿,8.22亿,38.87
1820,2131,600867,通化东宝,8.2,0.24,0.02,0.0,0.46,0.85,1.34,0.74亿,19.82亿,162.50亿,--
1821,2132,600968,海油发展,4.28,0.47,0.02,0.23,0.45,0.91,2.82,1.92亿,101.65亿,435.07亿,12.14
1822,2133,600971,恒源煤电,9.44,0.21,0.02,0.11,0.39,0.7,0.74,0.43亿,12.00亿,113.28亿,8.99
1823,2134,601010,文峰股份,2.85,0.71,0.02,0.0,4.64,0.81,6.36,2.44亿,18.48亿,52.67亿,56.94
1824,2135,601186,中国铁建,9.32,0.21,0.02,0.0,0.37,0.69,0.97,3.94亿,115.03亿,1072.10亿,6.05
1825,2136,601319,中国人保,7.67,0.26,0.02,-0.13,0.18,1.07,2.75,4.85亿,354.98亿,2722.68亿,7.00
1826,2137,601388,怡球资源,2.57,0.78,0.02,-0.39,1.16,0.79,3.53,0.66亿,22.01亿,56.57亿,54.91
1827,2138,601668,中国建筑,6.04,0.33,0.02,0.0,0.39,0.9,1.16,9.65亿,413.20亿,2495.75亿,4.75
1828,2139,601696,中银证券,11.69,0.17,0.02,-0.09,1.38,1.32,2.66,4.50亿,27.78亿,324.75亿,36.87
1829,2140,601825,沪农商行,8.5,0.24,0.02,0.12,0.25,0.9,2.71,1.99亿,93.17亿,791.91亿,5.86
1830,1231,600528,中铁工业,8.26,1.35,0.11,0.12,0.52,1.04,1.59,0.96亿,22.22亿,183.50亿,10.44
1831,1232,600661,昂立教育,11.81,0.94,0.11,0.0,1.73,0.69,3.33,0.59亿,2.87亿,33.84亿,133.24
1832,1233,600744,华银电力,3.34,3.41,0.11,0.0,1.83,1.29,4.33,1.23亿,20.31亿,67.84亿,150.48
1833,1234,600821,金开新能,5.64,1.99,0.11,0.0,0.73,1.11,1.99,0.82亿,19.97亿,112.65亿,11.32
1834,1235,600929,雪天盐业,5.73,1.96,0.11,0.18,0.89,1.27,2.85,0.63亿,12.41亿,71.13亿,21.04
1835,1236,601008,连云港,3.91,2.9,0.11,0.26,1.17,1.51,2.9,0.56亿,12.41亿,48.51亿,25.39
1836,1237,601068,中铝国际,4.57,2.47,0.11,0.0,0.46,1.33,4.48,0.54亿,25.60亿,116.97亿,40.74
1837,1238,601218,吉鑫科技,3.4,3.34,0.11,0.0,1.55,0.95,5.17,0.51亿,9.69亿,32.95亿,68.1
1838,1239,601801,皖新传媒,7.41,1.51,0.11,-0.27,1.35,1.37,3.7,1.95亿,19.58亿,145.08亿,13.4
1839,1240,601878,浙商证券,12.69,0.87,0.11,0.0,1.75,1.34,2.46,10.15亿,45.74亿,580.41亿,34.41
1840,1361,002342,巨力索具,3.34,2.77,0.09,0.3,1.79,0.82,4.0,0.57亿,9.55亿,31.89亿,--
1841,1362,002407,多氟多,12.78,0.71,0.09,0.0,1.11,0.75,2.44,1.53亿,10.81亿,138.09亿,457.08
1842,1363,002412,汉森制药,6.15,1.49,0.09,0.16,1.28,0.86,2.64,0.39亿,4.98亿,30.62亿,17.75
1843,1364,002426,胜利精密,2.99,3.1,0.09,0.34,10.71,1.12,8.97,10.98亿,34.03亿,101.74亿,--
1844,1365,002483,润邦股份,5.4,1.7,0.09,-0.19,1.61,0.99,2.83,0.76亿,8.85亿,47.80亿,14.09
1845,1366,002589,瑞康医药,3.08,3.01,0.09,0.33,2.4,1.02,4.68,1.00亿,13.66亿,42.06亿,89.57
1846,1367,002612,朗姿股份,17.13,0.53,0.09,0.06,2.19,0.53,2.64,0.95亿,2.54亿,43.43亿,27.16
1847,1368,002736,国信证券,11.46,0.79,0.09,0.09,0.31,1.09,2.55,3.27亿,91.39亿,1047.31亿,16.93
1848,1369,002832,比音勒芬,20.36,0.44,0.09,0.0,3.1,1.0,2.47,2.43亿,3.89亿,79.29亿,11.43
1849,1370,002839,张家港行,4.45,2.06,0.09,0.45,2.06,1.45,2.52,2.13亿,23.47亿,104.44亿,5.49
1850,2211,600569,安阳钢铁,1.96,0.51,0.01,0.0,1.14,0.52,2.56,0.65亿,28.72亿,56.30亿,--
1851,2212,600653,申华控股,2.26,0.44,0.01,-0.44,2.93,0.95,4.89,1.31亿,19.46亿,43.99亿,--
1852,2213,600673,东阳光,11.19,0.09,0.01,0.0,3.09,1.6,8.14,10.36亿,30.02亿,335.87亿,80.95
1853,2214,600797,浙大网新,7.01,0.14,0.01,0.0,3.88,0.65,3.43,2.83亿,10.28亿,72.03亿,--
1854,2215,600808,马钢股份,3.16,0.32,0.01,0.64,3.79,1.12,8.25,7.26亿,59.68亿,188.58亿,--
1855,2216,600810,神马股份,7.99,0.12,0.01,0.0,0.45,0.71,2.0,0.37亿,10.15亿,81.11亿,228.06
1856,2217,600837,海通证券,11.34,0.09,0.01,-0.18,0.92,1.99,2.12,10.10亿,96.55亿,1094.84亿,--
1857,2218,600884,杉杉股份,7.84,0.13,0.01,-0.13,0.9,1.19,2.68,1.24亿,17.57亿,137.77亿,570.80
1858,2219,600996,贵广网络,8.82,0.11,0.01,0.0,0.91,0.62,3.52,0.99亿,12.21亿,107.70亿,--
1859,2220,601003,柳钢股份,2.85,0.35,0.01,0.35,0.56,0.94,2.46,0.41亿,25.63亿,73.04亿,--
1860,1391,600351,亚宝药业,6.29,1.45,0.09,-0.16,1.76,1.06,2.9,0.79亿,7.20亿,45.29亿,14.46
1861,1392,600352,浙江龙盛,10.58,0.86,0.09,0.0,1.04,1.99,2.57,3.58亿,32.53亿,344.20亿,19.07
1862,1393,600448,华纺股份,2.74,3.4,0.09,-0.36,2.94,0.74,5.28,0.51亿,6.30亿,17.26亿,512.93
1863,1394,600496,精工钢构,3.1,2.99,0.09,0.32,1.35,1.18,3.32,0.84亿,20.13亿,62.40亿,9.84
1864,1395,600578,京能电力,3.62,2.55,0.09,0.56,0.46,1.16,2.55,1.09亿,66.95亿,242.34亿,12.84
1865,1396,600601,方正科技,4.89,1.88,0.09,0.62,12.2,3.01,5.21,25.05亿,41.70亿,203.93亿,72.86
1866,1397,600610,中毅达,4.42,2.08,0.09,-0.23,1.67,0.67,4.39,0.53亿,7.09亿,31.33亿,--
1867,1398,600639,浦东金桥,11.27,0.81,0.09,0.18,0.62,0.91,1.7,0.59亿,8.50亿,95.82亿,24.29
1868,1399,600773,西藏城投,11.19,0.81,0.09,-0.09,0.9,0.84,2.61,0.96亿,9.52亿,106.48亿,--
1869,1400,600787,中储股份,6.69,1.36,0.09,0.0,1.84,0.85,2.88,2.67亿,21.70亿,145.18亿,28.36
1870,2141,601860,紫金银行,2.91,0.69,0.02,0.0,2.1,0.95,2.42,2.14亿,35.41亿,103.03亿,5.91
1871,2142,601992,金隅集团,1.84,1.1,0.02,0.0,0.68,0.94,2.75,1.05亿,83.34亿,153.35亿,--
1872,2143,601997,贵阳银行,6.07,0.33,0.02,0.0,1.26,1.36,1.82,2.78亿,36.56亿,221.93亿,4.19
1873,2144,603078,江化微,17.94,0.11,0.02,0.06,3.92,0.9,2.51,2.71亿,3.86亿,69.18亿,60.16
1874,2145,603125,常青科技,20.17,0.1,0.02,0.05,2.74,0.62,1.09,0.39亿,0.70亿,14.08亿,27.10
1875,2146,603613,国联股份,27.28,0.07,0.02,0.04,2.02,0.62,2.94,3.98亿,7.21亿,196.56亿,13.16
1876,2147,603638,艾迪精密,17.08,0.12,0.02,0.06,0.32,1.17,1.58,0.45亿,8.38亿,143.19亿,38.27
1877,2148,688037,芯源微,92.01,0.02,0.02,0.01,3.61,1.34,6.36,6.71亿,2.01亿,184.91亿,128.84
1878,2149,688046,药康生物,13.43,0.15,0.02,0.08,0.6,0.67,2.31,0.16亿,2.04亿,27.39亿,42.05
1879,2150,688126,沪硅产业,19.45,0.1,0.02,-0.1,0.84,0.9,3.5,4.51亿,27.20亿,529.10亿,--
1880,1371,300052,中青宝,17.54,0.52,0.09,0.0,3.59,0.65,3.84,1.67亿,2.62亿,45.93亿,--
1881,1372,300075,数字政通,17.37,0.52,0.09,0.06,3.26,1.04,4.28,2.94亿,5.14亿,89.35亿,394.64
1882,1373,300152,新动力,5.35,1.71,0.09,0.0,5.85,0.9,5.13,2.24亿,7.12亿,38.12亿,--
1883,1374,300180,华峰超纤,6.72,1.36,0.09,0.0,3.28,0.83,3.77,3.28亿,14.86亿,99.83亿,71.69
1884,1375,300326,凯利泰,6.67,1.37,0.09,-0.3,2.37,0.75,3.5,1.14亿,7.17亿,47.80亿,63.98
1885,1376,300352,北信源,5.62,1.63,0.09,0.0,3.96,0.86,5.42,2.74亿,12.22亿,68.67亿,--
1886,1377,300518,新迅达,12.03,0.75,0.09,0.08,3.84,0.62,5.11,0.92亿,1.99亿,23.99亿,--
1887,1378,300653,正海生物,21.96,0.41,0.09,-0.05,0.81,0.93,1.55,0.32亿,1.80亿,39.53亿,23.71
1888,1379,301090,华润材料,7.33,1.24,0.09,0.14,0.68,0.81,2.07,0.31亿,6.25亿,45.83亿,--
1889,1380,301170,锡南科技,23.86,0.38,0.09,-0.04,2.35,0.66,1.89,0.19亿,0.34亿,8.01亿,23.12
1890,2161,838171,邦德股份,14.83,0.14,0.02,0.0,1.91,0.64,2.97,0.15亿,0.52亿,7.70亿,19.94
1891,2162,000008,神州高铁,3.1,0.32,0.01,0.0,5.15,0.72,4.85,4.29亿,26.86亿,83.27亿,--
1892,2163,000031,大悦城,3.16,0.32,0.01,0.0,0.64,0.78,3.17,0.82亿,40.03亿,126.49亿,--
1893,2164,000036,华联控股,4.16,0.24,0.01,0.0,1.0,0.77,2.89,0.62亿,14.81亿,61.60亿,123.61
1894,2165,000415,渤海租赁,3.94,0.26,0.01,0.0,2.37,1.2,2.8,5.06亿,53.93亿,212.47亿,11.49
1895,2166,000543,皖能电力,7.95,0.13,0.01,-0.13,1.28,0.83,1.76,2.29亿,22.67亿,180.22亿,8.54
1896,2167,000552,甘肃能化,2.81,0.36,0.01,-0.36,1.07,0.69,1.43,1.12亿,37.26亿,104.69亿,10.93
1897,2168,000709,河钢股份,2.24,0.45,0.01,-0.44,0.81,1.14,3.14,1.90亿,103.35亿,231.51亿,30.54
1898,2169,000723,美锦能源,4.66,0.21,0.01,0.0,0.88,0.98,1.94,1.76亿,43.04亿,200.56亿,--
1899,2170,000959,首钢股份,3.13,0.32,0.01,0.0,0.49,1.25,1.6,0.99亿,65.07亿,203.68亿,89.60
1900,2181,002303,美盈森,3.68,0.27,0.01,0.0,2.7,0.78,2.18,0.79亿,7.94亿,29.22亿,19.32
1901,2182,002428,云南锗业,19.62,0.05,0.01,0.0,3.4,0.69,3.01,4.38亿,6.53亿,128.13亿,326.07
1902,2183,002481,双塔食品,5.7,0.18,0.01,0.0,3.01,0.93,1.76,1.92亿,11.18亿,63.73亿,83.80
1903,2184,002517,恺英网络,13.95,0.07,0.01,-0.07,2.43,1.22,3.66,6.52亿,19.14亿,267.04亿,17.59
1904,2185,002681,奋达科技,6.77,0.15,0.01,0.0,8.32,0.75,4.14,8.43亿,14.80亿,100.22亿,59.85
1905,2186,002932,明德生物,18.86,0.05,0.01,-0.05,2.04,2.08,3.45,0.61亿,1.56亿,29.44亿,40.64
1906,2187,002943,宇晶股份,20.2,0.05,0.01,0.0,1.93,0.54,2.13,0.47亿,1.21亿,24.46亿,97.40
1907,2188,002957,科瑞技术,16.43,0.06,0.01,0.0,2.06,1.19,2.8,1.40亿,4.10亿,67.37亿,30.71
1908,2189,300003,乐普医疗,11.83,0.09,0.01,0.0,0.84,0.79,1.35,1.61亿,16.16亿,191.18亿,20.79
1909,2190,300027,华谊兄弟,2.78,0.36,0.01,-0.36,3.32,0.74,3.97,2.31亿,24.85亿,69.08亿,--
1910,2171,000983,山西焦煤,8.12,0.12,0.01,0.0,0.51,0.78,1.11,1.90亿,46.40亿,376.79亿,12.15
1911,2172,002068,黑猫股份,10.42,0.1,0.01,0.0,5.31,0.86,4.8,4.13亿,7.35亿,76.55亿,--
1912,2173,002106,莱宝高科,11.25,0.09,0.01,0.0,2.51,0.86,2.49,2.00亿,7.04亿,79.21亿,19.27
1913,2174,002146,荣盛发展,1.79,0.56,0.01,-0.56,3.94,0.95,3.93,2.77亿,39.00亿,69.81亿,--
1914,2175,002165,红宝丽,4.63,0.22,0.01,-0.22,4.36,0.59,3.25,1.48亿,7.28亿,33.69亿,55.39
1915,2176,002239,奥特佳,3.19,0.32,0.01,0.0,4.47,0.49,3.15,4.66亿,32.43亿,103.46亿,86.10
1916,2177,002243,力合科创,8.5,0.12,0.01,0.0,1.17,0.84,2.47,1.21亿,12.04亿,102.35亿,56.98
1917,2178,002256,兆新股份,2.71,0.37,0.01,-0.37,3.53,0.45,4.07,1.38亿,14.40亿,39.04亿,--
1918,2179,002270,华明装备,17.08,0.06,0.01,0.0,0.62,0.61,2.23,0.81亿,7.59亿,129.68亿,23.25
1919,2180,002293,罗莱生活,7.96,0.13,0.01,0.0,0.99,1.16,2.64,0.65亿,8.27亿,65.81亿,18.97
1920,1381,301178,天亿马,29.23,0.31,0.09,0.0,6.08,0.9,5.01,0.79亿,0.44亿,12.74亿,--
1921,1382,301206,三元生物,28.0,0.32,0.09,0.04,3.35,1.92,3.01,0.97亿,1.04亿,28.99亿,52.45
1922,1383,301283,聚胶股份,26.71,0.34,0.09,-0.08,1.28,0.43,1.43,0.16亿,0.45亿,12.14亿,23.92
1923,1384,301301,川宁生物,12.35,0.73,0.09,-0.08,2.35,0.95,2.61,1.79亿,6.16亿,76.06亿,19.17
1924,1385,301359,东南电子,23.58,0.38,0.09,-0.25,5.23,0.75,3.15,0.33亿,0.26亿,6.18亿,45.49
1925,1386,301367,怡和嘉业,64.45,0.14,0.09,-0.19,0.9,0.93,2.61,0.33亿,0.57亿,36.43亿,34.62
1926,1387,301386,未来电器,22.18,0.41,0.09,-0.05,5.43,0.79,2.94,0.52亿,0.43亿,9.52亿,36.12
1927,1388,600126,杭钢股份,4.78,1.92,0.09,0.42,4.49,2.86,6.61,7.37亿,33.77亿,161.43亿,--
1928,1389,600168,武汉控股,4.59,2.0,0.09,0.0,0.99,1.23,2.22,0.45亿,9.93亿,45.60亿,47.05
1929,1390,600338,西藏珠峰,11.19,0.81,0.09,-0.18,1.6,0.82,3.15,1.64亿,9.14亿,102.30亿,35.00
1930,2201,600085,同仁堂,41.3,0.02,0.01,0.02,0.41,0.6,1.38,2.34亿,13.71亿,566.42亿,31.47
1931,2202,600095,湘财股份,7.62,0.13,0.01,-0.13,1.36,1.07,2.23,2.97亿,28.59亿,217.87亿,112.22
1932,2203,600157,永泰能源,1.83,0.55,0.01,-0.54,4.12,0.74,3.3,16.80亿,222.18亿,406.58亿,20.83
1933,2204,600207,安彩高科,4.64,0.22,0.01,0.0,0.98,0.65,3.24,0.50亿,10.89亿,50.54亿,--
1934,2205,600366,宁波韵升,7.49,0.13,0.01,0.0,0.95,0.76,2.81,0.76亿,10.63亿,79.62亿,89.30
1935,2206,600406,国电南瑞,25.07,0.04,0.01,0.0,0.18,0.77,1.48,3.65亿,79.84亿,2001.71亿,33.77
1936,2207,600497,驰宏锌锗,5.73,0.17,0.01,0.0,0.82,0.93,1.4,2.40亿,50.91亿,291.73亿,14.85
1937,2208,600507,方大特钢,4.1,0.24,0.01,-0.24,0.39,0.63,1.47,0.37亿,23.13亿,94.84亿,37.64
1938,2209,600525,长园集团,5.09,0.2,0.01,0.2,0.98,1.18,2.76,0.66亿,13.15亿,66.91亿,--
1939,2210,600557,康缘药业,14.12,0.07,0.01,-0.14,1.29,1.27,2.2,1.05亿,5.78亿,81.68亿,17.25
1940,2221,601128,常熟银行,7.45,0.13,0.01,-0.13,1.48,1.46,2.29,3.31亿,30.15亿,224.62亿,5.66
1941,2222,601155,新城控股,12.31,0.08,0.01,-0.08,0.43,0.81,1.71,1.19亿,22.56亿,277.67亿,14.32
1942,2223,601212,白银有色,2.89,0.35,0.01,-0.35,0.52,0.96,1.74,1.12亿,74.05亿,214.00亿,--
1943,2224,601288,农业银行,5.31,0.19,0.01,0.0,0.16,0.98,3.21,26.98亿,3192.44亿,16951.90亿,6.50
1944,2225,601328,交通银行,7.71,0.13,0.01,0.0,0.36,0.92,2.73,10.71亿,392.51亿,3026.24亿,6.25
1945,2226,601665,齐鲁银行,5.56,0.18,0.01,0.0,0.73,1.13,3.6,1.95亿,48.35亿,268.83亿,5.86
1946,2227,601818,光大银行,3.82,0.26,0.01,-0.26,0.35,1.07,2.62,6.19亿,464.07亿,1772.74亿,4.41
1947,2228,601868,中国能建,2.33,0.43,0.01,-0.43,0.67,0.93,1.29,5.04亿,324.29亿,755.59亿,20.21
1948,2229,601918,新集能源,7.16,0.14,0.01,-0.14,1.32,0.63,2.38,2.43亿,25.91亿,185.48亿,7.62
1949,2230,603000,人民网,23.37,0.04,0.01,-0.04,1.28,0.85,2.31,3.32亿,11.06亿,258.40亿,345.09
1950,2231,603018,华设集团,8.47,0.12,0.01,0.0,1.87,0.87,2.96,1.08亿,6.76亿,57.28亿,18.72
1951,2232,603062,麦加芯彩,35.51,0.03,0.01,0.0,1.67,1.0,1.77,0.20亿,0.33亿,11.80亿,20.54
1952,2233,603279,景津装备,18.1,0.06,0.01,-0.06,0.46,1.1,1.38,0.48亿,5.72亿,103.54亿,11.77
1953,2234,603668,天马科技,12.76,0.08,0.01,0.0,0.71,0.54,2.2,0.46亿,5.02亿,64.10亿,69.25
1954,2235,605399,晨光新材,12.46,0.08,0.01,0.0,0.82,0.64,1.93,0.32亿,3.12亿,38.90亿,63.84
1955,2236,688022,瀚川智能,11.54,0.09,0.01,0.0,1.75,0.71,4.25,0.36亿,1.76亿,20.30亿,--
1956,2237,688178,万德斯,13.07,0.08,0.01,0.23,0.63,0.53,3.9,0.07亿,0.85亿,11.11亿,175.53
1957,2238,688273,麦澜德,24.13,0.04,0.01,0.0,1.34,0.96,1.33,0.12亿,0.37亿,8.89亿,18.84
1958,2239,688280,精进电动,4.61,0.22,0.01,-0.22,1.05,0.87,2.61,0.22亿,4.60亿,21.19亿,--
1959,2240,688296,和达科技,11.79,0.09,0.01,0.34,1.13,0.6,3.82,0.14亿,1.07亿,12.66亿,370.08
1960,301,300905,宝丽迪,27.97,1.67,0.46,0.04,3.54,0.83,4.58,1.25亿,1.27亿,35.60亿,46.13
1961,302,301421,波长光电,52.18,0.89,0.46,0.0,9.66,1.43,5.18,2.37亿,0.46亿,24.16亿,146.96
1962,303,600238,海南椰岛,7.66,6.39,0.46,0.0,6.65,1.05,8.33,2.23亿,4.45亿,34.09亿,--
1963,304,600378,昊华科技,29.95,1.56,0.46,-0.07,0.28,0.97,2.48,0.76亿,9.11亿,272.74亿,29.26
1964,305,600745,闻泰科技,35.75,1.3,0.46,-0.08,3.83,1.6,4.7,17.14亿,12.45亿,444.93亿,80.50
1965,306,603344,星德胜,25.08,1.87,0.46,0.0,10.56,1.2,3.37,1.29亿,0.49亿,12.20亿,26.46
1966,307,688307,中润光学,26.01,1.8,0.46,0.35,4.8,1.33,7.12,0.72亿,0.57亿,14.84亿,45.59
1967,308,688597,煜邦电力,9.8,4.92,0.46,0.2,2.49,2.04,4.82,0.59亿,2.47亿,24.21亿,31.31
1968,309,688696,极米科技,101.88,0.45,0.46,-0.02,2.73,1.72,5.62,1.90亿,0.70亿,71.32亿,--
1969,310,836871,派特尔,11.55,4.15,0.46,0.0,2.53,1.11,5.77,0.11亿,0.40亿,4.57亿,26.57
1970,2241,688459,哈铁科技,9.79,0.1,0.01,0.1,1.11,0.96,1.84,0.19亿,1.76亿,17.19亿,69.96
1971,2242,688549,中巨芯,9.47,0.11,0.01,0.0,3.63,0.85,4.12,2.01亿,5.78亿,54.71亿,352.86
1972,2243,688600,皖仪科技,13.95,0.07,0.01,0.0,0.53,0.46,2.73,0.10亿,1.35亿,18.79亿,--
1973,2244,688778,厦钨新能,47.05,0.02,0.01,-0.04,0.81,1.27,2.87,1.61亿,4.21亿,197.97亿,40.40
1974,2245,831167,鑫汇科,22.69,0.04,0.01,0.0,2.0,0.57,2.82,0.13亿,0.29亿,6.53亿,62.42
1975,2246,831370,新安洁,3.71,0.27,0.01,0.0,1.61,0.79,3.51,0.16亿,2.67亿,9.92亿,--
1976,2247,832566,梓橦宫,9.59,0.1,0.01,0.0,2.04,0.76,2.61,0.22亿,1.12亿,10.72亿,18.42
1977,2248,833781,瑞奇智造,8.01,0.12,0.01,0.0,4.05,0.69,6.25,0.31亿,0.93亿,7.43亿,54.56
1978,2249,837174,宏裕包材,11.9,0.08,0.01,0.0,4.53,0.69,4.04,0.13亿,0.23亿,2.78亿,--
1979,2250,872931,无锡鼎邦,11.09,0.09,0.01,0.0,3.61,0.82,2.98,0.12亿,0.29亿,3.19亿,25.91
1980,2251,000541,佛山照明,6.24,0.00,0.00,0.00,3.16,1.05,2.08,2.36亿,11.97亿,74.68亿,28.89
1981,2252,000612,焦作万方,6.52,0.00,0.00,0.00,1.18,0.91,1.23,0.92亿,11.91亿,77.68亿,11.04
1982,2253,000737,北方铜业,8.00,0.00,0.00,0.00,0.94,0.88,1.62,1.33亿,17.72亿,141.78亿,19.46
1983,2254,000863,三湘印象,4.16,0.00,0.00,-0.24,3.77,0.55,3.85,1.85亿,11.64亿,48.41亿,56.44
1984,2255,000878,云南铜业,12.61,0.00,0.00,0.00,0.93,0.98,1.11,2.37亿,20.04亿,252.65亿,12.45
1985,2256,002095,生意宝,18.85,0.00,0.00,0.00,3.75,0.80,3.55,1.79亿,2.52亿,47.45亿,--
1986,2257,002131,利欧股份,3.37,0.00,0.00,-0.30,8.90,0.53,4.15,17.72亿,58.51亿,197.19亿,--
1987,2258,002155,湖南黄金,16.34,0.00,0.00,-0.06,2.25,0.84,1.71,4.44亿,12.02亿,196.39亿,22.09
1988,2259,002171,楚江新材,8.99,0.00,0.00,-0.22,2.00,1.07,3.23,2.69亿,14.80亿,133.07亿,627.03
1989,2260,002252,上海莱士,--,--,--,--,--,--,--,--,66.35亿,479.03亿,19.56
1990,1691,600556,天下秀,5.7,1.06,0.06,0.0,4.69,0.77,4.96,4.86亿,18.08亿,103.04亿,118.14
1991,1692,600583,海油工程,5.52,1.1,0.06,0.18,0.54,0.98,1.47,1.32亿,44.21亿,244.06亿,10.49
1992,1693,600597,光明乳业,8.8,0.69,0.06,0.0,0.75,0.74,1.83,0.91亿,13.78亿,121.30亿,78.19
1993,1694,600622,光大嘉宝,3.43,1.78,0.06,0.0,2.76,0.83,3.86,1.42亿,15.00亿,51.44亿,--
1994,1695,600662,外服控股,5.29,1.15,0.06,0.0,0.44,0.81,2.87,0.53亿,22.70亿,120.07亿,18.06
1995,1696,600681,百川能源,3.54,1.72,0.06,-0.28,0.75,1.17,3.45,0.35亿,13.40亿,47.43亿,20.67
1996,1697,600688,上海石化,3.06,2.0,0.06,0.0,0.56,1.42,2.33,1.24亿,73.29亿,224.26亿,709.33
1997,1698,600720,中交设计,8.95,0.68,0.06,0.11,0.63,0.82,1.24,0.44亿,7.76亿,69.47亿,15.71
1998,1699,600765,中航重机,20.79,0.29,0.06,-0.05,2.43,1.7,3.76,7.54亿,14.71亿,305.76亿,22.81
1999,1700,600803,新奥股份,20.79,0.29,0.06,0.0,0.4,0.88,3.81,2.33亿,28.40亿,590.41亿,13.83
2000,1981,002150,通润装备,12.95,0.23,0.03,0.0,1.4,0.95,1.32,0.65亿,3.59亿,46.43亿,32.84
2001,1982,002203,海亮股份,10.87,0.28,0.03,0.09,0.46,0.96,2.4,0.98亿,19.30亿,209.78亿,18.54
2002,1983,002340,格林美,6.66,0.45,0.03,0.15,1.2,1.11,1.96,4.06亿,50.85亿,338.66亿,28.33
2003,1984,002410,广联达,12.22,0.25,0.03,0.0,2.01,1.11,3.36,3.94亿,15.88亿,194.10亿,70.99
2004,1985,002421,达实智能,3.6,0.84,0.03,0.0,3.86,0.78,3.08,2.81亿,20.03亿,72.12亿,119.31
2005,1986,002500,山西证券,6.61,0.46,0.03,0.15,1.47,1.39,2.74,3.50亿,35.90亿,237.28亿,33.40
2006,1987,002501,利源股份,1.75,1.74,0.03,0.0,7.26,1.24,10.46,4.60亿,35.41亿,61.97亿,--
2007,1988,002526,山东矿机,3.72,0.81,0.03,0.0,6.34,0.72,2.44,4.17亿,17.58亿,65.38亿,45.40
2008,1989,002624,完美世界,10.63,0.28,0.03,0.0,2.14,0.75,2.83,4.20亿,18.27亿,194.25亿,--
2009,1990,002636,金安国纪,8.37,0.36,0.03,0.36,0.76,0.7,2.88,0.46亿,7.24亿,60.63亿,45.96
2010,2031,600704,物产中大,5.18,0.58,0.03,0.0,0.87,0.96,1.75,2.31亿,51.54亿,266.96亿,8.65
2011,2032,600740,山西焦化,4.06,0.74,0.03,-0.25,0.46,0.8,1.74,0.48亿,25.62亿,104.02亿,30.87
2012,2033,600816,建元信托,3.7,0.82,0.03,0.0,0.96,1.04,3.27,1.96亿,54.69亿,202.36亿,658.23
2013,2034,600863,内蒙华电,4.37,0.69,0.03,-0.23,0.94,1.14,1.38,2.67亿,65.27亿,285.23亿,8.66
2014,2035,600880,博瑞传播,5.01,0.6,0.03,-0.2,4.24,0.49,4.02,2.33亿,10.93亿,54.76亿,335.24
2015,2036,600906,财达证券,7.5,0.4,0.03,-0.13,1.22,1.29,2.41,1.95亿,21.24亿,159.32亿,49.35
2016,2037,600959,江苏有线,3.48,0.87,0.03,-0.29,0.89,0.86,3.77,1.56亿,50.01亿,174.03亿,58.72
2017,2038,600970,中材国际,9.7,0.31,0.03,-0.1,0.99,1.28,2.17,2.12亿,22.34亿,216.71亿,9.33
2018,2039,600997,开滦股份,6.76,0.45,0.03,-0.3,0.36,0.68,1.49,0.38亿,15.88亿,107.33亿,12.43
2019,2040,601005,重庆钢铁,1.51,2.03,0.03,-0.66,1.63,1.05,3.38,2.07亿,83.80亿,126.55亿,--
2020,2071,000703,恒逸石化,6.13,0.33,0.02,0.0,0.3,0.88,1.15,0.68亿,36.47亿,223.58亿,73.00
2021,2072,000717,中南股份,2.9,0.69,0.02,0.35,3.74,0.92,4.86,2.67亿,24.24亿,70.28亿,--
2022,2073,000739,普洛药业,15.93,0.13,0.02,0.0,0.45,0.94,2.2,0.85亿,11.69亿,186.20亿,16.07
2023,2074,000813,德展健康,3.43,0.59,0.02,0.0,3.68,0.85,4.4,2.75亿,21.65亿,74.25亿,688.46
2024,2075,000821,京山轻机,13.04,0.15,0.02,0.0,1.99,0.85,2.23,1.58亿,6.05亿,78.93亿,14.07
2025,2076,000927,中国铁物,2.72,0.74,0.02,0.0,0.78,1.03,2.59,1.29亿,60.50亿,164.57亿,28.23
2026,2077,001286,陕西能源,9.49,0.21,0.02,0.0,1.48,0.8,1.16,1.48亿,10.50亿,99.64亿,10.69
2027,2078,002110,三钢闽光,3.21,0.63,0.02,0.31,0.88,0.89,2.19,0.69亿,24.29亿,77.97亿,--
2028,2079,002128,电投能源,19.66,0.1,0.02,0.0,0.43,0.99,1.58,1.91亿,22.42亿,440.69亿,7.51
2029,2080,002135,东南网架,4.42,0.46,0.02,0.0,1.75,1.41,2.96,0.81亿,10.44亿,46.14亿,22.64
2030,2151,688132,邦彦技术,17.88,0.11,0.02,0.0,1.52,0.99,4.03,0.30亿,1.08亿,19.40亿,--
2031,2152,688184,帕瓦股份,13.93,0.14,0.02,0.0,0.32,0.61,2.16,0.05亿,1.03亿,14.31亿,--
2032,2153,688455,科捷智能,11.14,0.18,0.02,0.72,0.63,0.52,2.61,0.09亿,1.30亿,14.47亿,--
2033,2154,688528,秦川物联,8.95,0.22,0.02,-0.22,0.66,0.53,2.91,0.10亿,1.68亿,15.04亿,--
2034,2155,688658,悦康药业,16.11,0.12,0.02,0.12,3.89,1.07,4.1,2.85亿,4.50亿,72.50亿,25.93
2035,2156,688665,四方光电,35.53,0.06,0.02,-0.31,2.58,0.73,6.05,0.93亿,1.00亿,35.57亿,43.33
2036,2157,688716,中研股份,41.54,0.05,0.02,-0.02,15.39,0.85,6.12,4.30亿,0.68亿,28.08亿,126.99
2037,2158,830879,基康仪器,12.01,0.17,0.02,0.0,0.62,0.81,3.84,0.08亿,1.13亿,13.54亿,26.86
2038,2159,832278,鹿得医疗,7.63,0.26,0.02,0.0,3.19,0.67,3.02,0.18亿,0.76亿,5.76亿,54.74
2039,2160,836270,天铭科技,10.9,0.18,0.02,0.0,0.81,0.84,2.94,0.07亿,0.81亿,8.84亿,17.82
2040,1301,301028,东亚机械,11.21,0.9,0.1,-0.18,1.97,1.07,2.16,0.55亿,2.46亿,27.60亿,17.53
2041,1302,301093,华兰股份,23.05,0.44,0.1,0.61,1.2,0.73,1.66,0.24亿,0.88亿,20.35亿,42.05
2042,1303,301131,聚赛龙,36.0,0.28,0.1,-0.08,4.67,0.62,2.67,0.39亿,0.23亿,8.31亿,49.09
2043,1304,301151,冠龙节能,16.28,0.62,0.1,0.37,4.74,0.53,4.2,0.43亿,0.56亿,9.10亿,92.33
2044,1305,301167,建研设计,13.15,0.77,0.1,0.38,2.8,0.66,2.38,0.26亿,0.71亿,9.35亿,142.09
2045,1306,301260,格力博,13.92,0.72,0.1,-0.14,0.8,0.56,1.59,0.24亿,2.12亿,29.55亿,550.61
2046,1307,600071,凤凰光学,22.0,0.46,0.1,0.0,1.97,0.53,3.74,1.23亿,2.82亿,61.95亿,--
2047,1308,600120,浙江东方,4.94,2.07,0.1,-0.2,1.46,0.75,2.89,2.45亿,34.15亿,168.72亿,30.25
2048,1309,600161,天坛生物,20.9,0.48,0.1,0.0,0.58,1.01,1.25,2.37亿,19.77亿,413.27亿,29.47
2049,1310,600222,太龙药业,5.25,1.94,0.1,0.0,2.41,0.8,4.08,0.73亿,5.74亿,30.13亿,78.20
2050,2121,600376,首开股份,2.71,0.74,0.02,-0.37,1.12,1.29,6.32,0.80亿,25.80亿,69.91亿,--
2051,2122,600537,亿晶光电,3.2,0.63,0.02,0.0,1.92,0.47,2.83,0.73亿,11.84亿,37.88亿,--
2052,2123,600595,中孚实业,2.95,0.68,0.02,0.0,1.44,1.21,2.73,1.71亿,40.08亿,118.23亿,12.20
2053,2124,600606,绿地控股,2.24,0.9,0.02,-0.44,0.58,0.94,2.7,1.85亿,140.54亿,314.81亿,99.79
2054,2125,600611,大众交通,7.14,0.28,0.02,0.0,3.75,0.94,3.09,4.23亿,15.63亿,111.62亿,56.64
2055,2126,600640,国脉文化,12.54,0.16,0.02,-0.08,1.11,0.75,3.35,1.11亿,7.96亿,99.78亿,563.60
2056,2127,600691,阳煤化工,2.23,0.91,0.02,0.0,1.09,0.88,4.07,0.58亿,23.76亿,52.98亿,--
2057,2128,600716,凤凰股份,3.82,0.53,0.02,0.0,1.34,0.4,2.9,0.48亿,9.36亿,35.76亿,--
2058,2129,600782,新钢股份,3.45,0.58,0.02,0.0,1.02,0.73,2.33,1.12亿,31.46亿,108.53亿,--
2059,2130,600835,上海机电,18.51,0.11,0.02,0.11,1.25,0.87,3.19,1.86亿,8.07亿,149.28亿,19.49
2060,2261,002283,天润工业,5.63,0.00,0.00,0.18,2.71,0.87,3.02,1.53亿,10.01亿,56.38亿,17.89
2061,2262,002379,宏创控股,--,--,--,--,--,--,--,--,11.36亿,101.93亿,--
2062,2263,002445,中南文化,2.53,0.00,0.00,0.80,1.51,0.65,3.16,0.92亿,23.81亿,60.25亿,127.48
2063,2264,002506,协鑫集成,2.80,0.00,0.00,0.00,1.50,0.95,2.86,2.47亿,58.48亿,163.76亿,150.00
2064,2265,002512,达华智能,5.11,0.00,0.00,-0.20,5.82,0.61,3.33,3.15亿,10.48亿,53.58亿,1428.33
2065,2266,002583,海能达,14.67,0.00,0.00,0.00,8.60,0.58,3.61,16.36亿,12.83亿,188.15亿,79.56
2066,2267,002595,豪迈科技,47.90,0.00,0.00,0.02,0.31,0.73,1.11,1.17亿,7.95亿,380.69亿,20.28
2067,2268,002600,领益智造,8.54,0.00,0.00,0.00,1.70,0.84,2.93,10.11亿,68.94亿,588.71亿,31.95
2068,2269,002701,奥瑞金,5.84,0.00,0.00,-0.17,0.69,0.67,1.88,1.02亿,25.57亿,149.35亿,14.73
2069,2270,002716,湖南白银,3.61,0.00,0.00,0.00,1.91,0.80,1.94,1.52亿,22.10亿,79.80亿,61.92
2070,2281,301109,军信股份,17.22,0.00,0.00,-0.06,3.02,1.40,2.09,0.52亿,0.99亿,16.99亿,16.36
2071,2282,301133,金钟股份,22.95,0.00,0.00,-0.39,0.92,0.71,1.57,0.20亿,0.96亿,22.11亿,27.68
2072,2283,301196,唯科科技,33.78,0.00,0.00,-0.06,1.42,0.70,1.42,0.18亿,0.37亿,12.61亿,17.82
2073,2284,301231,荣信文化,18.70,0.00,0.00,0.32,7.71,0.58,2.89,0.78亿,0.54亿,10.08亿,--
2074,2285,301397,溯联股份,26.64,0.00,0.00,-0.08,2.11,0.97,3.64,0.31亿,0.54亿,14.51亿,22.07
2075,2286,430478,峆一药业,17.72,0.00,0.00,0.00,3.85,0.62,2.54,0.23亿,0.34亿,5.97亿,19.98
2076,2287,600023,浙能电力,5.70,0.00,0.00,-0.18,0.52,1.26,2.81,3.95亿,134.09亿,764.30亿,8.55
2077,2288,600322,津投城开,--,--,--,--,--,--,--,--,11.06亿,30.07亿,--
2078,2289,600399,抚顺特钢,6.07,0.00,0.00,0.00,1.58,1.25,2.14,1.90亿,19.72亿,119.71亿,28.43
2079,2290,600575,淮河能源,--,--,--,--,--,--,--,--,38.86亿,168.28亿,14.98
2080,81,300496,中科创达,65.31,1.9,1.22,0.02,11.18,1.51,8.72,27.50亿,3.67亿,239.71亿,148.27
2081,82,300595,欧普康视,20.12,6.46,1.22,0.0,5.38,1.41,7.72,7.25亿,6.68亿,134.50亿,25.89
2082,83,300775,三角防务,25.33,5.06,1.22,0.0,5.52,4.66,6.22,7.49亿,5.32亿,134.87亿,46.90
2083,84,301105,鸿铭股份,31.09,4.08,1.22,-0.1,7.18,1.4,7.0,0.37亿,0.16亿,5.11亿,297.54
2084,85,688708,佳驰科技,66.37,1.87,1.22,-0.05,29.03,1.94,9.75,7.12亿,0.36亿,23.70亿,62.16
2085,86,301383,天键股份,54.88,2.25,1.21,0.53,26.81,1.35,18.99,10.66亿,0.70亿,38.56亿,39.97
2086,87,603920,世运电路,31.18,4.04,1.21,0.0,4.95,1.5,6.61,11.08亿,7.19亿,224.31亿,34.84
2087,88,300087,荃银高科,12.35,10.66,1.19,0.08,11.79,2.63,14.7,12.90亿,8.96亿,110.64亿,--
2088,89,600519,贵州茅台,1528.97,0.08,1.18,0.0,0.17,0.97,1.08,31.70亿,12.56亿,19206.90亿,23.68
2089,90,301361,众智科技,29.03,4.2,1.17,0.03,31.47,1.75,8.47,2.66亿,0.29亿,8.44亿,49.13
2090,41,301489,思泉新材,69.17,3.1,2.08,0.0,12.8,2.02,6.3,3.01亿,0.34亿,23.52亿,71.73
2091,42,301220,亚香股份,36.46,5.93,2.04,0.11,6.61,1.93,9.01,1.12亿,0.47亿,17.18亿,48.95
2092,43,300377,赢时胜,29.88,7.29,2.03,0.0,23.21,1.98,11.85,43.52亿,6.44亿,192.51亿,--
2093,44,688543,国科军工,50.56,4.18,2.03,-0.02,6.1,2.45,6.45,2.71亿,0.88亿,44.62亿,44.64
2094,45,002577,雷柏科技,21.79,9.99,1.98,0.0,10.67,3.79,14.74,6.24亿,2.83亿,61.64亿,135.26
2095,46,600391,航发科技,21.78,10.0,1.98,0.0,2.19,0.9,0.0,1.58亿,3.30亿,71.90亿,101.10
2096,47,600486,扬农化工,57.45,3.37,1.87,0.0,0.87,1.43,4.01,1.99亿,4.03亿,231.45亿,17.08
2097,48,301302,华如科技,24.4,8.2,1.85,0.0,17.94,1.72,15.12,3.75亿,0.84亿,20.55亿,--
2098,49,301076,新瀚新材,32.31,5.93,1.81,0.0,26.98,1.28,11.18,5.84亿,0.69亿,22.40亿,78.02
2099,50,689009,九号公司,46.84,3.88,1.75,0.0,2.39,1.84,6.7,6.15亿,5.46亿,255.93亿,25.98
2100,2291,600596,新安股份,8.99,0.00,0.00,0.11,0.87,0.78,1.89,1.01亿,12.93亿,116.24亿,66.42
2101,2292,600636,国新文化,9.69,0.00,0.00,0.00,1.30,0.60,3.41,0.56亿,4.39亿,42.50亿,--
2102,2293,600718,东软集团,--,--,--,--,--,--,--,--,12.04亿,126.27亿,62.16
2103,2294,600775,南京熊猫,10.81,0.00,0.00,0.00,4.76,0.64,2.50,3.48亿,6.72亿,72.63亿,--
2104,2295,600818,中路股份,12.20,0.00,0.00,-0.16,1.89,0.56,2.95,0.55亿,2.38亿,29.03亿,1022.43
2105,2296,600866,星湖科技,6.75,0.00,0.00,0.15,1.66,0.74,1.93,1.25亿,11.09亿,74.88亿,12.42
2106,2297,600905,三峡能源,4.45,0.00,0.00,-0.22,0.37,1.19,0.90,4.65亿,285.86亿,1272.07亿,18.75
2107,2298,600916,中国黄金,8.76,0.00,0.00,0.00,0.82,0.99,0.80,1.21亿,16.80亿,147.17亿,14.80
2108,2299,600926,杭州银行,14.65,0.00,0.00,0.00,0.45,0.99,1.91,3.63亿,54.95亿,805.02亿,4.75
2109,2300,600963,岳阳林纸,5.29,0.00,0.00,-0.19,1.31,0.63,3.40,1.22亿,17.58亿,92.98亿,--
2110,2301,600985,淮北矿业,13.86,0.0,0.0,0.0,0.86,1.08,1.88,3.19亿,26.93亿,373.29亿,6.76
2111,2302,601108,财通证券,8.5,0.0,0.0,0.0,1.29,1.45,2.35,5.11亿,46.44亿,394.72亿,20.11
2112,2303,601162,天风证券,4.73,0.0,0.0,0.0,3.27,1.03,2.33,13.50亿,86.66亿,409.89亿,--
2113,2304,601838,成都银行,16.85,0.0,0.0,0.06,0.78,0.74,2.43,5.24亿,40.24亿,678.02亿,5.64
2114,2305,601998,中信银行,6.94,0.0,0.0,0.0,0.18,0.79,2.16,4.77亿,392.16亿,2721.58亿,5.43
2115,2306,603055,台华新材,11.25,0.0,0.0,-0.09,0.44,1.02,1.51,0.44亿,8.85亿,99.61亿,12.14
2116,2307,603056,德邦股份,14.64,0.0,0.0,-0.14,0.45,0.71,1.5,0.68亿,10.27亿,150.35亿,21.81
2117,2308,603233,大参林,15.67,0.0,0.0,0.06,0.5,0.68,3.0,0.89亿,11.39亿,178.46亿,15.60
2118,2309,603489,八方股份,26.24,0.0,0.0,0.0,1.61,0.56,3.09,1.01亿,2.35亿,61.67亿,90.23
2119,2310,603776,永安行,13.61,0.0,0.0,0.0,2.79,0.62,2.72,0.88亿,2.29亿,31.23亿,--
2120,1001,300497,富祥药业,8.6,1.66,0.14,0.0,1.71,0.99,3.07,0.67亿,4.52亿,38.84亿,--
2121,1002,300674,宇信科技,20.35,0.69,0.14,-0.05,2.22,0.94,4.11,3.21亿,7.03亿,143.10亿,40.99
2122,1003,300765,新诺威,27.55,0.51,0.14,0.11,0.4,0.75,3.21,1.38亿,12.47亿,343.57亿,208.30
2123,1004,300882,万胜智能,16.26,0.87,0.14,-0.06,1.31,1.04,3.35,0.58亿,2.66亿,43.30亿,32.35
2124,1005,300947,德必集团,16.74,0.84,0.14,0.18,2.58,0.8,3.55,0.67亿,1.54亿,25.71亿,86.67
2125,1006,300958,建工修复,11.95,1.19,0.14,-0.08,2.72,0.63,1.95,0.30亿,0.91亿,10.88亿,164.78
2126,1007,301002,崧盛股份,17.53,0.81,0.14,0.17,1.62,0.5,3.28,0.21亿,0.73亿,12.85亿,86.80
2127,1008,301011,华立科技,27.19,0.52,0.14,0.04,3.31,0.75,3.33,1.30亿,1.44亿,39.10亿,42.98
2128,1009,301152,天力锂能,32.55,0.43,0.14,0.06,2.31,0.58,2.59,0.57亿,0.75亿,24.45亿,--
2129,1010,301161,唯万密封,20.89,0.68,0.14,-0.05,9.55,0.91,2.84,1.07亿,0.53亿,11.14亿,37.32
2130,2341,300284,苏交科,10.78,-0.09,-0.01,0.0,2.93,0.86,3.24,3.82亿,11.94亿,128.76亿,66.66
2131,2342,300324,旋极信息,3.63,-0.28,-0.01,0.0,3.85,0.54,3.85,2.41亿,17.08亿,62.01亿,--
2132,2343,300455,航天智装,13.64,-0.07,-0.01,0.0,1.25,0.98,2.93,1.23亿,7.09亿,96.66亿,266.16
2133,2344,300481,濮阳惠成,15.59,-0.06,-0.01,0.0,1.98,0.43,2.18,0.91亿,2.94亿,45.83亿,23.06
2134,2345,300676,华大基因,43.41,-0.02,-0.01,-0.09,0.63,0.98,1.45,1.14亿,4.13亿,179.07亿,--
2135,2346,300885,海昌新材,11.49,-0.09,-0.01,0.09,2.53,0.9,4.0,0.50亿,1.70亿,19.49亿,47.27
2136,2347,300920,润阳科技,17.92,-0.06,-0.01,0.06,1.83,0.65,2.23,0.21亿,0.64亿,11.52亿,70.87
2137,2348,300932,三友联众,15.1,-0.07,-0.01,-0.4,1.74,0.58,3.04,0.43亿,1.63亿,24.59亿,50.33
2138,2349,300989,蕾奥规划,15.8,-0.06,-0.01,0.0,2.73,0.62,3.29,0.66亿,1.51亿,23.80亿,--
2139,2350,301025,读客文化,10.03,-0.1,-0.01,0.2,2.55,0.72,3.29,0.67亿,2.60亿,26.10亿,199.87
2140,2321,688523,航天环宇,20.81,0.0,0.0,0.05,2.16,1.21,3.08,0.39亿,0.85亿,17.76亿,124.05
2141,2322,688690,纳微科技,18.43,0.0,0.0,-0.11,1.03,1.17,2.06,0.76亿,4.04亿,74.42亿,132.88
2142,2323,688799,华纳药厂,42.67,0.0,0.0,0.24,1.09,0.75,1.92,0.43亿,0.94亿,40.02亿,18.95
2143,2324,833427,华维设计,10.96,0.0,0.0,0.0,1.15,0.84,3.19,0.06亿,0.51亿,5.55亿,122.41
2144,2325,833454,同心传动,12.3,0.0,0.0,0.0,2.49,0.75,3.66,0.20亿,0.63亿,7.77亿,65.04
2145,2326,838971,天马新材,27.25,0.0,0.0,0.0,3.26,0.59,9.32,0.76亿,0.85亿,23.08亿,85.95
2146,2327,000100,TCL科技,5.16,-0.19,-0.01,0.0,2.67,0.77,2.71,25.09亿,180.98亿,933.86亿,47.65
2147,2328,000516,国际医学,5.55,-0.18,-0.01,0.0,0.75,0.84,2.34,0.94亿,22.24亿,123.44亿,--
2148,2329,000652,泰达股份,4.35,-0.23,-0.01,-0.23,1.16,0.81,2.75,0.75亿,14.74亿,64.14亿,35.03
2149,2330,000800,一汽解放,8.44,-0.12,-0.01,0.0,0.17,0.76,1.54,0.68亿,46.22亿,390.13亿,85.68
2150,2331,000887,中鼎股份,13.65,-0.07,-0.01,-0.07,2.45,1.15,1.83,4.39亿,13.14亿,179.41亿,12.81
2151,2332,002042,华孚时尚,4.51,-0.22,-0.01,0.0,2.18,0.43,3.32,1.69亿,17.01亿,76.70亿,120.41
2152,2333,002174,游族网络,9.85,-0.1,-0.01,0.1,2.16,0.68,2.94,1.96亿,9.14亿,90.08亿,1306.74
2153,2334,002630,华西能源,3.19,-0.31,-0.01,0.0,4.16,1.03,3.12,1.41亿,10.60亿,33.80亿,37.13
2154,2335,002648,卫星化学,18.22,-0.06,-0.01,0.0,0.8,1.06,3.4,4.88亿,33.66亿,613.37亿,12.47
2155,2336,002966,苏州银行,8.1,-0.12,-0.01,-0.12,1.11,1.03,1.97,3.29亿,36.84亿,298.38亿,5.47
2156,2337,300098,高新兴,5.96,-0.17,-0.01,0.0,3.98,0.69,3.18,3.71亿,15.42亿,91.89亿,--
2157,2338,300149,睿智医药,6.7,-0.15,-0.01,-0.3,2.44,0.56,3.58,0.82亿,4.97亿,33.30亿,--
2158,2339,300177,中海达,11.76,-0.09,-0.01,-0.09,6.78,0.63,3.74,4.90亿,6.06亿,71.30亿,--
2159,2340,300226,上海钢联,23.28,-0.04,-0.01,0.13,2.4,0.84,2.45,1.72亿,3.06亿,71.34亿,43.77
2160,2311,603871,嘉友国际,19.43,0.00,0.00,0.05,0.56,0.70,2.01,1.05亿,9.77亿,189.86亿,13.08
2161,2312,603982,泉峰汽车,8.38,0.00,0.00,-0.36,1.79,0.41,2.15,0.41亿,2.71亿,22.70亿,--
2162,2313,603985,恒润股份,12.37,0.00,0.00,0.00,1.80,0.72,2.75,0.99亿,4.41亿,54.53亿,--
2163,2314,688051,佳华科技,21.53,0.00,0.00,0.14,0.87,0.80,3.67,0.15亿,0.77亿,16.65亿,--
2164,2315,688055,龙腾光电,4.30,0.00,0.00,0.00,0.25,1.04,4.42,0.36亿,33.33亿,143.33亿,--
2165,2316,688109,品茗科技,25.80,0.00,0.00,0.00,0.94,0.78,3.10,0.19亿,0.79亿,20.34亿,115.74
2166,2317,688139,海尔生物,--,--,--,--,--,--,--,--,3.18亿,111.92亿,27.15
2167,2318,688269,凯立新材,25.47,0.00,0.00,-0.08,0.40,0.65,1.96,0.13亿,1.31亿,33.29亿,38.99
2168,2319,688349,三一重能,31.44,0.00,0.00,0.13,1.37,0.78,2.39,0.81亿,1.88亿,59.20亿,42.23
2169,2320,688377,迪威尔,20.30,0.00,0.00,0.79,0.80,0.52,2.22,0.31亿,1.93亿,39.12亿,46.44
2170,2021,600503,华丽家族,2.75,1.1,0.03,0.0,4.88,0.9,6.25,2.16亿,16.02亿,44.06亿,1952.81
2171,2022,600518,康美药业,2.43,1.25,0.03,-0.41,1.92,0.75,3.33,6.37亿,136.13亿,330.79亿,5037.73
2172,2023,600531,豫光金铅,6.65,0.45,0.03,-0.15,1.22,1.06,1.36,0.88亿,10.90亿,72.50亿,9.81
2173,2024,600567,山鹰国际,2.06,1.48,0.03,0.0,4.14,1.09,5.42,4.72亿,54.71亿,112.71亿,123.38
2174,2025,600581,八一钢铁,3.21,0.94,0.03,0.0,1.3,0.79,2.83,0.64亿,15.33亿,49.21亿,--
2175,2026,600623,华谊集团,7.1,0.42,0.03,0.14,0.65,0.76,1.41,0.86亿,18.67亿,132.54亿,18.82
2176,2027,600641,万业企业,15.19,0.2,0.03,0.07,1.12,0.8,3.1,1.60亿,9.31亿,141.36亿,--
2177,2028,600643,爱建集团,5.49,0.55,0.03,-0.18,0.85,1.27,2.02,0.75亿,15.90亿,87.31亿,26.46
2178,2029,600663,陆家嘴,10.15,0.3,0.03,0.1,0.14,0.95,0.99,0.40亿,29.33亿,297.75亿,36.35
2179,2030,600703,三安光电,12.59,0.24,0.03,0.0,0.85,1.11,2.63,5.39亿,49.89亿,628.12亿,190.59
2180,2381,688221,前沿生物,9.78,-0.1,-0.01,-0.1,0.63,0.43,2.86,0.23亿,3.75亿,36.63亿,--
2181,2382,688238,和元生物,5.35,-0.19,-0.01,0.0,1.18,0.76,2.42,0.30亿,4.67亿,24.97亿,--
2182,2383,688319,欧林生物,10.99,-0.09,-0.01,0.09,0.73,0.91,2.55,0.32亿,4.05亿,44.55亿,831.09
2183,2384,688329,艾隆科技,14.45,-0.07,-0.01,-0.14,1.95,0.69,2.77,0.15亿,0.54亿,7.82亿,--
2184,2385,688425,铁建重工,4.5,-0.22,-0.01,0.0,1.53,0.78,1.33,1.02亿,14.78亿,66.51亿,17.49
2185,2386,688565,力源科技,6.05,-0.17,-0.01,-0.17,0.76,0.45,3.63,0.07亿,1.50亿,9.06亿,--
2186,2387,688570,天玛智控,19.99,-0.05,-0.01,0.0,0.64,1.06,1.75,0.24亿,1.86亿,37.18亿,23.16
2187,2388,688579,山大地纬,9.78,-0.1,-0.01,0.0,1.91,0.8,3.58,0.75亿,4.00亿,39.12亿,94.31
2188,2389,688648,中邮科技,24.37,-0.04,-0.01,0.04,1.52,0.79,2.54,0.25亿,0.66亿,16.12亿,--
2189,2390,688701,卓锦股份,5.59,-0.18,-0.01,-0.53,1.36,0.87,3.75,0.10亿,1.34亿,7.51亿,--
2190,2361,600522,中天科技,14.76,-0.07,-0.01,0.0,1.24,0.87,2.3,6.24亿,34.13亿,503.75亿,16.35
2191,2362,600755,厦门国贸,6.69,-0.15,-0.01,-0.15,0.78,0.89,1.19,1.12亿,21.32亿,142.64亿,15.27
2192,2363,600864,哈投股份,7.74,-0.13,-0.01,0.13,6.7,1.38,4.26,10.84亿,20.81亿,161.04亿,45.42
2193,2364,600872,中炬高新,23.26,-0.04,-0.01,0.04,1.13,1.23,1.93,2.03亿,7.71亿,179.33亿,23.71
2194,2365,600888,新疆众和,7.37,-0.14,-0.01,0.0,0.87,1.23,1.35,0.88亿,13.76亿,101.42亿,8.72
2195,2366,600895,张江高科,27.58,-0.04,-0.01,0.0,1.73,0.87,2.61,7.47亿,15.49亿,427.13亿,62.69
2196,2367,601117,中国化学,8.37,-0.12,-0.01,0.0,0.69,0.79,2.03,3.48亿,60.70亿,508.02亿,9.99
2197,2368,601222,林洋能源,7.15,-0.14,-0.01,0.0,0.54,0.78,0.98,0.79亿,20.60亿,147.30亿,12.14
2198,2369,601229,上海银行,9.06,-0.11,-0.01,-0.11,0.42,1.14,3.53,5.38亿,142.07亿,1287.12亿,5.49
2199,2370,601398,工商银行,6.92,-0.14,-0.01,0.0,0.19,1.04,2.6,35.04亿,2696.12亿,18657.20亿,6.88
2200,2351,301078,孩子王,11.26,-0.09,-0.01,-0.27,3.51,0.95,4.53,5.01亿,12.46亿,140.35亿,80.94
2201,2352,301117,佳缘科技,30.72,-0.03,-0.01,0.0,4.92,0.69,3.32,0.70亿,0.46亿,14.08亿,--
2202,2353,301175,中科环保,5.49,-0.18,-0.01,-0.18,3.17,0.87,1.27,1.08亿,6.17亿,33.88亿,22.98
2203,2354,600039,四川路桥,7.29,-0.14,-0.01,0.0,0.29,0.92,1.51,1.43亿,67.00亿,488.44亿,9.98
2204,2355,600064,南京高科,7.74,-0.13,-0.01,-0.13,0.68,0.79,1.16,0.91亿,17.30亿,133.93亿,5.46
2205,2356,600256,广汇能源,6.63,-0.15,-0.01,0.0,0.65,0.8,1.21,2.80亿,65.66亿,435.31亿,16.30
2206,2357,600276,恒瑞医药,46.1,-0.02,-0.01,0.0,0.33,0.71,1.0,9.81亿,63.79亿,2940.72亿,47.74
2207,2358,600328,中盐化工,8.16,-0.12,-0.01,0.12,0.77,1.06,1.1,0.92亿,14.61亿,119.20亿,15.69
2208,2359,600362,江西铜业,20.95,-0.05,-0.01,0.0,0.55,0.96,1.19,2.39亿,20.75亿,434.76亿,10.92
2209,2360,600373,中文传媒,12.81,-0.08,-0.01,-0.08,1.25,1.28,1.87,2.16亿,13.55亿,173.58亿,18.51
2210,2411,300655,晶瑞电材,9.85,-0.2,-0.02,0.0,1.84,0.78,3.34,1.85亿,10.12亿,99.65亿,11770.00
2211,2412,300987,川网传媒,14.79,-0.14,-0.02,-0.2,2.04,0.66,2.63,0.53亿,1.73亿,25.64亿,185.34
2212,2413,301006,迈拓股份,14.0,-0.14,-0.02,-0.29,1.05,0.7,2.35,0.13亿,0.86亿,12.05亿,32.41
2213,2414,301267,华厦眼科,20.18,-0.1,-0.02,-0.1,1.15,1.01,2.48,0.77亿,3.29亿,66.36亿,30.21
2214,2415,600015,华夏银行,7.95,-0.25,-0.02,0.0,0.28,1.24,2.76,3.37亿,153.87亿,1223.28亿,5.13
2215,2416,600028,中国石化,6.65,-0.3,-0.02,0.0,0.14,0.7,2.1,8.75亿,948.42亿,6306.98亿,13.70
2216,2417,600050,中国联通,5.37,-0.37,-0.02,0.0,0.95,0.68,1.11,16.03亿,312.80亿,1679.74亿,15.36
2217,2418,600166,福田汽车,2.63,-0.76,-0.02,0.0,1.31,0.9,1.51,2.25亿,64.89亿,170.66亿,36.13
2218,2419,600176,中国巨石,11.49,-0.17,-0.02,0.0,0.4,0.86,2.17,1.85亿,40.03亿,459.96亿,22.50
2219,2420,600626,申达股份,3.84,-0.52,-0.02,-0.26,2.62,0.38,3.37,0.87亿,8.52亿,32.73亿,--
2220,2371,601515,东峰集团,4.16,-0.24,-0.01,0.0,1.41,0.69,2.64,1.09亿,18.55亿,77.16亿,--
2221,2372,601577,长沙银行,8.81,-0.11,-0.01,0.11,0.55,1.01,2.61,1.95亿,40.21亿,354.22亿,4.29
2222,2373,601828,美凯龙,3.36,-0.3,-0.01,0.0,0.8,0.91,3.26,0.98亿,36.13亿,121.41亿,--
2223,2374,601916,浙商银行,2.95,-0.34,-0.01,0.0,0.61,1.06,1.35,3.87亿,215.44亿,635.56亿,4.71
2224,2375,601995,中金公司,35.17,-0.03,-0.01,0.03,0.56,1.34,1.85,5.83亿,29.24亿,1028.21亿,44.55
2225,2376,603276,恒兴新材,13.94,-0.07,-0.01,0.22,1.49,0.39,1.65,0.14亿,0.67亿,9.35亿,62.86
2226,2377,603358,华达科技,32.06,-0.03,-0.01,-0.09,0.82,1.08,3.18,1.14亿,4.39亿,140.76亿,52.74
2227,2378,603650,彤程新材,36.34,-0.03,-0.01,0.0,1.59,0.98,2.94,3.48亿,5.96亿,216.46亿,37.23
2228,2379,688081,兴图新科,15.65,-0.06,-0.01,0.45,1.76,0.59,3.7,0.29亿,1.03亿,16.13亿,--
2229,2380,688170,德龙激光,23.69,-0.04,-0.01,0.0,1.35,0.7,2.83,0.26亿,0.80亿,18.86亿,--
2230,2391,831641,格利尔,13.12,-0.08,-0.01,0.0,2.46,0.56,4.95,0.14亿,0.44亿,5.82亿,638.32
2231,2392,831961,创远信科,15.79,-0.06,-0.01,0.0,3.19,0.95,4.43,0.54亿,1.05亿,16.65亿,882.61
2232,2393,834599,同力股份,13.12,-0.08,-0.01,0.0,0.74,0.79,1.29,0.33亿,3.41亿,44.68亿,9.79
2233,2394,837663,明阳科技,14.87,-0.07,-0.01,0.0,1.89,0.75,2.15,0.14亿,0.49亿,7.24亿,19.31
2234,2395,870656,海昇药业,16.64,-0.06,-0.01,0.0,3.33,0.86,3.06,0.11亿,0.20亿,3.33亿,29.96
2235,2396,000425,徐工机械,7.67,-0.26,-0.02,-0.13,0.61,0.45,1.95,3.82亿,81.20亿,622.81亿,12.8
2236,2397,000683,远兴能源,5.85,-0.34,-0.02,0.0,0.98,0.67,1.19,1.89亿,33.14亿,193.89亿,9.09
2237,2398,000932,华菱钢铁,4.26,-0.47,-0.02,0.0,1.15,0.94,1.87,3.39亿,69.09亿,294.30亿,12.46
2238,2399,002011,盾安环境,11.15,-0.18,-0.02,0.09,0.99,0.81,1.16,1.01亿,9.16亿,102.17亿,13.73
2239,2400,002029,七匹狼,6.75,-0.29,-0.02,-0.15,1.51,0.63,2.22,0.68亿,6.65亿,44.91亿,15.15
2240,2501,600690,海尔智家,28.43,-0.14,-0.04,0.04,0.36,0.73,1.37,6.40亿,62.55亿,1778.15亿,13.20
2241,2502,600748,上实发展,3.73,-1.06,-0.04,0.0,0.74,0.69,3.18,0.51亿,18.45亿,68.80亿,--
2242,2503,601012,隆基绿能,16.15,-0.25,-0.04,0.06,0.81,0.87,1.67,9.90亿,75.78亿,1223.85亿,--
2243,2504,601058,赛轮轮胎,14.34,-0.28,-0.04,0.07,0.54,0.74,1.39,2.53亿,32.88亿,471.51亿,10.90
2244,2505,601077,渝农商行,5.91,-0.67,-0.04,0.0,0.98,0.94,3.02,5.11亿,88.38亿,522.31亿,4.88
2245,2506,601881,中国银河,15.78,-0.25,-0.04,0.0,0.98,1.3,2.34,11.32亿,72.43亿,1143.01亿,18.58
2246,2507,601958,金钼股份,10.31,-0.39,-0.04,0.1,0.49,1.32,1.45,1.65亿,32.27亿,332.66亿,11.37
2247,2508,603105,芯能科技,9.68,-0.41,-0.04,0.1,6.35,1.14,5.45,3.11亿,5.00亿,48.40亿,19.52
2248,2509,603355,莱克电气,23.08,-0.17,-0.04,0.13,0.27,0.93,1.73,0.35亿,5.71亿,131.82亿,11.30
2249,2510,603381,永臻股份,22.28,-0.18,-0.04,0.0,3.05,0.88,1.43,0.36亿,0.53亿,11.89亿,22.22
2250,2431,603978,深圳新星,15.88,-0.13,-0.02,-0.13,2.13,0.68,4.09,0.72亿,2.11亿,33.52亿,--
2251,2432,688065,凯赛生物,39.31,-0.05,-0.02,-0.23,0.47,0.99,1.68,1.08亿,5.83亿,229.33亿,49.83
2252,2433,831305,海希通讯,14.95,-0.13,-0.02,0.0,0.66,0.7,3.07,0.11亿,1.10亿,16.46亿,35.64
2253,2434,834033,康普化学,19.98,-0.1,-0.02,0.0,0.8,0.88,2.6,0.13亿,0.84亿,16.72亿,22.53
2254,2435,870976,视声智能,20.19,-0.1,-0.02,0.0,3.9,0.72,3.81,0.21亿,0.26亿,5.20亿,29.80
2255,2436,873703,广厦环能,21.61,-0.09,-0.02,0.0,2.27,0.91,2.08,0.14亿,0.29亿,6.35亿,14.28
2256,2437,920019,铜冠矿建,21.32,-0.09,-0.02,0.0,2.96,0.68,1.69,0.27亿,0.43亿,9.18亿,61.83
2257,2438,000001,平安银行,11.83,-0.25,-0.03,0.0,0.67,1.04,2.02,15.18亿,194.06亿,2295.68亿,4.33
2258,2439,000338,潍柴动力,13.88,-0.22,-0.03,0.0,2.0,0.81,3.23,13.75亿,49.69亿,689.72亿,10.81
2259,2440,001270,铖昌科技,40.27,-0.07,-0.03,-0.05,2.66,0.78,3.52,1.10亿,1.01亿,40.83亿,--
2260,2481,000625,长安汽车,13.84,-0.29,-0.04,-0.07,1.38,0.99,2.09,15.61亿,82.12亿,1136.60亿,28.75
2261,2482,000665,湖北广电,4.34,-0.91,-0.04,0.23,4.8,0.7,5.25,2.39亿,11.37亿,49.35亿,--
2262,2483,000725,京东方A,4.34,-0.91,-0.04,-0.23,1.18,1.02,1.14,19.00亿,368.52亿,1599.36亿,37.02
2263,2484,000819,岳阳兴长,17.17,-0.23,-0.04,-0.12,0.97,0.72,1.51,0.58亿,3.49亿,59.89亿,65.69
2264,2485,002003,伟星股份,13.82,-0.29,-0.04,-0.07,0.73,0.56,1.59,1.02亿,10.10亿,139.62亿,19.43
2265,2486,002026,山东威达,10.22,-0.39,-0.04,-0.2,3.24,0.63,3.02,1.43亿,4.28亿,43.75亿,17.13
2266,2487,002036,联创电子,9.92,-0.4,-0.04,-0.1,2.72,0.79,4.12,2.87亿,10.54亿,104.51亿,--
2267,2488,002056,横店东磁,13.23,-0.3,-0.04,0.0,0.64,1.14,1.66,1.38亿,16.25亿,215.00亿,17.43
2268,2489,002383,合众思壮,8.46,-0.47,-0.04,0.12,4.11,0.76,3.18,2.18亿,6.16亿,52.14亿,--
2269,2490,002429,兆驰股份,6.15,-0.65,-0.04,-0.16,9.92,1.63,7.11,27.88亿,45.24亿,278.25亿,15.21
2270,2401,002079,苏州固锝,10.68,-0.19,-0.02,0.0,1.63,0.85,2.24,1.42亿,8.09亿,86.42亿,160.56
2271,2402,002093,国脉科技,8.35,-0.24,-0.02,0.24,1.77,0.66,2.27,1.50亿,10.07亿,84.07亿,42.60
2272,2403,002129,TCL中环,9.13,-0.22,-0.02,-0.11,1.55,0.88,1.97,5.75亿,40.40亿,368.86亿,--
2273,2404,002181,粤传媒,6.38,-0.31,-0.02,0.16,10.27,1.28,5.16,7.44亿,11.34亿,72.38亿,--
2274,2405,002268,电科网安,17.09,-0.12,-0.02,0.0,0.95,0.8,2.46,1.38亿,8.43亿,144.12亿,--
2275,2406,002324,普利特,9.98,-0.2,-0.02,0.0,1.95,0.95,3.3,1.52亿,7.75亿,77.39亿,39.87
2276,2407,003022,联泓新科,14.27,-0.14,-0.02,0.0,0.35,1.1,1.82,0.68亿,13.36亿,190.59亿,80.15
2277,2408,300251,光线传媒,9.57,-0.21,-0.02,-0.1,2.17,1.43,3.44,5.83亿,27.87亿,266.74亿,45.69
2278,2409,300299,富春股份,5.97,-0.33,-0.02,-0.17,7.21,0.7,4.84,3.01亿,6.89亿,41.13亿,--
2279,2410,300457,赢合科技,19.71,-0.1,-0.02,-0.15,1.72,1.29,2.64,2.16亿,6.34亿,124.92亿,19.36
2280,2451,300685,艾德生物,23.55,-0.13,-0.03,0.34,0.73,0.92,2.25,0.68亿,3.95亿,93.00亿,30.96
2281,2452,300971,博亚精工,21.2,-0.14,-0.03,0.05,2.96,0.68,2.12,0.41亿,0.66亿,13.94亿,36.95
2282,2453,301303,真兰仪表,15.64,-0.19,-0.03,0.26,3.14,0.67,3.32,0.51亿,1.02亿,15.98亿,20.62
2283,2454,301587,中瑞股份,25.27,-0.12,-0.03,-0.08,3.88,0.52,2.29,0.30亿,0.31亿,7.72亿,51.63
2284,2455,600111,北方稀土,21.64,-0.14,-0.03,-0.05,0.6,0.93,1.48,4.74亿,36.15亿,782.30亿,144.75
2285,2456,600153,建发股份,10.39,-0.29,-0.03,0.0,0.83,0.89,1.73,2.50亿,29.00亿,301.26亿,11.16
2286,2457,600233,圆通速递,14.59,-0.2,-0.03,-0.07,0.35,0.77,1.64,1.74亿,34.45亿,502.68亿,12.87
2287,2458,600405,动力源,5.48,-0.55,-0.03,0.0,10.09,1.54,5.99,3.11亿,5.53亿,30.32亿,--
2288,2459,600549,厦门钨业,19.77,-0.15,-0.03,0.0,0.62,0.91,1.51,1.73亿,14.15亿,279.68亿,16.79
2289,2460,600562,国睿科技,19.03,-0.16,-0.03,0.0,0.64,1.34,3.15,1.52亿,12.34亿,234.84亿,48.13
2290,2461,600682,南京新百,7.12,-0.42,-0.03,0.0,1.49,0.73,2.52,1.24亿,11.65亿,82.95亿,32.44
2291,2462,600737,中粮糖业,10.45,-0.29,-0.03,-0.1,1.03,0.74,1.24,2.29亿,21.39亿,223.51亿,14.42
2292,2463,600776,东方通信,11.72,-0.26,-0.03,0.0,1.41,0.76,2.3,1.59亿,9.56亿,112.04亿,106.53
2293,2464,601028,玉龙股份,12.06,-0.25,-0.03,0.25,1.97,0.73,1.74,1.86亿,7.83亿,94.43亿,24.58
2294,2465,601163,三角轮胎,15.32,-0.2,-0.03,-0.07,0.59,1.13,0.78,0.73亿,8.00亿,122.56亿,10.40
2295,2466,601658,邮储银行,5.59,-0.53,-0.03,-0.18,0.27,1.01,2.67,10.08亿,671.22亿,3752.14亿,5.48
2296,2467,601908,京运通,3.56,-0.84,-0.03,-0.28,7.34,0.89,6.13,6.34亿,24.15亿,85.96亿,--
2297,2468,603185,弘元绿能,16.99,-0.18,-0.03,0.0,1.32,0.86,3.58,1.53亿,6.79亿,115.37亿,--
2298,2469,603456,九洲药业,14.08,-0.21,-0.03,-0.07,1.2,1.2,2.41,1.51亿,8.95亿,126.05亿,14.98
2299,2470,603730,岱美股份,9.26,-0.32,-0.03,-0.11,0.29,1.0,1.51,0.45亿,16.53亿,153.04亿,18.42
2300,2471,688038,中科通达,12.62,-0.24,-0.03,-0.16,1.09,0.57,3.32,0.16亿,1.16亿,14.69亿,626.40
2301,2472,688176,亚虹医药,7.02,-0.43,-0.03,0.0,0.9,0.69,1.56,0.24亿,3.71亿,26.08亿,--
2302,2473,688488,艾迪药业,8.15,-0.37,-0.03,0.0,0.51,0.51,2.69,0.18亿,4.21亿,34.29亿,--
2303,2474,831278,泰德股份,9.02,-0.33,-0.03,0.0,2.7,0.72,3.87,0.24亿,0.98亿,8.80亿,46.13
2304,2475,834950,迅安科技,16.57,-0.18,-0.03,0.0,1.25,0.66,3.43,0.06亿,0.31亿,5.12亿,17.28
2305,2476,836077,吉林碳谷,11.67,-0.26,-0.03,0.0,1.06,1.08,3.33,0.39亿,3.17亿,36.99亿,63.87
2306,2477,870299,灿能电力,10.46,-0.29,-0.03,0.0,3.67,0.51,4.1,0.17亿,0.45亿,4.66亿,52.31
2307,2478,873132,泰鹏智能,12.5,-0.24,-0.03,0.0,5.39,0.59,3.59,0.18亿,0.27亿,3.35亿,50.63
2308,2479,873690,捷众科技,17.33,-0.17,-0.03,0.0,2.49,0.63,3.17,0.10亿,0.23亿,3.93亿,19.43
2309,2480,873806,云星宇,13.25,-0.23,-0.03,0.0,3.92,0.74,2.56,0.50亿,0.95亿,12.54亿,66.42
2310,2421,600708,光明地产,3.83,-0.52,-0.02,0.26,1.6,0.78,4.16,1.39亿,22.25亿,85.23亿,--
2311,2422,600728,佳都科技,4.86,-0.41,-0.02,0.0,1.87,0.7,3.07,1.96亿,21.43亿,104.14亿,--
2312,2423,600743,华远地产,2.25,-0.88,-0.02,0.0,2.41,0.63,3.96,1.28亿,23.46亿,52.79亿,--
2313,2424,600754,锦江酒店,27.08,-0.07,-0.02,0.0,1.14,0.79,1.73,2.82亿,9.08亿,245.89亿,19.66
2314,2425,600873,梅花生物,10.33,-0.19,-0.02,-0.19,1.1,1.1,1.93,3.25亿,28.53亿,294.69亿,11.08
2315,2426,600901,江苏金租,5.21,-0.38,-0.02,-0.19,0.63,0.79,1.15,1.89亿,57.90亿,301.66亿,10.16
2316,2427,601615,明阳智能,12.85,-0.15,-0.02,0.0,0.62,0.54,1.94,1.82亿,22.71亿,291.89亿,27.08
2317,2428,601949,中国出版,7.52,-0.27,-0.02,0.0,0.99,0.94,2.25,1.36亿,18.23亿,137.05亿,34.31
2318,2429,601988,中国银行,5.48,-0.36,-0.02,0.0,0.1,0.93,3.27,11.48亿,2107.66亿,11550.00亿,6.88
2319,2430,603885,吉祥航空,14.08,-0.14,-0.02,-0.14,0.62,1.24,2.34,1.91亿,21.99亿,309.62亿,18.27
2320,2551,300682,朗新集团,12.74,-0.47,-0.06,-0.08,0.84,0.64,2.34,1.14亿,10.51亿,133.94亿,64.77
2321,2552,300747,锐科激光,19.99,-0.3,-0.06,0.0,1.18,1.03,2.19,1.22亿,5.09亿,101.80亿,70.56
2322,2553,300844,山水比德,32.08,-0.19,-0.06,0.09,4.37,0.8,2.15,0.32亿,0.23亿,7.22亿,75.19
2323,2554,301009,可靠股份,11.52,-0.52,-0.06,0.0,10.81,0.55,5.87,1.64亿,1.31亿,15.04亿,106.42
2324,2555,301279,金道科技,20.88,-0.29,-0.06,0.0,2.97,0.59,3.2,0.18亿,0.29亿,6.00亿,48.04
2325,2556,301508,中机认检,35.34,-0.17,-0.06,-0.03,4.44,0.65,2.12,0.93亿,0.59亿,20.79亿,62.53
2326,2557,600282,南钢股份,4.63,-1.28,-0.06,-0.22,0.46,0.93,2.77,1.31亿,61.65亿,285.44亿,12.21
2327,2558,600331,宏达股份,7.81,-0.76,-0.06,0.0,0.79,0.81,2.16,1.26亿,20.32亿,158.70亿,558.95
2328,2559,600340,华夏幸福,2.94,-2.0,-0.06,0.0,4.46,0.85,4.67,5.19亿,38.93亿,114.47亿,--
2329,2560,600489,中金黄金,12.13,-0.49,-0.06,-0.08,0.62,0.69,1.07,3.66亿,48.47亿,587.98亿,16.68
2330,3431,301183,东田微,57.95,-1.81,-1.07,-0.02,9.23,0.51,4.61,2.50亿,0.46亿,26.71亿,86.55
2331,3432,301585,蓝宇股份,49.15,-2.13,-1.07,-0.02,30.43,0.54,3.48,2.86亿,0.19亿,9.32亿,35.92
2332,3433,301626,苏州天脉,99.84,-1.07,-1.08,-0.01,15.87,2.07,8.12,3.63亿,0.22亿,21.96亿,61.70
2333,3434,430139,华岭股份,27.3,-3.81,-1.08,0.0,3.99,0.72,6.1,2.91亿,2.61亿,71.15亿,--
2334,3435,837046,亿能电力,16.16,-6.32,-1.09,0.0,17.77,0.71,11.54,1.56亿,0.51亿,8.31亿,93.91
2335,3436,002362,汉王科技,25.55,-4.13,-1.1,-0.04,9.42,0.71,3.38,5.07亿,2.08亿,53.04亿,--
2336,3437,300904,威力传动,58.49,-1.86,-1.11,0.1,3.97,0.69,4.25,0.51亿,0.22亿,12.86亿,198.33
2337,3438,688318,财富趋势,196.79,-0.56,-1.11,-0.11,3.94,1.3,7.5,14.49亿,1.83亿,360.01亿,187.49
2338,3439,688385,复旦微电,41.79,-2.59,-1.11,-0.12,2.85,1.09,4.64,6.55亿,5.37亿,224.45亿,60.26
2339,3440,301251,威尔高,38.58,-2.82,-1.12,0.03,34.74,1.46,8.59,7.38亿,0.54亿,20.80亿,82.66
2340,3421,688559,海目星,36.35,-2.73,-1.02,0.11,2.42,0.98,3.67,1.84亿,2.07亿,75.10亿,40.16
2341,3422,838670,恒进感应,17.02,-5.65,-1.02,0.0,9.82,0.66,6.6,1.14亿,0.66亿,11.23亿,178.51
2342,3423,300671,富满微,39.76,-2.52,-1.03,-0.05,5.23,0.62,4.24,4.60亿,2.17亿,86.27亿,--
2343,3424,300827,上能电气,43.33,-2.32,-1.03,0.0,2.71,0.98,4.08,3.07亿,2.60亿,112.70亿,38.71
2344,3425,688228,开普云,48.03,-2.1,-1.03,-0.15,3.42,0.88,3.49,1.12亿,0.68亿,32.43亿,--
2345,3426,300739,明阳电路,17.34,-5.66,-1.04,0.0,13.79,0.9,7.24,8.24亿,3.34亿,57.85亿,129.08
2346,3427,301289,国缆检测,52.64,-1.96,-1.05,0.02,12.24,1.09,4.1,1.65亿,0.25亿,13.34亿,57.01
2347,3428,688303,大全能源,24.85,-4.05,-1.05,0.0,1.93,0.95,4.63,2.70亿,5.53亿,137.35亿,--
2348,3429,688601,力芯微,44.64,-2.3,-1.05,0.0,3.94,1.2,5.08,2.40亿,1.34亿,59.68亿,44.55
2349,3430,688691,灿芯股份,82.82,-1.26,-1.06,-0.07,20.29,0.77,13.23,4.45亿,0.26亿,21.12亿,90.94
2350,3501,688099,晶晨股份,75.56,-2.0,-1.54,-0.12,3.21,0.96,4.75,10.39亿,4.19亿,316.40亿,39.96
2351,3502,688631,莱斯信息,91.71,-1.65,-1.54,0.0,5.1,0.9,5.38,2.92亿,0.61亿,56.16亿,721.83
2352,3503,688652,京仪装备,53.15,-2.83,-1.55,0.0,3.03,0.97,4.08,1.68亿,1.02亿,54.32亿,51.60
2353,3504,836699,海达尔,40.89,-3.65,-1.55,0.0,5.67,0.94,5.0,0.49亿,0.21亿,8.54亿,25.87
2354,3505,688591,泰凌微,32.79,-4.54,-1.56,-0.03,6.97,0.75,7.69,3.87亿,1.63亿,53.52亿,91.83
2355,3506,300709,精研科技,41.48,-3.67,-1.58,0.02,9.83,1.54,4.85,6.21亿,1.49亿,61.76亿,58.12
2356,3507,688141,杰华特,31.93,-4.71,-1.58,0.0,7.99,0.77,5.52,6.88亿,2.64亿,84.28亿,--
2357,3508,301371,敷尔佳,39.01,-3.92,-1.59,-0.08,7.4,0.8,4.68,1.71亿,0.59亿,22.86亿,22.79
2358,3509,688123,聚辰股份,63.29,-2.45,-1.59,-0.08,7.03,1.58,6.77,7.29亿,1.57亿,99.63亿,35.35
2359,3510,688661,和林微纳,36.82,-4.14,-1.59,-0.03,1.88,0.88,4.4,0.82亿,1.17亿,42.95亿,--
2360,3491,300223,北京君正,73.29,-1.95,-1.46,0.03,4.36,0.91,4.67,13.73亿,4.20亿,307.52亿,86.95
2361,3492,688234,天岳先进,54.9,-2.59,-1.46,-0.04,2.64,1.38,3.46,3.90亿,2.64亿,145.14亿,123.70
2362,3493,688312,燕麦科技,31.93,-4.46,-1.49,0.03,1.84,1.41,6.58,0.87亿,1.45亿,46.25亿,50.39
2363,3494,301517,陕西华达,58.59,-2.5,-1.5,0.02,12.1,1.23,3.25,3.03亿,0.42亿,24.89亿,139.13
2364,3495,688507,索辰科技,57.7,-2.53,-1.5,-0.21,2.75,1.12,4.16,0.79亿,0.49亿,28.02亿,--
2365,3496,688362,甬矽电子,35.77,-4.05,-1.51,-0.31,3.36,0.56,5.5,3.43亿,2.79亿,99.65亿,258.40
2366,3497,300892,品渥食品,33.65,-4.32,-1.52,0.0,6.99,0.9,4.69,1.55亿,0.65亿,21.73亿,--
2367,3498,688165,埃夫特,26.35,-5.45,-1.52,0.04,7.66,0.8,8.68,10.82亿,5.22亿,137.49亿,--
2368,3499,688582,芯动联科,53.14,-2.8,-1.53,-0.06,2.5,0.97,4.1,3.31亿,2.44亿,129.49亿,115.63
2369,3500,300623,捷捷微电,36.8,-4.02,-1.54,-0.03,4.97,0.88,4.77,13.30亿,7.12亿,262.01亿,69.04
2370,3511,300896,爱美客,201.7,-0.79,-1.6,-0.02,1.08,1.2,1.48,4.56亿,2.09亿,420.78亿,28.87
2371,3512,301237,和顺科技,25.3,-5.95,-1.6,-0.39,5.45,0.75,9.78,0.55亿,0.38亿,9.62亿,--
2372,3513,002938,鹏鼎控股,37.09,-4.16,-1.61,-0.3,0.71,1.2,3.23,6.19亿,23.05亿,855.11亿,32.67
2373,3514,000977,浪潮信息,53.43,-2.94,-1.62,-0.02,8.37,0.78,5.14,66.65亿,14.70亿,785.62亿,45.58
2374,3515,300672,国科微,71.38,-2.22,-1.62,0.0,5.18,0.93,4.26,7.93亿,2.10亿,149.97亿,166.01
2375,3516,301086,鸿富瀚,54.26,-2.9,-1.62,0.02,11.09,1.4,3.85,1.96亿,0.32亿,17.63亿,33.29
2376,3517,301577,美信科技,62.8,-2.53,-1.63,-0.02,11.3,0.72,4.04,0.80亿,0.11亿,6.97亿,137.90
2377,3518,871981,晶赛科技,28.76,-5.36,-1.63,0.0,5.38,1.03,6.45,0.59亿,0.37亿,10.65亿,193.98
2378,3519,603777,来伊份,14.81,-9.97,-1.64,0.0,4.77,0.36,2.98,2.38亿,3.35亿,49.68亿,--
2379,3520,688535,华海诚科,81.85,-1.96,-1.64,-0.79,11.75,1.48,6.11,4.78亿,0.49亿,40.13亿,141.87
2380,3471,832662,方盛股份,21.45,-5.55,-1.26,0.0,33.87,1.25,9.29,1.86亿,0.25亿,5.27亿,57.26
2381,3472,688726,拉普拉斯,47.61,-2.64,-1.29,-0.29,7.12,1.19,3.89,1.16亿,0.34亿,16.06亿,25.12
2382,3473,300814,中富电路,34.1,-3.67,-1.3,0.12,4.98,0.89,3.5,3.02亿,1.76亿,59.95亿,144.24
2383,3474,603662,柯力传感,67.2,-1.9,-1.3,0.02,6.76,0.58,3.44,12.91亿,2.81亿,188.72亿,74.47
2384,3475,688449,联芸科技,43.75,-2.89,-1.3,0.14,17.44,0.74,5.64,5.06亿,0.65亿,28.48亿,206.24
2385,3476,688025,杰普特,48.97,-2.64,-1.33,-0.27,1.9,1.36,4.12,0.90亿,0.95亿,46.55亿,33.8
2386,3477,833533,骏创科技,24.08,-5.27,-1.34,0.0,10.45,1.32,6.06,0.98亿,0.38亿,9.14亿,40.49
2387,3478,301202,朗威股份,38.53,-3.38,-1.35,0.08,23.07,0.89,3.64,3.32亿,0.37亿,14.33亿,70.91
2388,3479,301606,绿联科技,40.4,-3.26,-1.36,-0.17,17.25,0.8,6.2,2.23亿,0.31亿,12.61亿,39.07
2389,3480,430425,乐创技术,20.0,-6.37,-1.36,0.0,8.04,0.97,7.3,0.68亿,0.41亿,8.13亿,54.24
2390,2571,688105,诺唯赞,23.04,-0.26,-0.06,0.92,0.24,0.98,2.08,0.23亿,4.01亿,92.49亿,382.72
2391,2572,688291,金橙子,20.0,-0.3,-0.06,0.0,1.51,0.52,2.59,0.10亿,0.34亿,6.73亿,56.04
2392,2573,688345,博力威,18.92,-0.32,-0.06,-0.11,0.29,0.49,2.95,0.06亿,1.00亿,18.92亿,--
2393,2574,688443,智翔金泰,26.31,-0.23,-0.06,-0.04,0.62,0.65,2.12,0.19亿,1.14亿,30.00亿,--
2394,2575,688472,阿特斯,12.18,-0.49,-0.06,0.0,1.2,0.83,2.04,2.03亿,13.82亿,168.32亿,17.23
2395,2576,688590,新致软件,17.65,-0.34,-0.06,-0.11,4.3,0.61,4.52,2.04亿,2.65亿,46.81亿,109.73
2396,2577,871396,常辅股份,16.95,-0.35,-0.06,0.0,2.27,1.22,5.23,0.16亿,0.42亿,7.12亿,30.44
2397,2578,872541,铁大科技,12.15,-0.49,-0.06,0.0,2.18,0.43,2.7,0.24亿,0.90亿,10.94亿,51.10
2398,2579,000792,盐湖股份,16.4,-0.42,-0.07,-0.18,0.47,0.88,1.34,4.21亿,54.33亿,890.98亿,21.27
2399,2580,002508,老板电器,21.6,-0.32,-0.07,0.0,0.54,0.81,2.03,1.08亿,9.32亿,201.28亿,12.72
2400,2521,300525,博思软件,16.28,-0.31,-0.05,0.0,1.39,0.81,2.82,1.40亿,6.17亿,100.51亿,264.69
2401,2522,301052,果麦文化,26.88,-0.19,-0.05,0.22,5.78,0.77,3.19,1.26亿,0.80亿,21.56亿,93.94
2402,2523,301168,通灵股份,28.06,-0.18,-0.05,-0.25,1.88,0.65,1.49,0.26亿,0.50亿,13.93亿,35.65
2403,2524,430489,佳先股份,17.71,-0.28,-0.05,0.0,5.92,0.68,4.84,0.91亿,0.86亿,15.18亿,92.09
2404,2525,600158,中体产业,8.61,-0.58,-0.05,0.0,2.85,0.61,3.12,2.37亿,9.60亿,82.61亿,267.50
2405,2526,600288,大恒科技,9.35,-0.53,-0.05,0.0,5.66,0.97,4.89,2.34亿,4.37亿,40.84亿,--
2406,2527,600667,太极实业,7.44,-0.67,-0.05,0.0,1.98,0.57,2.4,3.14亿,21.06亿,156.70亿,22.90
2407,2528,600811,东方集团,2.35,-2.08,-0.05,-0.42,6.98,0.86,7.5,6.04亿,36.59亿,85.98亿,49.13
2408,2529,601059,信达证券,16.06,-0.31,-0.05,0.0,7.29,1.45,2.85,8.12亿,6.92亿,111.07亿,44.11
2409,2530,601101,昊华能源,8.34,-0.6,-0.05,-0.12,0.7,0.78,1.43,0.84亿,14.40亿,120.10亿,8.05
2410,2561,600686,金龙汽车,15.4,-0.39,-0.06,0.0,8.89,1.03,3.88,9.85亿,7.17亿,110.42亿,108.41
2411,2562,600741,华域汽车,17.81,-0.34,-0.06,-0.11,0.79,1.64,3.92,4.38亿,31.53亿,561.50亿,9.41
2412,2563,600919,江苏银行,9.71,-0.61,-0.06,0.1,0.71,1.09,2.76,12.60亿,183.51亿,1781.91亿,4.73
2413,2564,600988,赤峰黄金,16.01,-0.37,-0.06,0.0,1.27,0.77,1.68,3.39亿,16.64亿,266.39亿,18.08
2414,2565,601009,南京银行,10.62,-0.56,-0.06,0.0,0.45,1.02,2.06,4.75亿,99.02亿,1051.57亿,5.27
2415,2566,601728,中国电信,7.17,-0.83,-0.06,0.0,0.51,0.85,2.21,7.34亿,202.53亿,1452.12亿,16.8
2416,2567,601939,建设银行,8.77,-0.68,-0.06,0.0,1.5,1.19,2.83,12.50亿,95.94亿,841.36亿,6.43
2417,2568,603118,共进股份,9.01,-0.66,-0.06,0.11,4.3,0.83,3.75,3.06亿,7.87亿,70.93亿,388.39
2418,2569,603225,新凤鸣,11.28,-0.53,-0.06,-0.09,1.06,1.15,2.47,1.81亿,15.12亿,170.53亿,17.3
2419,2570,603927,中科软,22.78,-0.26,-0.06,-0.04,1.18,0.98,2.76,2.25亿,8.31亿,189.31亿,49.0
2420,2591,603888,新华网,23.55,-0.3,-0.07,0.0,1.36,0.88,3.13,1.67亿,5.19亿,122.23亿,58.83
2421,2592,603908,牧高笛,22.55,-0.31,-0.07,0.18,2.13,0.84,1.81,0.45亿,0.93亿,21.05亿,17.09
2422,2593,603936,博敏电子,9.12,-0.76,-0.07,0.22,6.64,1.43,3.37,3.86亿,6.30亿,57.49亿,84.61
2423,2594,605589,圣泉集团,23.98,-0.29,-0.07,-0.04,0.85,0.73,1.62,1.59亿,7.79亿,186.70亿,26.22
2424,2595,688201,信安世纪,9.45,-0.73,-0.07,0.0,1.59,0.7,3.05,0.46亿,3.03亿,28.59亿,--
2425,2596,688399,硕世生物,66.9,-0.1,-0.07,-0.09,0.65,0.76,2.08,0.25亿,0.57亿,37.91亿,104.87
2426,2597,688478,晶升股份,31.08,-0.23,-0.07,-0.06,1.79,0.91,4.04,0.58亿,1.02亿,31.71亿,59.31
2427,2598,832225,利通科技,10.8,-0.64,-0.07,0.0,2.13,0.75,3.04,0.16亿,0.68亿,7.37亿,14.94
2428,2599,833509,同惠电子,15.38,-0.45,-0.07,0.0,2.16,0.53,4.85,0.28亿,0.82亿,12.68亿,67.40
2429,2600,835985,海泰新能,10.47,-0.66,-0.07,0.0,2.69,0.5,2.47,0.38亿,1.34亿,14.08亿,14.89
2430,2541,002121,科陆电子,4.69,-1.26,-0.06,-0.21,2.3,0.58,3.58,1.54亿,14.00亿,65.66亿,--
2431,2542,002158,汉钟精机,19.25,-0.31,-0.06,0.05,0.97,1.02,1.45,1.00亿,5.34亿,102.72亿,10.70
2432,2543,002192,融捷股份,33.27,-0.18,-0.06,-0.06,1.59,1.08,1.65,1.38亿,2.59亿,86.21亿,35.45
2433,2544,002218,拓日新能,3.76,-1.57,-0.06,-0.53,5.65,1.69,3.67,2.98亿,13.92亿,52.35亿,128.66
2434,2545,002246,北化股份,10.68,-0.56,-0.06,0.0,1.75,0.68,3.07,1.03亿,5.49亿,58.64亿,--
2435,2546,002373,千方科技,10.66,-0.56,-0.06,0.19,1.64,0.77,2.71,2.44亿,13.78亿,146.85亿,801.70
2436,2547,002460,赣锋锂业,35.96,-0.17,-0.06,-0.03,1.57,0.91,2.39,6.85亿,12.09亿,434.66亿,--
2437,2548,002572,索菲亚,17.33,-0.34,-0.06,-0.06,1.12,0.74,2.93,1.28亿,6.51亿,112.90亿,13.58
2438,2549,002782,可立克,13.51,-0.44,-0.06,-0.07,7.36,1.86,4.72,4.92亿,4.91亿,66.34亿,32.78
2439,2550,300122,智飞生物,27.93,-0.21,-0.06,-0.04,0.94,0.98,1.36,3.73亿,14.14亿,395.02亿,23.32
2440,2531,601169,北京银行,6.15,-0.81,-0.05,0.16,0.53,0.95,3.39,6.90亿,211.43亿,1300.29亿,4.73
2441,2532,601857,中国石油,8.92,-0.56,-0.05,0.0,0.09,0.72,2.9,12.91亿,1619.22亿,14443.40亿,9.24
2442,2533,601882,海天精工,21.41,-0.23,-0.05,0.0,0.32,0.7,1.54,0.36亿,5.22亿,111.76亿,20.76
2443,2534,603919,金徽酒,20.0,-0.25,-0.05,0.0,0.65,1.11,1.4,0.65亿,5.07亿,101.45亿,22.85
2444,2535,688127,蓝特光学,27.45,-0.18,-0.05,0.04,2.71,0.7,5.53,3.00亿,4.03亿,110.68亿,51.37
2445,2536,688387,信科移动,6.16,-0.81,-0.05,-0.16,1.16,0.79,2.74,1.00亿,13.79亿,84.93亿,--
2446,2537,688551,科威尔,29.58,-0.17,-0.05,0.1,0.69,0.9,2.23,0.17亿,0.84亿,24.85亿,36.09
2447,2538,000657,中钨高新,9.68,-0.62,-0.06,0.0,1.17,0.95,1.95,1.42亿,12.47亿,120.74亿,49.18
2448,2539,000766,通化金马,15.17,-0.39,-0.06,0.07,1.0,0.71,2.43,1.48亿,9.66亿,146.54亿,459.64
2449,2540,001896,豫能控股,4.61,-1.28,-0.06,-0.22,3.12,0.63,2.78,1.91亿,13.21亿,60.89亿,--
2450,2621,603035,常熟汽饰,14.79,-0.54,-0.08,-0.07,1.36,0.62,0.87,0.77亿,3.80亿,56.21亿,10.94
2451,2622,603128,华贸物流,6.96,-1.14,-0.08,0.14,3.12,0.64,3.27,2.88亿,13.09亿,91.11亿,14.47
2452,2623,603228,景旺电子,29.32,-0.27,-0.08,-0.03,7.36,2.84,5.14,19.98亿,9.21亿,269.92亿,22.67
2453,2624,688277,天智航,10.66,-0.74,-0.08,0.09,0.64,0.69,3.35,0.31亿,4.49亿,47.91亿,--
2454,2625,688379,华光新材,20.95,-0.38,-0.08,0.0,1.18,0.83,2.28,0.22亿,0.89亿,18.74亿,17.87
2455,2626,688548,广钢气体,10.55,-0.75,-0.08,-0.1,1.46,0.39,3.1,0.89亿,5.70亿,60.17亿,57.58
2456,2627,688623,双元科技,56.6,-0.14,-0.08,0.16,0.86,0.92,1.71,0.09亿,0.19亿,10.56亿,36.27
2457,2628,688718,唯赛勃,10.43,-0.76,-0.08,0.0,0.32,0.48,2.09,0.06亿,1.74亿,18.12亿,45.68
2458,2629,836504,博迅生物,18.57,-0.43,-0.08,0.0,5.57,0.57,2.79,0.13亿,0.13亿,2.35亿,73.82
2459,2630,000636,风华高科,14.86,-0.6,-0.09,0.0,1.63,1.14,2.48,2.82亿,11.57亿,171.93亿,48.57
2460,3411,688258,卓易信息,35.5,-2.66,-0.97,-0.25,1.74,0.86,4.83,0.76亿,1.21亿,43.01亿,160.56
2461,3412,833346,威贸电子,24.17,-3.94,-0.99,0.0,9.13,0.92,7.95,0.62亿,0.27亿,6.54亿,47.79
2462,3413,873122,中纺标,52.02,-1.87,-0.99,0.0,3.02,0.69,2.96,0.54亿,0.34亿,17.73亿,192.04
2463,3414,001309,德明利,92.07,-1.07,-1.0,-0.03,8.94,1.14,5.37,7.40亿,0.88亿,80.69亿,24.36
2464,3415,688325,赛微微电,53.4,-1.84,-1.0,-0.15,4.13,0.92,4.38,0.86亿,0.38亿,20.45亿,56.64
2465,3416,002947,恒铭达,34.36,-2.86,-1.01,-0.12,2.97,1.14,2.6,1.67亿,1.62亿,55.60亿,21.24
2466,3417,300347,泰格医药,55.79,-1.78,-1.01,0.0,1.88,1.32,2.64,5.96亿,5.67亿,316.54亿,44.49
2467,3418,301603,乔锋智能,45.47,-2.17,-1.01,0.15,10.55,0.99,2.5,1.11亿,0.23亿,10.43亿,27.32
2468,3419,603005,晶方科技,29.23,-3.34,-1.01,0.0,8.77,0.95,5.19,17.15亿,6.52亿,190.63亿,77.51
2469,3420,688261,东微半导,46.03,-2.17,-1.02,-0.11,3.14,1.03,4.21,1.22亿,0.83亿,37.98亿,138.07
2470,2441,002115,三维通信,7.29,-0.41,-0.03,0.0,12.42,0.51,3.42,6.88亿,7.52亿,54.84亿,--
2471,2442,002138,顺络电子,32.67,-0.09,-0.03,0.06,1.3,0.9,2.11,3.23亿,7.57亿,247.15亿,31.66
2472,2443,002212,天融信,6.88,-0.43,-0.03,-0.29,2.67,0.63,3.62,2.17亿,11.67亿,80.32亿,--
2473,2444,002531,天顺风能,8.04,-0.37,-0.03,-0.12,1.07,0.66,1.36,1.54亿,17.87亿,143.66亿,37.15
2474,2445,002534,西子洁能,11.46,-0.26,-0.03,-0.09,0.53,0.95,1.22,0.45亿,7.31亿,83.75亿,15.01
2475,2446,002881,美格智能,29.22,-0.1,-0.03,0.0,7.72,1.47,4.03,4.12亿,1.81亿,52.91亿,62.80
2476,2447,300014,亿纬锂能,47.03,-0.06,-0.03,-0.11,1.43,1.12,3.93,12.65亿,18.61亿,875.43亿,22.63
2477,2448,300079,数码视讯,5.69,-0.53,-0.03,-0.18,2.47,0.75,3.15,1.83亿,12.81亿,72.92亿,273.01
2478,2449,300398,飞凯材料,16.58,-0.18,-0.03,-0.06,2.0,0.86,2.83,1.76亿,5.27亿,87.35亿,32.03
2479,2450,300624,万兴科技,67.6,-0.04,-0.03,0.02,6.5,0.7,4.04,7.54亿,1.71亿,115.75亿,--
2480,3461,688083,中望软件,88.74,-1.36,-1.22,0.06,1.52,0.93,2.89,1.64亿,1.21亿,107.64亿,749.74
2481,3462,002025,航天电器,51.27,-2.34,-1.23,0.12,1.71,1.57,4.76,4.02亿,4.53亿,232.03亿,42.66
2482,3463,601689,拓普集团,51.03,-2.35,-1.23,0.0,0.94,0.93,2.83,8.18亿,16.86亿,860.38亿,28.88
2483,3464,603803,瑞斯康达,11.36,-9.84,-1.24,-0.26,29.8,1.4,12.46,14.92亿,4.25亿,48.27亿,--
2484,3465,301622,英思特,67.25,-1.82,-1.25,0.06,15.68,0.85,2.22,2.92亿,0.27亿,18.49亿,42.52
2485,3466,835174,五新隧装,31.34,-3.84,-1.25,0.0,4.69,0.71,4.08,1.28亿,0.87亿,27.17亿,22.52
2486,3467,300046,台基股份,40.79,-3.0,-1.26,0.0,12.01,0.73,5.4,11.85亿,2.37亿,96.48亿,390.08
2487,3468,301325,曼恩斯特,54.52,-2.26,-1.26,0.0,31.49,6.31,17.91,10.78亿,0.58亿,31.56亿,91.71
2488,3469,688003,天准科技,44.93,-2.73,-1.26,-0.16,1.73,0.56,5.39,1.54亿,1.94亿,86.98亿,--
2489,3470,831175,派诺科技,17.79,-6.61,-1.26,0.0,22.75,2.16,13.33,2.13亿,0.50亿,8.89亿,265.52
2490,3521,834765,美之高,25.0,-6.19,-1.65,0.0,7.02,0.66,10.69,0.78亿,0.44亿,11.00亿,80.04
2491,3522,688656,浩欧博,97.9,-1.68,-1.67,0.07,1.61,0.76,4.18,1.01亿,0.63亿,61.73亿,174.31
2492,3523,688278,特宝生物,72.32,-2.27,-1.68,-0.04,0.38,0.77,2.63,1.12亿,4.07亿,294.20亿,39.82
2493,3524,301095,广立微,56.4,-2.91,-1.69,0.0,3.9,0.82,3.96,2.40亿,1.07亿,60.54亿,1098.86
2494,3525,301552,科力装备,58.0,-2.83,-1.69,-0.03,12.31,0.82,4.12,0.99亿,0.14亿,7.96亿,25.73
2495,3526,688032,禾迈股份,116.6,-1.43,-1.69,0.05,0.86,0.85,2.27,1.25亿,1.24亿,144.31亿,44.18
2496,3527,688120,华海清科,168.34,-0.99,-1.69,-0.02,2.0,0.81,4.16,5.80亿,1.70亿,286.13亿,41.47
2497,3528,688698,伟创电气,44.88,-3.65,-1.7,0.09,3.6,1.09,5.04,3.44亿,2.11亿,94.87亿,33.81
2498,3529,002897,意华股份,45.14,-3.65,-1.71,0.0,12.1,1.1,2.92,9.94亿,1.80亿,81.16亿,28.35
2499,3530,872190,雷神科技,26.91,-5.97,-1.71,0.0,16.46,1.23,15.34,4.71亿,0.99亿,26.55亿,111.12
2500,3451,688503,聚和材料,47.07,-2.38,-1.15,0.06,3.29,0.69,3.53,2.81亿,1.81亿,85.04亿,20.29
2501,3452,301633,港迪技术,88.79,-1.29,-1.16,0.1,6.64,0.81,2.73,0.83亿,0.14亿,12.36亿,63.89
2502,3453,301255,通力科技,34.4,-3.32,-1.18,-0.12,7.65,1.0,4.16,0.73亿,0.27亿,9.36亿,64.33
2503,3454,688153,唯捷创芯,36.0,-3.17,-1.18,-0.17,3.24,0.78,4.89,1.36亿,1.14亿,40.95亿,--
2504,3455,300641,正丹股份,24.06,-4.75,-1.2,0.0,5.97,0.83,4.91,7.76亿,5.32亿,128.09亿,11.65
2505,3456,300759,康龙化成,26.03,-4.41,-1.2,-0.04,2.24,2.3,2.94,8.33亿,14.19亿,369.36亿,24.41
2506,3457,688717,艾罗能源,48.24,-2.43,-1.2,0.02,4.7,1.58,3.2,0.73亿,0.32亿,15.44亿,36.07
2507,3458,601100,恒立液压,52.99,-2.23,-1.21,0.0,0.8,1.33,2.69,5.69亿,13.41亿,710.50亿,29.75
2508,3459,688793,倍轻松,32.94,-3.54,-1.21,0.0,2.78,0.51,4.13,0.80亿,0.86亿,28.31亿,162.09
2509,3460,000628,高新发展,63.65,-1.88,-1.22,0.0,8.14,0.86,2.85,10.05亿,1.92亿,122.26亿,139.62
2510,2191,300088,长信科技,6.77,0.15,0.01,0.0,2.21,1.0,3.55,3.69亿,24.43亿,165.37亿,42.55
2511,2192,300142,沃森生物,12.6,0.08,0.01,0.0,1.24,1.09,2.22,2.45亿,15.60亿,196.53亿,58.96
2512,2193,300147,香雪制药,10.44,0.1,0.01,0.0,4.44,0.83,4.41,3.07亿,6.57亿,68.64亿,--
2513,2194,300253,卫宁健康,7.43,0.14,0.01,-0.13,1.2,0.73,2.56,1.70亿,18.87亿,140.22亿,78.79
2514,2195,300278,华昌达,6.83,0.15,0.01,0.0,5.17,0.81,4.99,4.96亿,13.90亿,94.94亿,93.86
2515,2196,300925,法本信息,23.36,0.04,0.01,0.0,4.19,0.59,3.21,3.27亿,3.31亿,77.22亿,68.33
2516,2197,301013,利和兴,12.41,0.08,0.01,0.08,4.48,1.21,3.39,1.07亿,1.89亿,23.48亿,141.97
2517,2198,301238,瑞泰新材,16.38,0.06,0.01,-0.12,1.93,0.97,2.2,0.68亿,2.13亿,34.94亿,60.26
2518,2199,301239,普瑞眼科,46.8,0.02,0.01,-0.06,2.1,0.72,3.85,0.70亿,0.71亿,33.13亿,331.52
2519,2200,301505,苏州规划,25.6,0.04,0.01,0.04,2.18,0.71,1.76,0.33亿,0.58亿,14.89亿,101.60
2520,2611,300978,东箭科技,11.31,-0.7,-0.08,0.0,1.94,0.76,2.19,0.42亿,1.89亿,21.37亿,26.51
2521,2612,301339,通行宝,20.3,-0.39,-0.08,-0.05,2.93,0.71,1.86,0.72亿,1.20亿,24.37亿,37.77
2522,2613,301376,致欧科技,19.9,-0.4,-0.08,0.05,0.67,0.6,2.45,0.26亿,1.93亿,38.37亿,21.59
2523,2614,301558,三态股份,9.28,-0.85,-0.08,0.0,6.42,0.64,2.56,1.32亿,2.20亿,20.40亿,127.67
2524,2615,600188,兖矿能源,14.0,-0.57,-0.08,0.0,0.35,0.64,1.06,2.93亿,58.87亿,824.20亿,9.24
2525,2616,600732,爱旭股份,11.24,-0.71,-0.08,-0.09,2.46,0.66,2.56,4.45亿,15.97亿,179.54亿,--
2526,2617,601567,三星医疗,31.45,-0.25,-0.08,0.0,0.31,0.65,1.21,1.36亿,14.03亿,441.25亿,18.33
2527,2618,601600,中国铝业,7.28,-1.09,-0.08,-0.14,0.85,1.28,2.45,8.17亿,131.23亿,955.36亿,10.39
2528,2619,601789,宁波建工,4.64,-1.7,-0.08,0.0,8.58,1.53,5.51,4.42亿,10.87亿,50.43亿,17.23
2529,2620,603033,三维股份,12.27,-0.65,-0.08,-0.08,0.42,0.98,2.19,0.52亿,10.13亿,124.24亿,175.96
2530,1031,603330,天洋新材,7.11,2.01,0.14,0.0,3.28,0.72,3.59,1.00亿,4.33亿,30.76亿,--
2531,1032,603399,永杉锂业,9.16,1.55,0.14,0.0,2.21,0.61,3.44,1.04亿,5.12亿,46.93亿,69.81
2532,1033,603568,伟明环保,21.44,0.66,0.14,0.09,0.2,0.94,1.17,0.72亿,16.98亿,364.13亿,12.99
2533,1034,603799,华友钴业,30.07,0.47,0.14,0.0,1.3,0.9,2.67,6.62亿,16.86亿,507.08亿,12.67
2534,1035,688069,德林海,15.52,0.91,0.14,0.0,0.28,0.59,3.06,0.05亿,1.13亿,17.54亿,46.65
2535,1036,688078,龙软科技,27.76,0.51,0.14,0.07,0.84,0.67,2.25,0.17亿,0.73亿,20.24亿,30.94
2536,1037,688301,奕瑞科技,95.05,0.15,0.14,-0.05,0.61,0.71,2.49,0.84亿,1.43亿,135.98亿,26.14
2537,1038,688450,光格科技,22.34,0.63,0.14,-0.09,1.38,0.65,3.42,0.12亿,0.37亿,8.35亿,--
2538,1039,688466,金科环境,13.89,1.02,0.14,0.14,0.39,0.72,2.55,0.07亿,1.23亿,17.10亿,28.34
2539,1040,688709,成都华微,33.9,0.41,0.14,0.0,11.32,0.95,6.81,2.97亿,0.77亿,26.14亿,184.09
2540,3481,301018,申菱环境,38.98,-3.4,-1.37,0.0,7.95,0.94,4.73,6.26亿,1.99亿,77.59亿,54.44
2541,3482,688508,芯朋微,45.7,-2.91,-1.37,0.0,2.75,1.06,3.7,1.68亿,1.31亿,60.01亿,58.27
2542,3483,838262,太湖雪,23.34,-5.58,-1.38,0.0,12.73,0.77,7.16,0.77亿,0.25亿,5.94亿,63.08
2543,3484,603596,伯特利,45.68,-2.95,-1.39,0.0,1.2,1.32,3.34,3.33亿,6.05亿,276.50亿,26.71
2544,3485,002241,歌尔股份,26.98,-4.93,-1.4,-0.07,4.93,1.06,4.62,41.71亿,30.69亿,827.96亿,29.99
2545,3486,688290,景业智能,42.4,-3.2,-1.4,0.0,8.42,1.29,9.02,2.26亿,0.61亿,25.79亿,460.22
2546,3487,603194,中力股份,41.67,-3.34,-1.44,0.0,34.46,0.57,5.5,7.24亿,0.50亿,20.76亿,19.29
2547,3488,688595,芯海科技,35.19,-3.93,-1.44,-0.06,2.63,0.88,5.02,1.35亿,1.42亿,50.12亿,--
2548,3489,300973,立高食品,40.66,-3.44,-1.45,-0.1,3.77,1.01,3.99,1.80亿,1.17亿,47.38亿,25.43
2549,3490,688095,福昕软件,68.98,-2.06,-1.45,-0.06,1.91,0.81,3.79,1.23亿,0.91亿,63.08亿,122.32
2550,2681,002617,露笑科技,8.8,-1.24,-0.11,0.0,27.56,1.14,6.73,46.71亿,18.91亿,166.45亿,54.23
2551,2682,300303,聚飞光电,7.22,-1.5,-0.11,0.0,7.21,1.27,3.96,6.99亿,13.18亿,95.19亿,33.38
2552,2683,300563,神宇股份,69.95,-0.16,-0.11,0.2,25.59,0.95,5.67,21.62亿,1.23亿,86.07亿,138.38
2553,2684,300856,科思股份,26.39,-0.41,-0.11,0.04,0.94,0.73,1.93,0.81亿,3.26亿,86.06亿,13.08
2554,2685,300945,曼卡龙,11.37,-0.96,-0.11,-0.35,3.52,0.48,2.09,0.96亿,2.38亿,27.08亿,28.98
2555,2686,301021,英诺激光,27.31,-0.4,-0.11,0.0,2.36,0.47,4.19,0.99亿,1.51亿,41.37亿,3603.10
2556,2687,301219,腾远钴业,47.42,-0.23,-0.11,0.0,1.33,1.03,1.92,1.06亿,1.68亿,79.61亿,16.98
2557,2688,301268,铭利达,17.45,-0.63,-0.11,0.12,0.85,0.72,2.56,0.27亿,1.80亿,31.41亿,--
2558,2689,301333,诺思格,50.67,-0.22,-0.11,0.04,0.98,1.0,4.16,0.29亿,0.57亿,29.04亿,43.48
2559,2690,301469,恒达新材,24.35,-0.45,-0.11,-0.08,2.43,0.61,2.08,0.20亿,0.34亿,8.34亿,30.75
2560,2641,301000,肇民科技,26.3,-0.34,-0.09,0.0,6.57,0.94,3.94,3.96亿,2.29亿,60.11亿,45.49
2561,2642,301135,瑞德智能,24.59,-0.36,-0.09,-0.04,2.21,0.67,2.07,0.27亿,0.49亿,12.16亿,86.70
2562,2643,600309,万华化学,72.99,-0.12,-0.09,0.0,0.53,1.08,1.07,12.13亿,31.40亿,2291.70亿,15.49
2563,2644,600315,上海家化,17.58,-0.51,-0.09,0.0,0.71,0.71,1.53,0.84亿,6.72亿,118.18亿,54.48
2564,2645,601198,东兴证券,11.74,-0.76,-0.09,0.0,1.81,1.39,2.62,6.92亿,32.32亿,379.49亿,30.18
2565,2646,603733,仙鹤股份,20.72,-0.43,-0.09,0.0,1.79,1.42,3.36,2.61亿,7.06亿,146.28亿,13.43
2566,2647,605358,立昂微,26.13,-0.34,-0.09,0.0,1.47,1.33,3.81,2.62亿,6.71亿,175.43亿,--
2567,2648,688106,金宏气体,17.56,-0.51,-0.09,-0.06,0.81,0.97,1.7,0.69亿,4.82亿,84.63亿,30.16
2568,2649,688395,正弦电气,17.73,-0.51,-0.09,-0.39,0.61,0.94,2.64,0.09亿,0.87亿,15.35亿,37.55
2569,2650,834415,恒拓开源,17.11,-0.52,-0.09,0.0,6.31,1.13,5.81,1.16亿,1.06亿,18.14亿,177.31
2570,3571,300442,润泽科技,54.5,-4.1,-2.33,0.02,10.07,0.73,5.3,34.13亿,6.14亿,334.75亿,46.48
2571,3572,300953,震裕科技,74.37,-3.06,-2.35,-0.04,2.73,0.92,3.85,1.44亿,0.70亿,52.15亿,33.94
2572,3573,301592,六九一二,161.85,-1.43,-2.35,0.0,10.46,1.08,5.7,3.02亿,0.17亿,28.32亿,723.43
2573,3574,688408,中信博,69.13,-3.31,-2.37,-0.25,1.74,1.54,3.96,2.44亿,2.02亿,139.91亿,26.52
2574,3575,688521,芯原股份,58.7,-3.88,-2.37,0.41,3.78,0.96,3.83,11.18亿,4.98亿,292.19亿,--
2575,3576,300394,天孚通信,105.6,-2.21,-2.39,0.02,3.69,1.0,3.29,21.70亿,5.53亿,583.76亿,44.93
2576,3577,603283,赛腾股份,71.63,-3.24,-2.4,-0.1,4.08,1.16,3.82,5.78亿,1.95亿,139.68亿,22.65
2577,3578,300992,泰福泵业,26.76,-8.29,-2.42,0.08,7.25,0.92,8.84,1.54亿,0.77亿,20.63亿,97.86
2578,3579,688230,芯导科技,50.3,-4.64,-2.45,0.0,7.16,0.96,4.63,1.09亿,0.29亿,14.79亿,53.70
2579,3580,301157,华塑科技,46.46,-5.03,-2.46,-0.13,21.51,0.88,7.77,2.12亿,0.21亿,9.60亿,95.55
2580,3581,301328,维峰电子,46.1,-5.07,-2.46,0.09,22.17,1.11,4.74,3.52亿,0.34亿,15.74亿,55.85
2581,3582,301628,强达电路,83.52,-2.88,-2.48,0.0,12.86,1.15,3.48,2.04亿,0.19亿,15.74亿,59.27
2582,3583,688320,禾川科技,42.3,-5.58,-2.5,0.26,11.18,1.03,9.6,5.10亿,1.06亿,44.66亿,--
2583,3584,301550,斯菱股份,78.26,-3.14,-2.54,0.0,7.47,0.77,7.43,3.27亿,0.55亿,42.99亿,47.18
2584,3585,301071,力量钻石,34.98,-6.84,-2.57,-0.03,6.98,0.83,5.62,6.50亿,2.60亿,90.78亿,38.60
2585,3586,872808,曙光数创,64.81,-3.84,-2.59,0.0,3.43,0.86,8.75,4.43亿,1.95亿,126.13亿,--
2586,3587,301631,壹连科技,128.7,-1.98,-2.6,-0.26,15.75,1.4,4.62,2.70亿,0.13亿,16.77亿,34.31
2587,3588,300984,金沃股份,43.7,-5.64,-2.61,0.92,7.68,0.72,6.39,1.79亿,0.52亿,22.75亿,127.07
2588,3589,688300,联瑞新材,66.45,-3.79,-2.62,0.05,2.02,0.68,4.97,2.55亿,1.86亿,123.43亿,50.07
2589,3590,688668,鼎通科技,54.67,-4.59,-2.63,0.07,13.71,1.06,4.71,10.50亿,1.39亿,75.84亿,72.61
2590,2661,002937,兴瑞科技,17.61,-0.56,-0.1,0.0,1.21,0.67,1.86,0.64亿,2.97亿,52.26亿,20.44
2591,2662,300118,东方日升,12.5,-0.79,-0.1,-0.24,1.78,0.88,1.59,2.08亿,9.27亿,115.85亿,--
2592,2663,300456,赛微电子,18.47,-0.54,-0.1,-0.05,2.96,0.9,3.55,3.28亿,5.93亿,109.62亿,--
2593,2664,430047,诺思兰德,12.5,-0.79,-0.1,0.0,0.76,0.9,2.86,0.17亿,1.80亿,22.51亿,--
2594,2665,600006,东风股份,7.73,-1.28,-0.1,0.13,4.73,1.6,2.81,7.34亿,20.00亿,154.60亿,--
2595,2666,600546,山煤国际,11.95,-0.83,-0.1,0.0,0.79,1.11,1.08,1.88亿,19.82亿,236.90亿,8.54
2596,2667,600736,苏州高新,6.71,-1.47,-0.1,0.0,5.45,0.79,3.52,4.28亿,11.51亿,77.25亿,24.45
2597,2668,601699,潞安环能,14.38,-0.69,-0.1,0.0,0.51,1.21,1.1,2.21亿,29.91亿,430.17亿,11.53
2598,2669,603939,益丰药房,24.79,-0.4,-0.1,-0.16,0.46,0.85,2.89,1.39亿,12.12亿,300.50亿,20.30
2599,2670,688102,斯瑞新材,9.22,-1.07,-0.1,0.22,2.09,1.18,3.11,0.81亿,4.18亿,38.57亿,64.26
2600,3591,688322,奥比中光,47.33,-5.28,-2.64,0.11,5.27,0.89,6.5,6.55亿,2.57亿,121.67亿,--
2601,3592,688787,海天瑞声,113.9,-2.32,-2.71,0.09,7.23,0.86,8.58,5.11亿,0.60亿,68.71亿,1360.16
2602,3593,301308,江波龙,93.4,-2.87,-2.76,0.0,7.58,0.83,4.17,8.37亿,1.16亿,108.21亿,52.32
2603,3594,301004,嘉益股份,111.51,-2.43,-2.78,-0.17,0.53,0.67,3.25,0.57亿,0.96亿,106.69亿,16.36
2604,3595,688686,奥普特,74.51,-3.61,-2.79,-0.07,1.46,0.98,5.47,1.35亿,1.22亿,91.08亿,51.77
2605,3596,603728,鸣志电器,57.89,-4.66,-2.83,0.0,2.98,0.93,3.84,7.34亿,4.19亿,242.49亿,384.74
2606,3597,688160,步科股份,62.85,-4.34,-2.85,0.16,3.77,0.53,6.01,2.05亿,0.84亿,52.79亿,122.30
2607,3598,688605,先锋精科,79.5,-3.51,-2.89,-0.14,26.72,0.77,9.08,8.40亿,0.38亿,30.25亿,68.92
2608,3599,688627,精智达,79.27,-3.52,-2.89,0.08,3.03,0.89,7.04,1.71亿,0.71亿,56.61亿,108.78
2609,3600,837821,则成电子,35.52,-7.52,-2.89,0.0,8.75,0.97,9.19,1.64亿,0.51亿,18.07亿,127.18
2610,2581,002598,山东章鼓,9.68,-0.72,-0.07,0.0,2.92,0.81,1.85,0.80亿,2.82亿,27.30亿,22.26
2611,2582,002739,万达电影,12.41,-0.56,-0.07,-0.08,1.06,0.98,2.56,2.79亿,21.05亿,261.22亿,120.24
2612,2583,002960,青鸟消防,12.1,-0.57,-0.07,0.17,1.26,0.71,1.89,0.95亿,6.20亿,75.01亿,20.14
2613,2584,300145,中金环境,3.94,-1.75,-0.07,0.0,8.97,1.2,6.73,6.89亿,19.05亿,75.04亿,22.54
2614,2585,301138,华研精机,27.61,-0.25,-0.07,-0.04,1.4,0.59,2.31,0.27亿,0.69亿,18.93亿,46.03
2615,2586,301148,嘉戎技术,18.66,-0.37,-0.07,-0.16,2.66,0.85,1.98,0.19亿,0.38亿,7.18亿,31.05
2616,2587,301188,力诺药包,15.27,-0.46,-0.07,0.26,1.43,0.72,2.87,0.51亿,2.32亿,35.50亿,37.78
2617,2588,600031,三一重工,16.63,-0.42,-0.07,0.0,0.5,0.78,1.14,7.06亿,84.64亿,1407.60亿,21.71
2618,2589,603229,奥翔药业,9.04,-0.77,-0.07,0.0,0.96,0.42,2.09,0.73亿,8.30亿,75.06亿,24.58
2619,2590,603317,天味食品,13.54,-0.51,-0.07,0.15,0.46,0.79,1.84,0.66亿,10.65亿,144.17亿,25.01
2620,2651,920128,胜业电气,30.2,-0.3,-0.09,0.0,6.0,0.66,1.75,0.31亿,0.17亿,5.16亿,47.87
2621,2652,002156,通富微电,30.8,-0.32,-0.1,0.0,8.78,1.5,4.47,41.51亿,15.17亿,467.37亿,63.45
2622,2653,002273,水晶光电,22.55,-0.44,-0.1,-0.04,4.67,0.93,4.5,14.55亿,13.58亿,306.21亿,27.3
2623,2654,002351,漫步者,18.21,-0.55,-0.1,0.0,7.01,0.94,4.32,6.78亿,5.21亿,94.88亿,35.9
2624,2655,002463,沪电股份,41.02,-0.24,-0.1,0.02,2.48,1.21,3.16,19.58亿,19.17亿,786.32亿,31.93
2625,2656,002488,金固股份,10.25,-0.97,-0.1,-0.2,1.1,0.66,3.0,1.05亿,9.13亿,93.60亿,236.4
2626,2657,002491,通鼎互联,5.35,-1.83,-0.1,-0.19,14.86,2.25,12.11,9.77亿,11.76亿,62.94亿,608.11
2627,2658,002544,普天科技,22.39,-0.45,-0.1,0.0,0.9,0.71,2.45,1.37亿,6.79亿,152.06亿,626.16
2628,2659,002580,圣阳股份,8.5,-1.16,-0.1,0.0,5.63,1.19,2.67,2.18亿,4.52亿,38.45亿,17.4
2629,2660,002703,浙江世宝,11.84,-0.84,-0.1,0.0,1.53,0.8,1.59,1.07亿,5.86亿,69.39亿,65.23
2630,3561,301618,长联科技,90.0,-2.35,-2.17,-0.02,6.7,1.35,3.86,0.98亿,0.16亿,14.50亿,77.53
2631,3562,688016,心脉医疗,115.63,-1.85,-2.18,-0.04,1.2,0.78,2.31,1.72亿,1.23亿,142.53亿,19.32
2632,3563,688326,经纬恒润,86.81,-2.46,-2.19,0.0,1.48,1.16,3.19,1.03亿,0.80亿,69.09亿,--
2633,3564,002851,麦格米特,60.72,-3.5,-2.2,0.0,10.26,0.86,4.55,28.70亿,4.57亿,277.65亿,60.52
2634,3565,688035,德邦科技,40.61,-5.16,-2.21,0.0,8.49,1.93,12.63,3.24亿,0.89亿,36.07亿,71.67
2635,3566,688183,生益电子,41.9,-5.1,-2.25,-0.26,1.32,1.34,7.63,4.69亿,8.32亿,348.53亿,140.14
2636,3567,688220,翱捷科技,55.99,-3.93,-2.29,-0.16,3.62,0.68,5.83,4.68亿,2.25亿,125.76亿,--
2637,3568,603868,飞科电器,44.96,-4.87,-2.3,0.11,0.7,0.77,5.18,1.39亿,4.36亿,195.85亿,31.61
2638,3569,300274,阳光电源,75.68,-2.97,-2.32,0.0,2.22,0.92,3.21,26.83亿,15.90亿,1203.32亿,15.48
2639,3570,873593,鼎智科技,39.24,-5.58,-2.32,0.0,4.33,1.05,5.51,2.00亿,1.15亿,44.96亿,129.26
2640,2631,000719,中原传媒,11.55,-0.77,-0.09,-0.09,1.8,1.1,1.98,1.39亿,6.67亿,77.06亿,17.44
2641,2632,000912,泸天化,4.53,-1.95,-0.09,0.0,1.47,1.39,2.38,1.04亿,15.68亿,71.03亿,42.58
2642,2633,002017,东信和平,11.14,-0.8,-0.09,0.0,2.93,0.71,2.49,1.91亿,5.80亿,64.62亿,40.78
2643,2634,002344,海宁皮城,4.88,-1.81,-0.09,-0.41,4.94,0.82,4.22,3.13亿,12.81亿,62.53亿,65.09
2644,2635,002439,启明星辰,16.55,-0.54,-0.09,0.0,1.66,1.06,2.52,2.00亿,7.24亿,119.85亿,--
2645,2636,300036,超图软件,17.57,-0.51,-0.09,-0.06,1.91,0.79,2.55,1.49亿,4.37亿,76.82亿,246.83
2646,2637,300258,精锻科技,9.29,-0.96,-0.09,0.22,1.64,0.87,2.88,0.71亿,4.67亿,43.35亿,28.92
2647,2638,300310,宜通世纪,7.77,-1.15,-0.09,0.13,8.36,0.82,4.96,4.51亿,6.92亿,53.75亿,211.25
2648,2639,300322,硕贝德,13.87,-0.65,-0.09,0.0,3.88,0.9,3.15,2.44亿,4.45亿,61.74亿,1328.73
2649,2640,300630,普利制药,6.87,-1.29,-0.09,-0.15,7.68,0.52,4.02,1.81亿,3.38亿,23.24亿,--
2650,3551,301578,辰奕智能,50.49,-3.79,-1.99,0.08,10.25,1.14,4.15,0.82亿,0.16亿,7.88亿,72.17
2651,3552,688088,虹软科技,39.81,-4.76,-1.99,0.03,2.69,0.74,5.19,4.40亿,4.01亿,159.71亿,135.66
2652,3553,688502,茂莱光学,217.01,-0.91,-1.99,0.0,9.97,0.92,7.52,3.61亿,0.16亿,35.21亿,350.89
2653,3554,003021,兆威机电,75.48,-2.58,-2.0,0.0,4.06,0.81,5.74,6.38亿,2.06亿,155.64亿,85.43
2654,3555,688208,道通科技,39.71,-4.89,-2.04,-0.13,6.92,1.94,6.47,12.41亿,4.52亿,179.44亿,24.86
2655,3556,300458,全志科技,42.44,-4.61,-2.05,0.0,12.29,0.85,4.65,27.71亿,5.18亿,219.77亿,133.53
2656,3557,301101,明月镜片,46.77,-4.32,-2.11,0.0,5.99,0.87,9.19,5.53亿,1.91亿,89.29亿,51.59
2657,3558,837092,汉鑫科技,35.85,-5.56,-2.11,0.0,5.21,1.08,5.85,0.61亿,0.32亿,11.45亿,380.93
2658,3559,301392,汇成真空,66.35,-3.12,-2.14,-0.06,8.7,0.67,5.07,1.33亿,0.23亿,14.93亿,77.17
2659,3560,300613,富瀚微,63.9,-3.28,-2.17,-0.02,12.62,1.04,9.2,18.37亿,2.18亿,139.52亿,59.77
2660,3601,301182,凯旺科技,40.79,-6.79,-2.97,-0.03,27.08,1.02,6.95,4.31亿,0.38亿,15.60亿,--
2661,3602,603296,华勤技术,72.91,-3.95,-3.0,0.0,8.46,1.26,6.15,15.18亿,2.44亿,177.58亿,27.10
2662,3603,688049,炬芯科技,45.1,-6.24,-3.0,-0.18,13.89,1.19,8.34,7.30亿,1.12亿,50.63亿,69.71
2663,3604,300570,太辰光,74.2,-3.91,-3.02,0.11,9.46,0.92,3.39,13.59亿,1.92亿,142.68亿,86.69
2664,3605,300913,兆龙互连,68.62,-4.24,-3.04,0.91,13.56,0.88,5.37,19.57亿,2.12亿,145.65亿,148.67
2665,3606,603129,春风动力,154.0,-1.94,-3.04,-0.12,0.87,0.91,2.48,2.03亿,1.51亿,233.21亿,16.18
2666,3607,603986,兆易创新,111.96,-2.64,-3.04,-0.05,6.09,0.72,5.23,46.16亿,6.63亿,742.28亿,67.02
2667,3608,300969,恒帅股份,86.5,-3.52,-3.16,-0.12,10.01,1.84,5.23,1.85亿,0.21亿,18.44亿,31.74
2668,3609,688036,传音控股,93.34,-3.33,-3.21,-0.29,0.71,1.08,4.02,7.61亿,11.40亿,1064.40亿,20.45
2669,3610,688205,德科立,92.35,-3.4,-3.25,0.27,4.13,0.8,9.15,2.63亿,0.68亿,62.66亿,109.76
2670,1251,688529,豪森智能,16.41,0.68,0.11,-0.06,1.08,0.71,4.42,0.30亿,1.67亿,27.45亿,268.02
2671,1252,688739,成大生物,26.41,0.42,0.11,-0.04,0.78,0.92,1.67,0.39亿,1.89亿,49.86亿,25.02
2672,1253,831856,浩淼科技,9.0,1.24,0.11,0.0,2.63,0.67,5.4,0.11亿,0.48亿,4.31亿,--
2673,1254,832175,东方碳素,10.62,1.05,0.11,0.0,6.03,0.79,2.95,0.38亿,0.60亿,6.42亿,--
2674,1255,836247,华密新材,23.1,0.48,0.11,0.0,3.91,0.72,4.26,0.38亿,0.41亿,9.55亿,66.41
2675,1256,836419,万德股份,10.17,1.09,0.11,0.0,2.35,0.73,2.98,0.13亿,0.54亿,5.52亿,26.74
2676,1257,838810,春光药装,9.24,1.21,0.11,0.0,1.38,0.71,5.48,0.06亿,0.45亿,4.12亿,--
2677,1258,000166,申万宏源,5.53,1.84,0.1,-0.18,0.79,2.23,3.68,9.80亿,225.35亿,1246.21亿,26.98
2678,1259,000401,冀东水泥,5.37,1.9,0.1,-0.19,0.76,0.98,3.79,0.63亿,15.47亿,83.09亿,--
2679,1260,000589,贵州轮胎,5.16,1.98,0.1,0.0,3.21,1.88,2.57,2.52亿,15.30亿,78.95亿,10.74
2680,1311,600237,铜峰电子,6.72,1.51,0.1,0.0,2.8,0.47,3.62,1.14亿,6.04亿,40.62亿,51.27
2681,1312,600271,航天信息,9.51,1.06,0.1,0.0,0.61,0.94,2.76,1.08亿,18.53亿,176.21亿,--
2682,1313,600320,振华重工,4.01,2.56,0.1,0.0,0.89,1.26,2.81,1.18亿,33.22亿,133.21亿,36.60
2683,1314,600478,科力远,4.29,2.39,0.1,0.0,1.25,1.25,4.06,0.89亿,16.66亿,71.45亿,260.51
2684,1315,600552,凯盛科技,11.85,0.85,0.1,0.0,2.06,1.15,2.98,2.33亿,9.45亿,111.94亿,75.07
2685,1316,600642,申能股份,9.45,1.07,0.1,0.0,0.56,0.9,2.57,2.56亿,48.79亿,461.07亿,10.57
2686,1317,600674,川投能源,17.25,0.58,0.1,0.06,0.41,0.71,1.34,3.43亿,48.75亿,840.87亿,14.26
2687,1318,600758,辽宁能源,3.53,2.92,0.1,0.28,1.2,1.05,3.79,0.56亿,13.21亿,46.62亿,58.56
2688,1319,600770,综艺股份,4.43,2.31,0.1,-0.23,1.91,0.94,6.0,1.11亿,13.00亿,57.59亿,59.87
2689,1320,600780,通宝能源,5.85,1.74,0.1,0.0,0.85,1.25,2.09,0.56亿,11.46亿,67.07亿,13.09
2690,2751,301456,盘古智能,23.53,-0.59,-0.14,0.0,1.39,0.52,1.69,0.19亿,0.57亿,13.30亿,47.15
2691,2752,600036,招商银行,39.34,-0.35,-0.14,0.03,0.34,0.94,2.18,27.43亿,206.29亿,8115.43亿,6.57
2692,2753,600426,华鲁恒升,21.88,-0.64,-0.14,0.0,1.24,1.53,2.82,5.72亿,21.16亿,462.91亿,11.43
2693,2754,600536,中国软件,49.42,-0.28,-0.14,-0.02,2.98,0.92,3.79,12.59亿,8.43亿,416.59亿,--
2694,2755,600733,北汽蓝谷,8.33,-1.65,-0.14,-0.12,2.81,0.89,2.01,11.51亿,48.85亿,406.93亿,--
2695,2756,601019,山东出版,11.07,-1.25,-0.14,0.09,0.49,1.08,2.59,1.14亿,20.87亿,231.02亿,17.87
2696,2757,601717,郑煤机,13.06,-1.06,-0.14,0.0,2.09,1.26,1.51,4.22亿,15.42亿,201.41亿,5.72
2697,2758,601898,中煤能源,11.85,-1.17,-0.14,0.0,0.33,0.73,2.67,3.52亿,91.52亿,1084.51亿,8.06
2698,2759,603690,至纯科技,26.53,-0.53,-0.14,0.0,3.54,1.39,3.23,3.66亿,3.86亿,102.29亿,39.85
2699,2760,688128,中国电研,21.76,-0.64,-0.14,0.09,0.63,1.04,1.83,0.55亿,4.04亿,88.02亿,20.54
2700,3651,688515,裕太微,103.03,-7.46,-8.3,0.03,6.08,0.93,5.84,3.18亿,0.49亿,50.66亿,--
2701,3652,301165,锐捷网络,74.21,-12.53,-10.63,0.15,32.23,0.95,9.22,17.17亿,0.68亿,50.60亿,76.81
2702,3653,301110,青木科技,67.18,-13.87,-10.82,-0.03,25.75,0.93,10.31,8.82亿,0.49亿,32.61亿,64.55
2703,3654,301600,慧翰股份,168.32,-6.31,-11.34,0.18,16.1,0.73,8.34,4.87亿,0.18亿,29.54亿,65.66
2704,3655,300870,欧陆通,111.99,-9.69,-12.01,-0.1,5.64,0.86,7.89,6.59亿,1.01亿,113.33亿,54.27
2705,3656,688692,达梦数据,346.5,-4.55,-16.5,-0.07,4.92,1.14,5.24,2.66亿,0.15亿,52.67亿,113.27
2706,3657,688608,恒玄科技,332.75,-5.31,-18.65,-0.31,2.83,0.85,8.92,11.72亿,1.20亿,399.45亿,103.63
2707,3531,301611,珂玛科技,61.1,-2.74,-1.72,-0.29,8.86,0.96,5.09,3.11亿,0.56亿,34.46亿,88.48
2708,3532,688693,锴威特,38.72,-4.28,-1.73,-0.03,10.77,0.72,6.67,1.63亿,0.38亿,14.71亿,--
2709,3533,301031,中熔电气,104.0,-1.65,-1.74,-0.33,1.38,1.31,2.59,0.63亿,0.43亿,45.14亿,43.09
2710,3534,839493,并行科技,63.35,-2.7,-1.76,0.0,4.88,0.59,4.22,1.02亿,0.32亿,20.55亿,917.38
2711,3535,600171,上海贝岭,43.19,-4.02,-1.81,0.0,13.81,0.83,6.27,43.61亿,7.09亿,306.18亿,96.26
2712,3536,688662,富信科技,37.68,-4.63,-1.83,-0.11,4.47,0.84,3.82,1.50亿,0.88亿,33.25亿,74.91
2713,3537,688380,中微半导,32.8,-5.31,-1.84,-0.12,13.68,0.87,5.72,6.77亿,1.48亿,48.47亿,88.46
2714,3538,301428,世纪恒通,39.31,-4.52,-1.86,0.54,17.42,0.7,5.27,4.24亿,0.61亿,24.06亿,44.31
2715,3539,301486,致尚科技,47.65,-3.81,-1.89,0.0,8.45,1.18,3.45,2.93亿,0.72亿,34.30亿,77.02
2716,3540,688536,思瑞浦,100.32,-1.85,-1.89,-0.29,1.83,1.01,4.52,2.50亿,1.33亿,133.03亿,--
2717,2701,300884,狄耐克,12.4,-0.96,-0.12,-0.08,6.43,0.87,3.44,1.53亿,1.91亿,23.73亿,134.46
2718,2702,300936,中英科技,40.28,-0.3,-0.12,0.05,2.86,0.5,3.0,0.55亿,0.47亿,19.12亿,81.12
2719,2703,300988,津荣天宇,18.92,-0.63,-0.12,-0.11,2.06,0.76,2.36,0.42亿,1.07亿,20.32亿,32.72
2720,2704,301046,能辉科技,21.03,-0.57,-0.12,-0.14,0.99,0.63,1.89,0.24亿,1.13亿,23.79亿,46.0
2721,2705,301080,百普赛斯,43.0,-0.28,-0.12,-0.21,0.75,0.72,1.79,0.29亿,0.91亿,38.95亿,46.35
2722,2706,301225,恒勃股份,27.53,-0.43,-0.12,0.0,2.07,0.59,1.81,0.17亿,0.30亿,8.31亿,24.68
2723,2707,301291,明阳电气,41.7,-0.29,-0.12,-0.05,2.31,1.08,4.95,1.27亿,1.28亿,53.41亿,22.41
2724,2708,600398,海澜之家,6.51,-1.81,-0.12,-0.15,1.13,0.96,3.17,3.53亿,48.03亿,312.66亿,12.29
2725,2709,600757,长江传媒,9.36,-1.27,-0.12,0.0,1.05,0.58,2.21,1.20亿,12.13亿,113.58亿,12.36
2726,2710,600761,安徽合力,18.19,-0.66,-0.12,-0.06,1.23,0.6,1.31,2.00亿,8.91亿,162.02亿,11.03
2727,3621,688188,柏楚电子,179.51,-2.16,-3.97,-0.61,0.43,0.91,2.99,1.61亿,2.05亿,368.81亿,38.11
2728,3622,920002,万达轴承,70.36,-5.43,-4.04,0.0,19.99,0.86,6.25,0.83亿,0.06亿,4.05亿,38.08
2729,3623,688041,海光信息,155.05,-2.6,-4.13,-0.02,3.5,0.78,3.69,49.05亿,8.87亿,1374.61亿,177.16
2730,3624,603019,中科曙光,74.84,-5.28,-4.17,-0.01,7.21,1.26,6.08,80.70亿,14.59亿,1091.62亿,106.73
2731,3625,688525,佰维存储,66.04,-6.03,-4.24,-0.05,10.52,0.91,8.08,22.83亿,3.15亿,208.13亿,93.63
2732,3626,301596,瑞迪智驱,105.52,-3.87,-4.25,0.0,11.51,1.14,5.97,1.70亿,0.14亿,14.54亿,59.42
2733,3627,839725,惠丰钻石,36.09,-10.67,-4.31,0.0,14.63,0.66,10.37,2.34亿,0.42亿,15.19亿,353.61
2734,3628,001389,广合科技,52.0,-7.9,-4.46,-0.06,24.38,1.07,7.83,4.96亿,0.38亿,19.80亿,33.68
2735,3629,688008,澜起科技,75.48,-5.64,-4.51,-0.05,6.79,1.42,5.28,60.29亿,11.45亿,864.09亿,66.26
2736,3630,688800,瑞可达,56.19,-7.43,-4.51,0.0,7.99,0.96,5.78,7.30亿,1.58亿,89.02亿,63.01
2737,2801,603816,顾家家居,27.77,-0.57,-0.16,-0.07,0.42,0.78,2.72,0.94亿,8.12亿,225.54亿,12.60
2738,2802,688072,拓荆科技,163.06,-0.1,-0.16,-0.07,2.74,0.99,4.79,6.98亿,1.54亿,250.85亿,125.47
2739,2803,688079,美迪凯,9.35,-1.68,-0.16,0.0,1.84,1.04,4.94,0.70亿,3.98亿,37.21亿,--
2740,2804,688091,上海谊众,39.84,-0.4,-0.16,0.0,0.96,0.97,3.8,0.79亿,2.07亿,82.31亿,178.05
2741,2805,688112,鼎阳科技,29.65,-0.54,-0.16,-0.03,1.0,1.36,5.6,0.48亿,1.59亿,47.20亿,38.63
2742,2806,688187,时代电气,46.46,-0.34,-0.16,-0.19,1.61,0.94,2.17,2.10亿,2.79亿,129.77亿,19.60
2743,2807,688575,亚辉龙,16.35,-0.97,-0.16,0.0,0.72,0.81,1.64,0.68亿,5.70亿,93.24亿,31.98
2744,2808,688737,中自科技,18.62,-0.85,-0.16,-0.16,1.86,0.46,2.88,0.25亿,0.70亿,13.12亿,--
2745,2809,000426,兴业银锡,12.21,-1.37,-0.17,-0.16,1.04,0.75,2.02,2.26亿,17.75亿,216.76亿,12.51
2746,2810,000988,华工科技,42.98,-0.39,-0.17,0.28,9.79,1.97,6.21,43.45亿,10.05亿,431.94亿,34.57
2747,3641,688019,安集科技,143.06,-3.81,-5.67,0.0,2.84,1.57,5.81,5.38亿,1.29亿,184.85亿,35.32
2748,3642,688766,普冉股份,108.57,-5.18,-5.93,0.07,6.83,0.98,5.42,8.03亿,1.06亿,114.66亿,38.26
2749,3643,688368,晶丰明源,96.61,-6.21,-6.4,0.0,3.17,1.33,7.41,2.75亿,0.88亿,84.85亿,--
2750,3644,688702,盛科通信,89.0,-6.8,-6.49,-0.34,1.48,0.76,6.95,2.71亿,2.01亿,179.33亿,--
2751,3645,688343,云天励飞,49.97,-11.54,-6.52,-0.26,13.37,0.95,11.68,18.41亿,2.58亿,128.85亿,--
2752,3646,301536,星宸科技,84.2,-7.66,-6.98,0.0,39.47,0.74,6.79,12.79亿,0.38亿,31.91亿,135.50
2753,3647,688332,中科蓝讯,140.64,-4.91,-7.26,-0.01,11.13,0.81,8.37,7.07亿,0.44亿,61.91亿,61.39
2754,3648,300474,景嘉微,101.69,-6.71,-7.31,0.0,11.02,0.96,6.64,37.88亿,3.27亿,332.38亿,1669.53
2755,3649,688047,龙芯中科,140.5,-5.0,-7.4,-0.26,2.15,1.12,5.54,8.68亿,2.80亿,392.90亿,--
2756,3650,688018,乐鑫科技,235.0,-3.29,-8.0,0.45,5.69,0.77,7.16,15.36亿,1.12亿,263.67亿,78.75
2757,3611,688416,恒烁股份,43.53,-6.99,-3.27,0.0,22.89,1.88,12.46,5.03亿,0.48亿,20.81亿,--
2758,3612,688486,龙迅股份,83.8,-3.8,-3.31,-0.05,3.03,0.96,4.42,1.44亿,0.56亿,46.85亿,68.40
2759,3613,603083,剑桥科技,45.23,-6.88,-3.34,-0.02,16.25,1.11,6.9,20.08亿,2.65亿,119.89亿,59.92
2760,3614,301085,亚康股份,73.63,-4.35,-3.35,-0.1,12.79,0.74,5.38,5.68亿,0.59亿,43.38亿,83.92
2761,3615,002281,光迅科技,56.0,-5.8,-3.45,-0.04,10.46,0.87,3.7,45.99亿,7.73亿,432.89亿,71.83
2762,3616,300921,南凌科技,29.5,-10.61,-3.5,-0.1,27.06,0.76,6.97,6.52亿,0.79亿,23.43亿,506.59
2763,3617,301001,凯淳股份,34.67,-9.71,-3.73,0.03,30.98,1.12,11.2,5.61亿,0.50亿,17.44亿,444.77
2764,3618,301589,诺瓦星云,176.47,-2.1,-3.78,0.0,4.71,0.99,2.25,1.55亿,0.18亿,32.63亿,26.56
2765,3619,601799,星宇股份,135.31,-2.81,-3.91,-0.03,0.41,1.06,3.18,1.60亿,2.86亿,386.55亿,29.67
2766,3620,300308,中际旭创,136.85,-2.81,-3.95,0.04,2.99,0.85,4.14,46.14亿,11.16亿,1526.86亿,30.66
2767,2711,600882,妙可蓝多,18.55,-0.64,-0.12,-0.05,1.29,0.5,3.0,1.23亿,5.12亿,94.99亿,83.77
2768,2712,601966,玲珑轮胎,18.67,-0.64,-0.12,-0.11,0.85,1.13,1.44,2.34亿,14.63亿,273.24亿,11.97
2769,2713,603517,绝味食品,16.97,-0.7,-0.12,-0.06,2.64,0.85,2.69,2.78亿,6.20亿,105.20亿,17.99
2770,2714,603737,三棵树,44.09,-0.27,-0.12,-0.07,0.49,0.9,3.19,1.14亿,5.27亿,232.36亿,42.47
2771,2715,688093,世华科技,19.96,-0.6,-0.12,0.0,0.84,1.14,2.69,0.44亿,2.63亿,52.42亿,20.11
2772,2716,688260,昀冢科技,14.86,-0.8,-0.12,0.0,1.59,0.66,3.4,0.29亿,1.20亿,17.83亿,--
2773,2717,688338,赛科希德,25.1,-0.48,-0.12,0.0,0.47,1.17,1.31,0.13亿,1.06亿,26.64亿,23.88
2774,2718,688353,华盛锂电,24.1,-0.5,-0.12,-0.54,1.31,0.83,2.68,0.20亿,0.63亿,15.07亿,--
2775,2719,688576,西山科技,62.68,-0.19,-0.12,0.05,0.63,0.59,1.47,0.10亿,0.25亿,15.97亿,35.41
2776,2720,688578,艾力斯,61.02,-0.2,-0.12,0.02,0.69,0.71,1.85,1.91亿,4.50亿,274.59亿,19.38
2777,2691,601928,凤凰传媒,11.21,-0.97,-0.11,0.0,0.63,0.9,2.65,1.79亿,25.45亿,285.28亿,15.93
2778,2692,603565,中谷物流,10.06,-1.08,-0.11,-0.1,0.36,0.56,1.57,0.76亿,21.00亿,211.27亿,14.29
2779,2693,688512,慧智微,10.5,-1.04,-0.11,-0.1,2.65,0.52,3.68,0.84亿,3.00亿,31.53亿,--
2780,2694,688626,翔宇医疗,31.22,-0.35,-0.11,-0.1,0.81,0.74,2.36,0.41亿,1.60亿,49.95亿,51.03
2781,2695,833230,欧康医药,14.58,-0.75,-0.11,0.0,2.53,0.62,2.18,0.13亿,0.34亿,4.95亿,43.27
2782,2696,002123,梦网科技,11.59,-1.02,-0.12,0.17,6.2,0.76,4.27,4.99亿,6.87亿,79.61亿,228.58
2783,2697,002400,省广集团,8.58,-1.38,-0.12,0.0,11.09,0.79,4.25,16.67亿,17.26亿,148.10亿,122.97
2784,2698,002536,飞龙股份,12.13,-0.98,-0.12,-0.08,2.68,0.91,2.2,1.75亿,5.37亿,65.08亿,19.61
2785,2699,300415,伊之密,20.56,-0.58,-0.12,0.0,1.19,0.91,2.47,1.10亿,4.50亿,92.58亿,15.04
2786,2700,300841,康华生物,58.78,-0.2,-0.12,0.0,1.84,1.06,1.78,1.31亿,1.20亿,70.83亿,14.44
2787,2781,603806,福斯特,15.21,-0.98,-0.15,0.0,0.81,1.23,1.63,3.23亿,26.09亿,396.79亿,23.66
2788,2782,688063,派能科技,42.5,-0.35,-0.15,-0.31,1.22,1.03,1.85,1.28亿,2.45亿,104.28亿,209.28
2789,2783,688166,博瑞医药,31.7,-0.47,-0.15,0.0,1.63,0.88,3.01,2.21亿,4.22亿,133.92亿,56.62
2790,2784,688381,帝奥微,20.8,-0.72,-0.15,0.0,2.43,1.22,3.06,0.94亿,1.84亿,38.18亿,210.62
2791,2785,688577,浙海德曼,39.81,-0.38,-0.15,-0.08,1.1,0.79,2.78,0.34亿,0.76亿,30.21亿,136.91
2792,2786,688580,伟思医疗,30.05,-0.5,-0.15,0.03,0.59,0.56,2.38,0.17亿,0.96亿,28.78亿,27.61
2793,2787,688720,艾森股份,42.2,-0.35,-0.15,-0.19,2.33,0.77,3.33,0.55亿,0.55亿,23.33亿,117.05
2794,2788,832735,德源药业,32.91,-0.45,-0.15,0.0,0.81,1.21,1.45,0.18亿,0.69亿,22.76亿,16.75
2795,2789,836826,盖世食品,11.05,-1.34,-0.15,0.0,7.77,0.67,5.27,0.54亿,0.62亿,6.89亿,37.3
2796,2790,000801,四川九洲,15.3,-1.03,-0.16,0.0,5.8,0.97,4.08,9.23亿,10.23亿,156.49亿,97.94
2797,2831,001277,速达股份,35.57,-0.5,-0.18,-0.03,4.97,0.71,1.37,0.34亿,0.19亿,6.76亿,18.06
2798,2832,002294,信立泰,31.69,-0.56,-0.18,-0.03,0.35,1.03,1.73,1.25亿,11.15亿,353.21亿,51.98
2799,2833,300024,机器人,19.02,-0.94,-0.18,0.0,3.9,0.79,2.97,11.50亿,15.33亿,291.54亿,--
2800,2834,300171,东富龙,13.83,-1.28,-0.18,0.07,1.31,0.83,2.07,1.03亿,5.63亿,77.82亿,52.01
2801,2835,300909,汇创达,24.82,-0.72,-0.18,0.0,2.03,0.95,2.48,0.58亿,1.14亿,28.35亿,42.60
2802,2836,301210,金杨股份,32.12,-0.56,-0.18,0.0,2.09,0.84,1.98,0.21亿,0.31亿,9.90亿,54.27
2803,2837,301262,海看股份,26.11,-0.69,-0.18,0.0,1.43,0.75,2.36,0.46亿,1.22亿,31.87亿,24.81
2804,2838,301322,绿通科技,22.95,-0.78,-0.18,0.48,1.36,1.13,2.12,0.30亿,0.97亿,22.33亿,20.13
2805,2839,600172,黄河旋风,4.11,-4.2,-0.18,0.24,9.72,0.67,4.89,5.20亿,12.76亿,52.45亿,--
2806,2840,600481,双良节能,5.89,-2.96,-0.18,-0.17,2.37,0.94,3.13,2.64亿,18.71亿,110.18亿,--
2807,2601,002189,中光学,21.78,-0.37,-0.08,0.05,3.65,0.73,4.07,2.10亿,2.61亿,56.88亿,--
2808,2602,002210,飞马国际,2.78,-2.8,-0.08,-0.36,8.35,0.78,5.94,6.27亿,26.61亿,73.98亿,165.31
2809,2603,002369,卓翼科技,7.44,-1.06,-0.08,0.14,20.67,0.6,8.24,8.75亿,5.66亿,42.08亿,--
2810,2604,002444,巨星科技,31.52,-0.25,-0.08,-0.1,1.26,0.65,3.01,4.56亿,11.43亿,360.27亿,14.59
2811,2605,002705,新宝股份,15.15,-0.53,-0.08,0.13,0.97,0.78,1.71,1.18亿,8.08亿,122.44亿,11.75
2812,2606,002903,宇环数控,17.1,-0.47,-0.08,-0.06,3.23,0.6,2.27,0.58亿,1.04亿,17.80亿,149.61
2813,2607,300700,岱勒新材,8.97,-0.88,-0.08,0.0,3.58,0.66,2.43,0.86亿,2.65亿,23.81亿,--
2814,2608,300894,火星人,14.58,-0.55,-0.08,0.0,2.7,0.74,2.39,1.16亿,2.94亿,42.88亿,295.40
2815,2609,300919,中伟股份,37.17,-0.21,-0.08,-0.13,0.59,1.12,2.15,2.01亿,9.10亿,338.18亿,19.74
2816,2610,300968,格林精密,17.65,-0.45,-0.08,0.0,2.52,0.74,3.83,1.87亿,4.13亿,72.96亿,115.93
2817,2821,600081,东风科技,10.8,-1.55,-0.17,0.0,2.46,1.77,2.92,1.47亿,5.53亿,59.73亿,73.14
2818,2822,601098,中南传媒,14.47,-1.16,-0.17,0.0,0.68,1.1,2.05,1.77亿,17.96亿,259.88亿,20.37
2819,2823,603108,润达医疗,16.92,-0.99,-0.17,0.0,3.9,1.09,3.57,3.94亿,5.99亿,101.33亿,150.71
2820,2824,603515,欧普照明,16.65,-1.01,-0.17,-0.06,0.28,1.63,1.78,0.35亿,7.35亿,122.36亿,14.98
2821,2825,688223,晶科能源,7.43,-2.24,-0.17,0.0,2.08,1.6,3.55,4.83亿,31.09亿,230.97亿,45.89
2822,2826,688328,深科达,15.62,-1.08,-0.17,-0.06,2.25,0.77,3.29,0.34亿,0.94亿,14.75亿,--
2823,2827,688448,磁谷科技,29.65,-0.57,-0.17,-0.07,1.62,0.52,3.22,0.23亿,0.48亿,14.22亿,78.19
2824,2828,688711,宏微科技,19.08,-0.88,-0.17,-0.11,1.72,0.93,3.01,0.71亿,2.13亿,40.62亿,753.88
2825,2829,832876,慧为智能,17.73,-0.95,-0.17,0.0,2.06,0.56,4.25,0.14亿,0.38亿,6.78亿,166.36
2826,2830,833075,柏星龙,28.71,-0.59,-0.17,0.0,8.57,0.63,4.22,0.61亿,0.25亿,7.07亿,35.98
2827,2771,300360,炬华科技,17.01,-0.87,-0.15,0.0,2.47,1.23,2.04,2.12亿,5.00亿,85.09亿,12.11
2828,2772,300596,利安隆,30.48,-0.49,-0.15,-0.07,5.77,2.1,5.71,4.00亿,2.25亿,68.49亿,16.72
2829,2773,300687,赛意信息,19.25,-0.77,-0.15,-0.05,2.71,0.87,2.94,1.72亿,3.25亿,62.64亿,62.55
2830,2774,300772,运达股份,13.65,-1.09,-0.15,-0.07,1.61,0.93,2.83,1.54亿,6.95亿,94.86亿,26.93
2831,2775,301266,宇邦新材,35.57,-0.42,-0.15,-0.08,5.57,0.64,1.85,0.86亿,0.43亿,15.43亿,63.14
2832,2776,600986,浙文互联,6.33,-2.31,-0.15,0.0,5.96,0.63,4.47,5.05亿,13.22亿,83.71亿,44.79
2833,2777,601677,明泰铝业,12.25,-1.21,-0.15,-0.16,1.93,1.48,1.77,2.83亿,11.92亿,146.08亿,8.10
2834,2778,603335,迪生力,5.86,-2.5,-0.15,0.17,10.58,1.74,7.32,2.67亿,4.28亿,25.09亿,--
2835,2779,603338,浙江鼎力,63.55,-0.24,-0.15,-0.05,0.76,1.12,3.01,2.45亿,5.06亿,321.78亿,16.52
2836,2780,603391,力聚热能,41.63,-0.36,-0.15,0.05,3.46,0.72,1.29,0.32亿,0.22亿,9.28亿,19.94
2837,1441,002033,丽江股份,9.14,0.88,0.08,0.11,2.0,0.79,1.88,1.01亿,5.49亿,50.22亿,19.59
2838,1442,002061,浙江交科,4.22,1.93,0.08,-0.24,1.45,1.31,3.14,1.59亿,25.99亿,109.68亿,9.81
2839,1443,002064,华峰化学,8.36,0.97,0.08,0.0,0.29,0.9,2.05,1.18亿,49.52亿,413.99亿,15.45
2840,1444,002157,正邦科技,3.03,2.71,0.08,0.0,1.44,1.12,3.73,3.09亿,71.55亿,216.78亿,69.91
2841,1445,002176,江特电机,7.77,1.04,0.08,-0.13,1.29,0.9,2.6,1.71亿,17.06亿,132.56亿,--
2842,1446,002206,海利得,4.46,1.83,0.08,0.23,1.89,1.31,3.2,0.77亿,9.16亿,40.86亿,13.11
2843,1447,002250,联化科技,5.73,1.42,0.08,0.0,2.49,1.15,4.07,1.30亿,9.07亿,51.94亿,120.49
2844,1448,002370,亚太药业,3.18,2.58,0.08,0.0,4.64,0.82,4.84,1.05亿,7.13亿,22.67亿,--
2845,1449,002382,蓝帆医疗,5.28,1.54,0.08,0.0,0.81,1.05,2.88,0.43亿,10.00亿,52.78亿,--
2846,1450,002408,齐翔腾达,5.26,1.54,0.08,0.0,0.49,0.94,2.32,0.71亿,27.51亿,144.71亿,57.08
2847,3111,300454,深信服,60.29,-0.63,-0.38,0.02,1.48,1.13,3.07,2.51亿,2.78亿,167.77亿,--
2848,3112,301023,江南奕帆,49.8,-0.76,-0.38,0.0,2.6,0.78,3.17,0.39亿,0.30亿,14.85亿,29.02
2849,3113,601336,新华保险,50.59,-0.75,-0.38,0.06,0.96,1.05,2.98,10.08亿,20.85亿,1055.02亿,5.72
2850,3114,688288,鸿泉物联,16.78,-2.21,-0.38,-0.24,1.39,0.59,3.85,0.24亿,1.01亿,16.89亿,--
2851,3115,833751,惠同新材,12.32,-2.99,-0.38,0.0,4.65,0.99,4.72,0.27亿,0.46亿,5.68亿,25.76
2852,3116,002685,华东重机,6.82,-5.41,-0.39,-0.15,10.53,0.89,3.61,7.34亿,10.08亿,68.72亿,152.34
2853,3117,300236,上海新阳,39.32,-0.98,-0.39,-0.05,1.61,1.02,2.9,1.79亿,2.78亿,109.47亿,71.22
2854,3118,600855,航天长峰,12.98,-2.92,-0.39,0.0,7.26,1.19,3.96,4.42亿,4.68亿,60.70亿,--
2855,3119,603312,西典新能,34.12,-1.13,-0.39,0.06,4.15,0.39,2.58,0.50亿,0.35亿,11.90亿,27.96
2856,3120,688226,威腾电气,26.7,-1.44,-0.39,-0.08,2.52,1.0,3.99,1.06亿,1.57亿,41.79亿,28.74
2857,2511,688053,思科瑞,30.44,-0.13,-0.04,-0.07,5.16,0.97,4.95,0.69亿,0.43亿,13.17亿,--
2858,2512,688393,安必平,18.08,-0.22,-0.04,-0.28,0.45,0.5,2.1,0.08亿,0.94亿,16.92亿,42.82
2859,2513,688403,汇成股份,9.44,-0.42,-0.04,0.0,2.89,0.9,2.74,1.59亿,5.79亿,54.65亿,58.83
2860,2514,830809,安达科技,5.34,-0.74,-0.04,0.0,1.76,0.82,2.6,0.30亿,3.21亿,17.12亿,--
2861,2515,832145,恒合股份,9.47,-0.42,-0.04,0.0,2.21,0.61,3.15,0.09亿,0.45亿,4.25亿,--
2862,2516,873833,美心翼申,11.81,-0.34,-0.04,0.0,4.29,0.8,3.63,0.16亿,0.32亿,3.75亿,37.68
2863,2517,000062,深圳华强,23.24,-0.21,-0.05,0.0,1.44,1.0,2.1,3.52亿,10.44亿,242.72亿,68.47
2864,2518,000785,居然智家,3.89,-1.27,-0.05,-0.26,3.71,1.22,7.87,8.74亿,59.23亿,230.42亿,24.93
2865,2519,002077,大港股份,16.46,-0.3,-0.05,0.0,9.81,0.64,6.66,9.50亿,5.80亿,95.53亿,180.51
2866,2520,300342,天银机电,17.12,-0.29,-0.05,-0.18,3.25,0.93,3.2,2.36亿,4.18亿,71.52亿,98.72
2867,981,001914,招商积余,10.72,1.32,0.14,-0.09,0.45,0.73,2.55,0.51亿,10.60亿,113.67亿,13.75
2868,982,002038,双鹭药业,8.03,1.77,0.14,0.25,6.34,0.83,4.69,4.29亿,8.52亿,68.38亿,--
2869,983,002039,黔源电力,15.51,0.91,0.14,0.0,0.59,0.72,1.37,0.39亿,4.28亿,66.31亿,18.74
2870,984,002053,云南能投,11.74,1.21,0.14,0.0,0.48,0.63,1.72,0.51亿,9.21亿,108.09亿,14.25
2871,985,002099,海翔药业,5.34,2.69,0.14,-0.19,0.57,1.04,4.04,0.49亿,16.17亿,86.32亿,541.16
2872,986,002139,拓邦股份,13.86,1.02,0.14,0.07,6.06,1.28,3.64,9.03亿,10.71亿,148.50亿,23.47
2873,987,002164,宁波东力,5.23,2.75,0.14,0.0,3.03,1.0,4.32,0.76亿,4.80亿,25.09亿,48.86
2874,988,002204,大连重工,4.98,2.89,0.14,0.2,1.21,1.36,3.93,1.16亿,19.31亿,96.18亿,18.26
2875,989,002215,诺普信,11.52,1.23,0.14,-0.09,1.83,0.72,3.6,1.67亿,7.94亿,91.47亿,17.81
2876,990,002287,奇正藏药,21.95,0.64,0.14,0.14,0.17,0.94,1.65,0.19亿,5.29亿,116.11亿,22.19
2877,3121,300573,兴齐眼药,73.22,-0.54,-0.4,0.01,3.63,1.23,2.42,3.62亿,1.35亿,98.71亿,33.1
2878,3122,300690,双一科技,23.75,-1.66,-0.4,-0.04,5.14,0.85,3.15,1.37亿,1.10亿,26.16亿,45.9
2879,3123,301319,唯特偶,30.93,-1.28,-0.4,0.0,2.19,0.57,2.81,0.27亿,0.39亿,11.95亿,27.0
2880,3124,600621,华鑫股份,16.76,-2.33,-0.4,0.42,5.97,0.96,4.84,10.76亿,10.61亿,177.81亿,43.88
2881,3125,603091,众鑫股份,45.79,-0.87,-0.4,-0.02,6.84,0.79,1.43,0.63亿,0.20亿,9.18亿,14.88
2882,3126,688159,有方科技,32.5,-1.22,-0.4,0.0,4.06,0.94,2.89,1.22亿,0.92亿,29.80亿,23.54
2883,3127,688210,统联精密,20.67,-1.9,-0.4,0.1,5.7,1.14,3.08,1.28亿,1.07亿,22.20亿,47.72
2884,3128,688283,坤恒顺维,25.14,-1.57,-0.4,-0.04,0.44,1.03,3.17,0.10亿,0.85亿,21.49亿,138.42
2885,3129,300054,鼎龙股份,26.93,-1.5,-0.41,-0.04,1.79,1.01,3.07,3.54亿,7.28亿,196.10亿,50.36
2886,3130,600845,宝信软件,29.88,-1.35,-0.41,0.0,1.56,1.13,3.63,10.00亿,21.21亿,633.80亿,33.48
2887,3181,301349,信德新材,31.16,-1.55,-0.49,0.13,2.91,0.7,2.81,0.39亿,0.42亿,13.13亿,--
2888,3182,301360,荣旗科技,57.5,-0.84,-0.49,-0.07,8.14,1.01,3.48,1.31亿,0.28亿,15.98亿,124.84
2889,3183,688058,宝兰德,28.96,-1.66,-0.49,0.04,0.97,0.69,5.54,0.22亿,0.78亿,22.50亿,--
2890,3184,688181,八亿时空,32.5,-1.49,-0.49,0.0,3.97,0.95,3.88,1.74亿,1.34亿,43.71亿,53.19
2891,3185,688426,康为世纪,26.77,-1.8,-0.49,0.0,4.63,0.72,6.31,0.47亿,0.38亿,10.17亿,--
2892,3186,836720,吉冈精密,16.22,-2.93,-0.49,0.0,4.75,0.91,4.61,0.40亿,0.51亿,8.29亿,52.38
2893,3187,002876,三利谱,27.67,-1.77,-0.5,0.04,5.77,0.83,4.26,2.42亿,1.49亿,41.22亿,55.74
2894,3188,003031,中瓷电子,54.65,-0.91,-0.5,0.0,1.07,0.77,2.9,0.97亿,1.65亿,90.29亿,50.08
2895,3189,300006,莱美药业,4.05,-10.99,-0.5,0.0,11.57,1.78,5.93,5.00亿,10.56亿,42.76亿,--
2896,3190,300319,麦捷科技,13.41,-3.6,-0.5,0.0,6.41,0.9,5.03,7.27亿,8.30亿,111.27亿,36.22
2897,2491,002478,常宝股份,5.46,-0.73,-0.04,0.0,2.71,0.8,1.82,1.07亿,7.20亿,39.29亿,8.97
2898,2492,002527,新时达,9.2,-0.43,-0.04,0.0,4.28,0.68,3.14,2.10亿,5.29亿,48.68亿,--
2899,2493,300285,国瓷材料,17.82,-0.22,-0.04,-0.06,1.17,1.26,1.74,1.68亿,8.04亿,143.26亿,27.63
2900,2494,300328,宜安科技,7.83,-0.51,-0.04,0.0,1.76,0.62,3.69,0.96亿,6.86亿,53.74亿,1653.13
2901,2495,300985,致远新能,18.2,-0.22,-0.04,-0.44,0.77,0.85,2.14,0.26亿,1.87亿,33.95亿,53.76
2902,2496,301197,工大科雅,15.56,-0.26,-0.04,-0.06,2.58,0.52,2.63,0.33亿,0.82亿,12.74亿,--
2903,2497,600057,厦门象屿,6.47,-0.61,-0.04,-0.15,0.79,0.63,1.84,1.12亿,21.92亿,141.83亿,12.18
2904,2498,600089,特变电工,12.8,-0.31,-0.04,0.0,0.8,1.0,0.86,5.15亿,50.53亿,646.76亿,11.29
2905,2499,600131,国网信通,19.71,-0.2,-0.04,0.15,0.85,0.82,2.68,2.00亿,11.96亿,235.71亿,59.63
2906,2500,600571,信雅达,13.86,-0.29,-0.04,0.0,7.33,0.53,4.6,4.70亿,4.58亿,63.44亿,--
2907,2741,688687,凯因科技,23.13,-0.56,-0.13,-0.09,1.13,0.42,1.89,0.45亿,1.71亿,39.54亿,27.44
2908,2742,688710,益诺思,38.88,-0.33,-0.13,-0.05,3.39,0.99,1.36,0.35亿,0.27亿,10.30亿,30.96
2909,2743,688772,珠海冠宇,16.26,-0.79,-0.13,-0.18,1.06,1.01,3.6,1.97亿,11.27亿,183.30亿,51.3
2910,2744,832089,禾昌聚合,11.98,-1.07,-0.13,0.0,1.55,0.91,2.81,0.18亿,0.94亿,11.20亿,14.87
2911,2745,000157,中联重科,7.07,-1.94,-0.14,-0.14,0.99,1.19,2.91,5.00亿,70.71亿,499.88亿,14.66
2912,2746,001380,华纬科技,22.07,-0.63,-0.14,0.0,3.83,1.14,2.39,0.51亿,0.59亿,13.12亿,19.74
2913,2747,002456,欧菲光,12.59,-1.1,-0.14,0.0,4.76,1.13,3.14,19.66亿,32.53亿,409.51亿,663.62
2914,2748,300459,汤姆猫,6.11,-2.24,-0.14,0.0,7.59,0.78,4.16,14.99亿,31.68亿,193.56亿,192.92
2915,2749,300861,美畅股份,20.62,-0.67,-0.14,-0.24,1.39,0.76,2.07,0.87亿,3.01亿,62.16亿,26.35
2916,2750,300979,华利集团,75.99,-0.18,-0.14,0.26,0.07,0.64,1.39,0.60亿,11.67亿,886.80亿,23.39
2917,2271,002791,坚朗五金,24.16,0.0,0.0,0.0,1.8,1.13,1.99,0.72亿,1.64亿,39.70亿,195.11
2918,2272,002867,周大生,14.25,0.0,0.0,0.0,0.6,0.59,1.82,0.93亿,10.80亿,153.87亿,13.70
2919,2273,003035,南网能源,4.31,0.0,0.0,0.0,0.56,0.92,1.39,0.55亿,22.58亿,97.31亿,80.50
2920,2274,300134,大富科技,12.5,0.0,0.0,0.0,1.54,0.77,3.84,1.39亿,7.12亿,89.05亿,--
2921,2275,300348,长亮科技,15.39,0.0,0.0,0.0,5.69,0.51,4.74,5.61亿,6.35亿,97.68亿,2354.09
2922,2276,300428,立中集团,16.92,0.0,0.0,-0.06,0.71,1.08,1.71,0.65亿,5.36亿,90.70亿,16.29
2923,2277,300881,盛德鑫泰,31.57,0.0,0.0,-0.13,1.77,0.93,1.62,0.32亿,0.57亿,18.12亿,13.50
2924,2278,300911,亿田智能,27.04,0.0,0.0,0.04,2.39,0.73,3.07,0.84亿,1.29亿,34.94亿,--
2925,2279,300955,嘉亨家化,15.68,0.0,0.0,-0.06,2.86,0.51,3.38,0.27亿,0.59亿,9.23亿,534.73
2926,2280,301049,超越科技,24.8,0.0,0.0,0.0,1.19,0.47,2.5,0.28亿,0.94亿,23.37亿,--
2927,2981,002028,思源电气,72.97,-0.38,-0.28,0.0,0.56,0.6,1.58,2.48亿,6.05亿,441.26亿,28.49
2928,2982,002276,万马股份,9.11,-2.98,-0.28,0.0,6.1,1.03,3.94,5.67亿,10.05亿,91.56亿,27.20
2929,2983,300634,彩讯股份,22.78,-1.21,-0.28,0.04,3.89,0.85,3.9,3.92亿,4.35亿,99.02亿,39.50
2930,2984,300916,朗特智能,31.26,-0.89,-0.28,0.06,3.62,1.16,2.85,1.05亿,0.92亿,28.86亿,32.57
2931,2985,300980,祥源新材,22.71,-1.22,-0.28,-0.18,2.06,0.35,2.7,0.46亿,0.98亿,22.28亿,112.55
2932,2986,301171,易点天下,28.46,-0.97,-0.28,0.0,5.73,0.79,3.41,5.11亿,3.09亿,87.88亿,51.66
2933,2987,301226,祥明智能,23.97,-1.16,-0.28,-0.13,3.95,0.82,2.72,0.47亿,0.49亿,11.76亿,96.17
2934,2988,301272,英华特,35.98,-0.77,-0.28,0.08,1.56,0.63,1.6,0.18亿,0.31亿,11.27亿,28.88
2935,2989,600326,西藏天路,6.96,-3.87,-0.28,-0.29,9.16,0.94,5.94,8.44亿,13.02亿,90.65亿,--
2936,2990,688561,奇安信,28.4,-0.98,-0.28,0.0,0.64,1.02,2.65,1.26亿,6.85亿,194.59亿,--
2937,2721,688657,浩辰软件,40.36,-0.3,-0.12,-0.05,0.77,0.64,1.98,0.13亿,0.40亿,16.30亿,57.17
2938,2722,831526,凯华材料,27.46,-0.43,-0.12,0.0,1.35,0.51,4.28,0.20亿,0.52亿,14.33亿,97.41
2939,2723,000975,山金国际,15.42,-0.84,-0.13,-0.07,0.67,0.69,1.67,2.59亿,24.87亿,383.51亿,18.59
2940,2724,002067,景兴纸业,4.47,-2.83,-0.13,-0.22,38.5,5.49,16.3,17.63亿,10.45亿,46.70亿,79.20
2941,2725,002261,拓维信息,18.78,-0.69,-0.13,-0.05,3.98,0.91,3.49,8.53亿,11.28亿,211.78亿,1606.76
2942,2726,002409,雅克科技,60.72,-0.21,-0.13,-0.02,2.77,1.18,2.94,5.41亿,3.19亿,193.41亿,28.95
2943,2727,002765,蓝黛科技,9.18,-1.4,-0.13,-0.22,7.09,0.61,3.97,3.94亿,5.96亿,54.70亿,43.33
2944,2728,002841,视源股份,38.14,-0.34,-0.13,0.13,0.62,0.75,2.17,1.24亿,5.21亿,198.84亿,21.40
2945,2729,300363,博腾股份,16.35,-0.79,-0.13,-0.12,1.44,0.87,2.79,1.19亿,5.01亿,81.83亿,--
2946,2730,300890,翔丰华,29.46,-0.44,-0.13,0.0,3.66,1.12,3.82,1.16亿,1.07亿,31.51亿,46.62
2947,2871,300628,亿联网络,39.62,-0.5,-0.2,0.03,1.07,0.69,1.48,3.08亿,7.23亿,286.48亿,18.19
2948,2872,301010,晶雪节能,21.8,-0.91,-0.2,0.32,11.83,0.86,9.14,2.84亿,1.08亿,23.54亿,95.53
2949,2873,301318,维海德,31.18,-0.64,-0.2,-0.06,4.21,0.85,2.49,0.77亿,0.59亿,18.24亿,35.84
2950,2874,301516,中远通,19.56,-1.01,-0.2,0.26,17.56,1.38,2.43,2.43亿,0.70亿,13.73亿,--
2951,2875,600480,凌云股份,11.34,-1.73,-0.2,0.09,3.52,1.15,2.95,3.68亿,9.17亿,103.98亿,15.97
2952,2876,600490,鹏欣资源,3.72,-5.1,-0.2,-0.27,9.15,0.87,6.38,6.98亿,19.93亿,74.13亿,--
2953,2877,600566,济川药业,29.57,-0.67,-0.2,0.0,0.62,1.13,2.15,1.68亿,9.16亿,270.79亿,10.74
2954,2878,600609,金杯汽车,7.43,-2.62,-0.2,0.0,3.5,0.85,4.46,3.43亿,13.11亿,97.42亿,25.05
2955,2879,603738,泰晶科技,15.99,-1.24,-0.2,0.0,2.56,0.81,2.53,1.61亿,3.89亿,62.25亿,55.31
2956,2880,688007,光峰科技,15.54,-1.27,-0.2,0.0,1.26,0.95,2.86,0.91亿,4.59亿,71.37亿,124.64
2957,3021,301030,仕净科技,25.62,-1.2,-0.31,-0.08,2.18,1.0,2.7,0.96亿,1.71亿,43.77亿,26.93
2958,3022,301139,元道通信,23.1,-1.32,-0.31,-0.09,3.7,0.68,3.03,0.62亿,0.72亿,16.57亿,45.11
2959,3023,600088,中视传媒,19.52,-1.56,-0.31,0.0,3.32,0.54,2.98,2.61亿,3.98亿,77.63亿,52.63
2960,3024,603181,皇马科技,11.9,-2.54,-0.31,0.0,0.57,1.09,2.95,0.40亿,5.89亿,70.06亿,18.40
2961,3025,603501,韦尔股份,105.7,-0.29,-0.31,-0.01,1.91,1.12,2.62,24.80亿,12.16亿,1285.38亿,40.59
2962,3026,688168,安博通,39.78,-0.77,-0.31,0.18,2.53,0.86,3.22,0.78亿,0.77亿,30.57亿,--
2963,3027,688212,澳华内镜,40.96,-0.75,-0.31,0.02,0.97,0.68,4.7,0.54亿,1.35亿,55.13亿,110.84
2964,3028,688391,钜泉科技,32.33,-0.95,-0.31,0.03,2.44,0.86,3.16,0.45亿,0.57亿,18.35亿,38.86
2965,3029,832149,利尔达,9.88,-3.04,-0.31,0.0,5.44,0.74,5.79,0.64亿,1.15亿,11.40亿,--
2966,3030,870726,鸿智科技,20.71,-1.48,-0.31,0.0,10.58,0.71,3.33,0.36亿,0.16亿,3.34亿,43.08
2967,1011,301212,联盛化学,21.26,0.66,0.14,0.0,2.29,0.64,3.17,0.13亿,0.27亿,5.74亿,127.34
2968,1012,301270,汉仪股份,36.26,0.39,0.14,-0.22,2.56,0.57,3.71,0.69亿,0.74亿,26.85亿,536.76
2969,1013,301370,国科恒泰,11.3,1.25,0.14,0.18,1.29,0.95,2.78,0.47亿,3.24亿,36.58亿,39.98
2970,1014,600029,南方航空,6.66,2.15,0.14,0.0,0.47,1.13,3.07,3.95亿,126.73亿,844.04亿,46.06
2971,1015,600055,万东医疗,15.53,0.91,0.14,0.13,0.68,0.77,2.53,0.57亿,5.41亿,83.99亿,70.76
2972,1016,600121,郑州煤电,4.4,3.29,0.14,0.0,4.29,1.68,9.15,2.29亿,12.18亿,53.61亿,309.02
2973,1017,600251,冠农股份,7.54,1.89,0.14,0.0,1.29,1.73,3.51,0.75亿,7.77亿,58.59亿,13.24
2974,1018,600372,中航机载,12.48,1.14,0.14,0.0,0.99,2.64,2.19,5.94亿,47.57亿,593.65亿,37.65
2975,1019,600470,六国化工,5.6,2.56,0.14,-0.18,4.08,1.16,3.85,1.19亿,5.22亿,29.21亿,57.09
2976,1020,600475,华光环能,9.18,1.55,0.14,0.0,0.76,1.57,2.88,0.65亿,9.42亿,86.51亿,13.68
2977,3151,873570,坤博精工,31.77,-1.33,-0.43,0.0,2.47,0.78,4.44,0.18亿,0.22亿,7.11亿,62.58
2978,3152,002415,海康威视,31.06,-1.4,-0.44,0.0,0.38,0.8,2.03,10.80亿,91.06亿,2828.22亿,26.53
2979,3153,301345,涛涛车业,65.06,-0.67,-0.44,0.02,1.88,0.41,1.62,0.37亿,0.30亿,19.39亿,17.77
2980,3154,301528,多浦乐,41.33,-1.05,-0.44,-0.31,1.82,0.69,2.73,0.23亿,0.31亿,12.72亿,69.52
2981,3155,603082,北自科技,36.11,-1.2,-0.44,0.03,9.37,1.17,2.27,1.11亿,0.32亿,11.72亿,36.08
2982,3156,688172,燕东微,20.89,-2.06,-0.44,0.0,1.02,0.77,4.5,1.27亿,5.85亿,122.26亿,--
2983,3157,688209,英集芯,18.55,-2.32,-0.44,0.0,2.41,0.96,4.11,1.37亿,2.99亿,55.44亿,67.07
2984,3158,688327,云从科技,12.89,-3.3,-0.44,0.0,3.65,0.8,4.65,3.61亿,7.52亿,96.93亿,--
2985,3159,688700,东威科技,27.91,-1.55,-0.44,-0.61,1.8,1.19,3.67,1.51亿,2.98亿,83.28亿,91.32
2986,3160,000807,云铝股份,13.75,-3.17,-0.45,-0.07,1.32,1.59,3.8,6.39亿,34.68亿,476.84亿,9.36
2987,3101,002046,国机精工,14.35,-2.51,-0.37,0.0,4.68,0.64,3.8,3.60亿,5.26亿,75.46亿,27.84
2988,3102,300077,国民技术,25.77,-1.42,-0.37,0.0,8.48,0.75,3.56,12.54亿,5.66亿,145.86亿,--
2989,3103,301132,满坤科技,29.55,-1.24,-0.37,0.0,7.54,0.72,2.67,1.03亿,0.46亿,13.60亿,45.79
2990,3104,301186,超达装备,40.31,-0.91,-0.37,-0.15,1.07,0.47,2.8,0.31亿,0.72亿,29.19亿,30.76
2991,3105,301199,迈赫股份,31.68,-1.15,-0.37,0.0,7.48,0.94,2.62,1.11亿,0.47亿,14.80亿,47.28
2992,3106,600933,爱柯迪,17.54,-2.07,-0.37,0.0,0.98,0.64,3.35,1.69亿,9.77亿,171.43亿,17.47
2993,3107,603179,新泉股份,43.44,-0.84,-0.37,0.07,0.75,0.91,3.26,1.59亿,4.87亿,211.69亿,23.16
2994,3108,603205,健尔康,39.96,-0.92,-0.37,-0.03,4.95,0.78,1.61,0.59亿,0.29亿,11.75亿,38.48
2995,3109,838924,广脉科技,16.09,-2.25,-0.37,0.0,5.44,0.67,5.22,0.56亿,0.63亿,10.06亿,56.33
2996,3110,000651,格力电器,45.06,-0.84,-0.38,0.07,0.69,0.77,2.22,17.05亿,55.15亿,2485.26亿,8.62
2997,3221,688376,美埃科技,34.83,-1.5,-0.53,0.0,1.04,0.66,2.8,0.19亿,0.51亿,17.76亿,23.63
2998,3222,688630,芯碁微装,61.88,-0.85,-0.53,0.03,1.62,1.12,3.21,1.33亿,1.32亿,81.52亿,39.43
2999,3223,835670,数字人,17.18,-2.99,-0.53,0.0,4.55,0.88,3.95,0.53亿,0.66亿,11.40亿,--
3000,3224,300566,激智科技,19.68,-2.67,-0.54,0.1,9.54,0.92,3.12,4.33亿,2.28亿,44.91亿,22.98
3001,3225,300863,卡倍亿,54.32,-0.98,-0.54,-0.2,18.16,1.69,11.48,12.22亿,1.19亿,64.64亿,38.71
3002,3226,430198,微创光电,11.52,-4.48,-0.54,0.0,6.48,0.84,4.89,0.54亿,0.70亿,8.09亿,--
3003,3227,600498,烽火通信,19.51,-2.69,-0.54,0.05,4.32,1.04,2.74,9.94亿,11.67亿,227.60亿,44.04
3004,3228,603171,税友股份,31.07,-1.71,-0.54,-0.1,0.71,0.75,3.0,0.91亿,4.06亿,126.11亿,81.76
3005,3229,603290,斯达半导,94.37,-0.57,-0.54,-0.01,1.66,0.89,2.69,3.78亿,2.39亿,225.90亿,40.02
3006,3230,688331,荣昌生物,30.68,-1.73,-0.54,0.0,1.04,0.66,4.04,0.53亿,1.62亿,49.69亿,--
3007,2671,688262,国芯科技,29.54,-0.34,-0.1,-0.03,4.81,0.89,4.86,3.84亿,2.64亿,78.09亿,--
3008,2672,688432,有研硅,11.89,-0.83,-0.1,-0.08,1.15,0.95,2.84,0.70亿,5.08亿,60.35亿,57.15
3009,2673,688596,正帆科技,37.87,-0.26,-0.1,0.64,1.54,0.87,2.77,1.69亿,2.89亿,109.52亿,24.77
3010,2674,870204,沪江材料,19.27,-0.52,-0.1,0.0,3.24,0.58,4.59,0.32亿,0.50亿,9.61亿,61.55
3011,2675,870436,大地电气,18.44,-0.54,-0.1,0.0,2.26,0.98,4.96,0.37亿,0.89亿,16.39亿,--
3012,2676,000564,供销大集,3.37,-3.16,-0.11,-0.3,4.17,0.89,5.46,21.24亿,147.15亿,495.90亿,--
3013,2677,000708,中信特钢,11.56,-0.94,-0.11,-0.09,0.32,1.42,1.37,1.85亿,50.47亿,583.45亿,11.41
3014,2678,002007,华兰生物,17.4,-0.63,-0.11,-0.17,0.62,0.59,1.31,1.70亿,15.74亿,273.90亿,25.84
3015,2679,002154,报喜鸟,4.72,-2.28,-0.11,0.0,6.13,0.52,3.31,3.45亿,11.80亿,55.69亿,12.44
3016,2680,002307,北新路桥,4.02,-2.66,-0.11,0.0,7.74,0.8,2.66,3.41亿,10.91亿,43.86亿,761.64
3017,2761,688357,建龙微纳,22.89,-0.61,-0.14,-0.13,0.81,1.31,1.43,0.19亿,1.00亿,22.90亿,28.38
3018,2762,688420,美腾科技,22.63,-0.61,-0.14,0.04,0.81,0.82,2.46,0.06亿,0.34亿,7.72亿,43.41
3019,2763,688628,优利德,37.25,-0.37,-0.14,-0.35,1.22,1.22,2.89,0.50亿,1.11亿,41.41亿,20.51
3020,2764,920088,科力股份,25.78,-0.54,-0.14,0.0,2.95,0.63,2.12,0.15亿,0.20亿,5.14亿,50.21
3021,2765,002006,精工科技,17.31,-0.86,-0.15,0.06,2.29,0.68,2.81,1.81亿,4.55亿,78.79亿,92.40
3022,2766,002242,九阳股份,10.72,-1.38,-0.15,-0.09,1.1,0.98,2.21,0.91亿,7.66亿,82.08亿,62.89
3023,2767,002318,久立特材,23.46,-0.64,-0.15,0.0,0.45,0.98,2.03,1.01亿,9.55亿,223.99亿,16.45
3024,2768,002803,吉宏股份,13.6,-1.09,-0.15,-0.07,3.59,0.52,2.55,1.41亿,2.89亿,39.24亿,29.14
3025,2769,300015,爱尔眼科,13.77,-1.08,-0.15,0.0,0.79,1.23,1.8,8.73亿,79.31亿,1092.16亿,27.91
3026,2770,300287,飞利信,4.76,-3.06,-0.15,0.0,6.51,0.6,5.09,4.13亿,13.11亿,62.39亿,--
3027,2911,688219,会通股份,11.16,-1.93,-0.22,0.09,1.69,0.73,2.81,0.87亿,4.59亿,51.26亿,25.21
3028,2912,688609,九联科技,11.24,-1.92,-0.22,0.0,2.66,0.56,3.84,1.52亿,5.00亿,56.20亿,--
3029,2913,688655,迅捷兴,11.53,-1.87,-0.22,-0.6,1.77,0.94,4.08,0.28亿,1.33亿,15.38亿,811.19
3030,2914,873679,前进科技,17.06,-1.27,-0.22,0.0,2.76,0.71,3.3,0.12亿,0.26亿,4.46亿,38.48
3031,2915,002185,华天科技,12.35,-1.83,-0.23,0.0,4.0,1.18,2.7,15.97亿,32.04亿,395.66亿,83.13
3032,2916,002402,和而泰,19.42,-1.17,-0.23,0.0,10.88,0.73,2.95,17.17亿,8.01亿,155.63亿,37.92
3033,2917,002796,世嘉科技,13.85,-1.63,-0.23,-0.07,11.64,0.61,7.17,3.69亿,2.27亿,31.38亿,93.37
3034,2918,300438,鹏辉能源,29.45,-0.78,-0.23,-0.1,2.27,0.97,1.95,2.72亿,4.04亿,119.03亿,183.75
3035,2919,301180,万祥科技,16.61,-1.37,-0.23,0.0,0.86,0.68,3.56,0.58亿,4.00亿,66.44亿,231.69
3036,2920,301282,金禄电子,22.02,-1.03,-0.23,0.0,3.76,0.62,2.83,0.60亿,0.72亿,15.89亿,43.84
3037,2861,603348,文灿股份,24.6,-0.77,-0.19,0.0,1.03,0.78,1.61,0.68亿,2.70亿,66.48亿,59.71
3038,2862,603800,洪田股份,25.06,-0.75,-0.19,-0.04,2.53,1.07,3.88,1.30亿,2.08亿,52.12亿,45.91
3039,2863,688298,东方生物,30.62,-0.62,-0.19,0.0,0.82,0.41,1.75,0.51亿,2.02亿,61.73亿,--
3040,2864,688409,富创精密,55.4,-0.34,-0.19,-0.04,2.8,1.15,3.6,2.82亿,1.79亿,99.18亿,67.46
3041,2865,688571,杭华股份,7.02,-2.63,-0.19,0.0,2.27,0.55,4.72,0.68亿,4.20亿,29.49亿,21.85
3042,2866,000066,中国长城,15.38,-1.28,-0.2,-0.07,3.66,0.91,3.47,17.93亿,31.47亿,483.98亿,--
3043,2867,000099,中信海直,26.92,-0.74,-0.2,0.0,6.14,0.95,4.2,12.99亿,7.76亿,208.84亿,80.37
3044,2868,002202,金风科技,10.39,-1.89,-0.2,-0.1,1.41,1.71,3.49,4.94亿,33.94亿,352.66亿,18.37
3045,2869,300035,中科电气,14.31,-1.38,-0.2,-0.07,3.0,1.19,3.17,2.53亿,5.83亿,83.48亿,40.07
3046,2870,300188,国投智能,14.83,-1.33,-0.2,-0.07,1.57,0.67,3.13,1.84亿,7.82亿,115.96亿,--
3047,2841,601168,西部矿业,16.23,-1.1,-0.18,0.0,0.92,0.8,1.89,3.58亿,23.83亿,386.76亿,10.62
3048,2842,601225,陕西煤业,22.79,-0.78,-0.18,-0.04,0.57,1.29,3.13,12.44亿,96.95亿,2209.49亿,10.39
3049,2843,601318,中国平安,53.27,-0.34,-0.18,-0.11,0.5,1.16,1.95,28.62亿,107.63亿,5733.27亿,6.11
3050,2844,601360,三六零,11.03,-1.61,-0.18,0.0,2.03,0.93,3.12,15.85亿,70.00亿,772.05亿,--
3051,2845,601628,中国人寿,42.52,-0.42,-0.18,0.0,0.05,1.0,2.74,4.45亿,208.24亿,8854.17亿,8.62
3052,2846,601865,福莱特,20.48,-0.87,-0.18,0.0,0.77,0.93,1.84,3.01亿,19.00亿,389.13亿,27.78
3053,2847,603100,川仪股份,21.5,-0.83,-0.18,-0.05,1.34,0.89,3.09,1.46亿,5.08亿,109.31亿,14.84
3054,2848,603606,东方电缆,52.68,-0.34,-0.18,0.0,0.89,1.05,1.65,3.24亿,6.88亿,362.29亿,29.15
3055,2849,605111,新洁能,36.35,-0.49,-0.18,0.0,4.75,0.98,2.93,7.25亿,4.15亿,150.97亿,34.08
3056,2850,688651,盛邦安全,37.87,-0.47,-0.18,0.0,1.74,0.42,2.47,0.21亿,0.32亿,11.93亿,--
3057,3261,688653,康希通信,14.26,-3.97,-0.59,0.14,4.17,1.39,4.92,1.88亿,3.11亿,44.28亿,--
3058,3262,300383,光环新网,13.9,-4.14,-0.6,-0.22,9.61,0.87,6.9,24.55亿,17.94亿,249.33亿,51.90
3059,3263,300678,中科信息,38.61,-1.53,-0.6,-0.03,3.62,0.73,2.35,4.04亿,2.86亿,110.25亿,1386.81
3060,3264,300740,水羊股份,14.27,-4.04,-0.6,0.07,6.15,0.76,3.77,3.17亿,3.57亿,51.00亿,44.05
3061,3265,301399,英特科技,26.09,-2.25,-0.6,-0.19,17.58,1.22,5.96,1.74亿,0.38亿,9.84亿,59.25
3062,3266,603979,金诚信,37.2,-1.59,-0.6,-0.08,1.16,1.21,2.35,2.70亿,6.24亿,232.04亿,15.92
3063,3267,688218,江苏北人,21.78,-2.68,-0.6,0.0,5.28,0.81,3.58,1.38亿,1.19亿,25.81亿,265.33
3064,3268,688401,路维光电,26.89,-2.18,-0.6,-0.15,1.73,1.09,3.38,0.55亿,1.16亿,31.11亿,32.21
3065,3269,688612,威迈斯,24.18,-2.42,-0.6,-0.04,1.42,1.76,4.04,0.73亿,2.11亿,51.01亿,25.78
3066,3270,835305,云创数据,19.81,-2.94,-0.6,0.0,3.69,0.81,5.59,0.60亿,0.81亿,16.07亿,--
3067,2901,301211,亨迪药业,20.55,-1.06,-0.22,0.0,6.25,0.52,2.98,0.93亿,0.72亿,14.80亿,59.45
3068,2902,301278,快可电子,37.74,-0.58,-0.22,0.0,7.47,0.93,3.27,0.95亿,0.34亿,12.76亿,26.51
3069,2903,301286,侨源股份,36.8,-0.59,-0.22,0.0,2.72,0.54,2.08,0.40亿,0.40亿,14.62亿,85.81
3070,2904,301565,中仑新材,22.11,-0.98,-0.22,-0.05,7.32,0.77,2.87,0.98亿,0.60亿,13.27亿,57.56
3071,2905,600066,宇通客车,25.37,-0.86,-0.22,-0.04,0.84,0.8,2.31,4.68亿,22.14亿,561.68亿,17.32
3072,2906,600292,远达环保,13.53,-1.6,-0.22,0.0,3.08,0.78,3.35,3.29亿,7.81亿,105.64亿,89.66
3073,2907,603195,公牛集团,72.03,-0.3,-0.22,-0.08,0.11,0.86,1.09,1.00亿,12.86亿,926.64亿,21.39
3074,2908,603328,依顿电子,10.36,-2.08,-0.22,0.19,3.34,0.66,3.02,3.49亿,9.98亿,103.44亿,21.17
3075,2909,603628,清源股份,12.95,-1.67,-0.22,0.0,2.49,1.43,3.27,0.88亿,2.72亿,35.25亿,27.18
3076,2910,688039,当虹科技,28.53,-0.77,-0.22,0.0,1.72,0.67,3.69,0.55亿,1.12亿,31.93亿,--
3077,3231,688365,光云科技,12.12,-4.26,-0.54,0.0,11.77,0.82,12.95,6.24亿,4.26亿,51.61亿,--
3078,3232,688589,力合微,30.15,-1.76,-0.54,-0.03,6.16,1.28,4.92,2.29亿,1.21亿,36.53亿,54.42
3079,3233,839167,同享科技,20.24,-2.6,-0.54,0.0,2.5,0.64,3.75,0.34亿,0.65亿,13.21亿,24.06
3080,3234,871753,天纺标,29.65,-1.79,-0.54,0.0,2.97,0.83,2.78,0.28亿,0.31亿,9.33亿,86.28
3081,3235,300842,帝科股份,42.2,-1.29,-0.55,-0.07,2.06,0.98,2.36,1.10亿,1.25亿,52.79亿,15.21
3082,3236,688499,利元亨,23.55,-2.28,-0.55,-0.25,3.02,0.81,2.78,1.21亿,1.68亿,39.65亿,--
3083,3237,688516,奥特维,44.34,-1.23,-0.55,0.02,1.25,0.86,1.56,1.62亿,2.91亿,129.14亿,8.99
3084,3238,688581,安杰思,60.8,-0.9,-0.55,-0.31,1.0,0.69,1.53,0.25亿,0.41亿,24.78亿,18.70
3085,3239,836239,长虹能源,30.86,-1.75,-0.55,0.0,3.31,0.85,3.18,0.51亿,0.50亿,15.34亿,21.08
3086,3240,837212,智新电子,15.5,-3.43,-0.55,0.0,4.51,1.02,7.35,0.37亿,0.51亿,7.96亿,86.00
3087,3291,688190,云路股份,87.24,-0.73,-0.64,0.0,0.44,1.05,2.88,0.47亿,1.20亿,104.69亿,29.87
3088,3292,301566,达利凯普,20.3,-3.1,-0.65,0.05,21.27,0.96,5.54,2.14亿,0.49亿,9.88亿,69.05
3089,3293,002837,英维克,40.48,-1.6,-0.66,0.12,7.97,1.3,4.69,21.17亿,6.47亿,261.75亿,64.02
3090,3294,300693,盛弘股份,26.22,-2.46,-0.66,0.0,9.82,1.96,4.99,6.63亿,2.53亿,66.46亿,22.61
3091,3295,600345,长江通信,24.14,-2.66,-0.66,-0.17,3.6,0.74,2.9,1.86亿,2.12亿,51.07亿,119.86
3092,3296,300657,弘信电子,23.1,-2.82,-0.67,0.04,8.23,0.93,4.84,8.85亿,4.57亿,105.49亿,154.69
3093,3297,300820,英杰电气,57.7,-1.15,-0.67,-0.05,1.86,0.65,2.86,1.20亿,1.11亿,64.04亿,31.64
3094,3298,300997,欢乐家,16.54,-3.89,-0.67,0.12,2.47,1.16,2.85,1.63亿,3.96亿,65.50亿,66.27
3095,3299,688458,美芯晟,33.3,-1.97,-0.67,0.18,1.66,0.66,4.03,0.47亿,0.84亿,27.95亿,--
3096,3300,300249,依米康,13.13,-4.92,-0.68,0.69,31.5,1.85,6.88,15.52亿,3.74亿,49.05亿,586.34
3097,2851,688667,菱电电控,42.75,-0.42,-0.18,0.0,0.85,1.07,2.26,0.19亿,0.52亿,22.15亿,203.50
3098,2852,833914,远航精密,15.31,-1.16,-0.18,0.0,5.12,1.16,5.55,0.78亿,1.00亿,15.31亿,27.26
3099,2853,000581,威孚高科,18.99,-0.99,-0.19,-0.11,1.46,0.71,1.77,2.28亿,8.24亿,156.44亿,11.12
3100,2854,002027,分众传媒,6.87,-2.69,-0.19,0.0,0.94,1.38,3.4,9.40亿,144.42亿,992.18亿,18.75
3101,2855,002291,遥望科技,6.97,-2.65,-0.19,-0.29,10.94,0.62,4.47,6.77亿,8.78亿,61.17亿,--
3102,2856,002335,科华数据,30.35,-0.62,-0.19,0.17,18.76,1.55,7.17,23.34亿,4.01亿,121.65亿,44.13
3103,2857,301195,北路智控,33.66,-0.56,-0.19,0.03,2.67,0.76,2.07,0.45亿,0.50亿,16.71亿,23.76
3104,2858,600989,宝丰能源,16.28,-1.15,-0.19,0.0,0.43,1.2,4.07,5.16亿,73.33亿,1193.87亿,19.74
3105,2859,601888,中国中免,68.88,-0.28,-0.19,-0.02,0.61,1.06,1.45,8.20亿,19.52亿,1344.87亿,27.27
3106,2860,603270,金帝股份,20.63,-0.91,-0.19,0.0,5.33,1.09,2.31,0.78亿,0.71亿,14.59亿,40.62
3107,2941,002459,晶澳科技,14.08,-1.75,-0.25,-0.07,1.13,1.03,2.23,5.31亿,33.06亿,465.48亿,--
3108,2942,002698,博实股份,17.81,-1.38,-0.25,0.06,2.76,0.95,3.49,4.20亿,8.41亿,149.86亿,29.94
3109,2943,300353,东土科技,12.03,-2.04,-0.25,-0.08,2.28,0.77,3.26,1.46亿,5.22亿,62.82亿,--
3110,2944,300475,香农芯创,29.91,-0.83,-0.25,0.0,4.65,1.51,4.01,6.23亿,4.40亿,131.68亿,28.18
3111,2945,600143,金发科技,8.92,-2.73,-0.25,0.0,2.85,1.37,4.58,6.67亿,25.97亿,231.67亿,25.82
3112,2946,603138,海量数据,13.84,-1.77,-0.25,-0.58,2.38,0.58,3.62,0.94亿,2.83亿,39.18亿,--
3113,2947,688173,希荻微,12.36,-1.98,-0.25,0.08,2.35,0.83,4.04,0.71亿,2.39亿,29.50亿,--
3114,2948,688193,仁度生物,37.15,-0.67,-0.25,0.0,0.71,0.6,3.29,0.08亿,0.30亿,11.24亿,238.59
3115,2949,688475,萤石网络,30.05,-0.82,-0.25,0.0,1.02,1.19,2.44,1.25亿,4.05亿,121.64亿,47.36
3116,2950,688798,艾为电子,73.75,-0.34,-0.25,-0.01,2.64,0.73,5.53,2.69亿,1.35亿,99.77亿,72.34
3117,991,002312,川发龙蟒,15.02,0.94,0.14,-0.4,4.8,0.78,3.76,12.75亿,17.53亿,263.34亿,50.09
3118,992,002317,众生药业,12.13,1.17,0.14,0.08,1.73,0.82,2.75,1.59亿,7.62亿,92.38亿,52.06
3119,993,002349,精华制药,7.99,1.78,0.14,0.0,1.55,0.82,3.06,1.00亿,8.14亿,65.05亿,29.71
3120,994,002378,章源钨业,6.7,2.13,0.14,-0.15,1.25,1.28,3.66,1.00亿,11.95亿,80.07亿,41.19
3121,995,002432,九安医疗,42.1,0.33,0.14,0.02,1.1,1.11,1.36,2.08亿,4.49亿,189.21亿,11.32
3122,996,002452,长高电新,7.55,1.89,0.14,0.13,2.77,1.3,2.97,1.08亿,5.16亿,38.95亿,19.40
3123,997,002521,齐峰新材,10.1,1.41,0.14,-0.3,1.0,1.01,3.11,0.41亿,4.03亿,40.69亿,39.86
3124,998,002567,唐人神,5.32,2.7,0.14,0.19,4.9,1.88,4.83,3.70亿,14.32亿,76.16亿,22.54
3125,999,002603,以岭药业,16.31,0.87,0.14,-0.06,0.96,1.04,1.92,2.14亿,13.76亿,224.48亿,36.84
3126,1000,300266,兴源环境,2.99,4.91,0.14,0.0,3.28,1.25,8.07,1.52亿,15.53亿,46.44亿,--
3127,3041,301529,福赛科技,30.61,-1.03,-0.32,0.0,1.95,0.87,2.13,0.26亿,0.43亿,13.04亿,37.43
3128,3042,601899,紫金矿业,15.3,-2.05,-0.32,0.07,0.6,1.0,2.69,19.04亿,205.57亿,3145.23亿,12.52
3129,3043,603375,盛景微,40.76,-0.78,-0.32,0.03,9.6,0.85,2.9,0.79亿,0.20亿,8.21亿,161.78
3130,3044,688001,华兴源创,28.67,-1.1,-0.32,0.0,0.74,0.67,3.14,0.96亿,4.45亿,127.59亿,--
3131,3045,688006,杭可科技,18.83,-1.67,-0.32,-0.05,0.8,1.82,2.25,0.92亿,6.04亿,113.67亿,22.68
3132,3046,688056,莱伯泰科,30.4,-1.04,-0.32,-0.43,0.54,0.63,3.42,0.11亿,0.67亿,20.51亿,43.82
3133,3047,688061,灿瑞科技,30.51,-1.04,-0.32,-0.29,1.89,0.86,3.5,0.25亿,0.43亿,13.21亿,--
3134,3048,688068,热景生物,60.88,-0.52,-0.32,0.07,1.97,0.55,3.71,1.10亿,0.92亿,56.30亿,--
3135,3049,688150,莱特光电,22.14,-1.43,-0.32,-0.05,2.32,1.01,4.1,0.94亿,1.79亿,39.59亿,51.50
3136,3050,836149,旭杰科技,12.56,-2.48,-0.32,0.0,7.41,0.93,7.45,0.46亿,0.49亿,6.15亿,181.35
3137,2811,002078,太阳纸业,14.58,-1.15,-0.17,-0.27,0.57,1.09,2.44,2.31亿,27.75亿,404.64亿,12.43
3138,2812,002142,宁波银行,24.01,-0.7,-0.17,-0.04,0.41,0.95,2.03,6.45亿,65.24亿,1566.32亿,5.74
3139,2813,002487,大金重工,20.83,-0.81,-0.17,0.1,1.04,0.69,2.48,1.38亿,6.31亿,131.42亿,35.33
3140,2814,002529,海源复材,8.62,-1.93,-0.17,-0.35,5.32,0.5,4.21,1.21亿,2.60亿,22.41亿,--
3141,2815,300049,福瑞股份,34.12,-0.5,-0.17,-0.06,1.72,0.65,2.68,1.37亿,2.34亿,79.67亿,66.82
3142,2816,300058,蓝色光标,9.4,-1.78,-0.17,0.0,6.75,0.8,3.45,15.83亿,24.50亿,230.26亿,144.65
3143,2817,300199,翰宇药业,13.3,-1.26,-0.17,-0.08,4.8,0.47,3.42,4.56亿,7.06亿,93.94亿,--
3144,2818,300349,金卡智能,14.62,-1.15,-0.17,0.07,5.96,1.14,2.64,3.25亿,3.70亿,54.16亿,15.40
3145,2819,301039,中集车辆,9.34,-1.79,-0.17,0.0,1.21,1.47,2.21,1.65亿,14.54亿,135.77亿,15.58
3146,2820,301141,中科磁业,38.24,-0.44,-0.17,0.0,3.77,1.0,2.27,0.65亿,0.45亿,17.02亿,331.74
3147,3031,002219,新里程,2.87,-10.03,-0.32,0.0,9.38,2.42,6.58,9.01亿,32.72亿,93.91亿,138.11
3148,3032,002236,大华股份,16.7,-1.88,-0.32,0.12,2.27,1.2,2.23,8.05亿,21.04亿,351.31亿,16.22
3149,3033,002484,江海股份,18.51,-1.7,-0.32,-0.05,5.62,1.21,4.94,8.59亿,8.20亿,151.87亿,23.88
3150,3034,002635,安洁科技,16.83,-1.87,-0.32,0.06,6.34,1.29,2.51,4.25亿,3.95亿,66.55亿,37.59
3151,3035,300017,网宿科技,10.17,-3.05,-0.32,-0.1,7.62,0.95,5.53,18.10亿,22.86亿,232.53亿,43.45
3152,3036,300229,拓尔思,20.46,-1.54,-0.32,-0.05,6.24,1.01,3.61,10.20亿,7.95亿,162.60亿,301.69
3153,3037,300602,飞荣达,20.65,-1.53,-0.32,0.0,6.93,1.11,3.0,5.65亿,3.92亿,80.90亿,86.59
3154,3038,301042,安联锐视,37.81,-0.84,-0.32,0.0,3.25,0.7,2.46,0.53亿,0.43亿,16.17亿,26.27
3155,3039,301162,国能日新,47.1,-0.68,-0.32,0.0,4.6,0.81,2.72,1.32亿,0.61亿,28.93亿,66.48
3156,3040,301323,新莱福,38.47,-0.82,-0.32,0.03,1.46,0.77,1.91,0.38亿,0.67亿,25.78亿,28.33
3157,2921,600699,均胜电子,16.12,-1.41,-0.23,0.0,1.93,1.11,2.02,4.29亿,13.68亿,220.53亿,18.09
3158,2922,603529,爱玛科技,41.06,-0.56,-0.23,0.0,0.35,0.86,2.01,1.22亿,8.43亿,346.04亿,17.08
3159,2923,603989,艾华集团,15.49,-1.46,-0.23,-0.13,2.28,1.38,4.13,1.43亿,4.01亿,62.14亿,23.5
3160,2924,688352,颀中科技,13.19,-1.71,-0.23,0.08,3.23,1.07,3.13,1.55亿,3.60亿,47.47亿,51.5
3161,2925,688663,新风光,23.13,-0.98,-0.23,-0.17,1.64,0.8,2.57,0.54亿,1.40亿,32.37亿,20.36
3162,2926,832802,保丽洁,16.02,-1.42,-0.23,0.0,7.19,0.85,4.12,0.20亿,0.17亿,2.72亿,54.1
3163,2927,873152,天宏锂电,16.13,-1.41,-0.23,0.0,4.75,0.57,5.07,0.44亿,0.56亿,9.05亿,319.11
3164,2928,001373,翔腾新材,30.16,-0.79,-0.24,0.13,4.53,0.81,1.71,0.46亿,0.33亿,9.99亿,139.44
3165,2929,002008,大族激光,26.08,-0.91,-0.24,0.12,2.56,1.16,2.28,6.58亿,9.79亿,255.40亿,14.43
3166,2930,300915,海融科技,33.54,-0.71,-0.24,0.03,3.8,1.47,3.26,0.53亿,0.41亿,13.75亿,25.87
3167,2961,603605,珀莱雅,87.9,-0.29,-0.26,-0.09,0.77,0.78,1.36,2.66亿,3.95亿,347.56亿,26.14
3168,2962,688292,浩瀚深度,20.52,-1.25,-0.26,0.0,1.83,0.72,3.08,0.34亿,0.90亿,18.47亿,66.04
3169,2963,688584,上海合晶,20.8,-1.24,-0.26,0.0,5.64,0.86,3.94,0.67亿,0.56亿,11.71亿,131.62
3170,2964,688598,金博股份,22.3,-1.15,-0.26,-0.13,2.26,0.95,2.44,1.04亿,2.04亿,45.53亿,--
3171,2965,832978,开特股份,14.04,-1.82,-0.26,0.0,2.07,0.77,3.15,0.29亿,1.00亿,14.06亿,19.88
3172,2966,002126,银轮股份,19.15,-1.39,-0.27,0.05,4.55,1.14,5.0,6.94亿,7.82亿,149.71亿,19.78
3173,2967,301066,万事利,14.44,-1.84,-0.27,0.07,3.78,0.66,3.6,1.04亿,1.89亿,27.26亿,73.48
3174,2968,600839,四川长虹,10.78,-2.44,-0.27,0.0,7.99,0.85,3.8,40.17亿,46.15亿,497.49亿,108.32
3175,2969,603997,继峰股份,12.45,-2.12,-0.27,0.08,0.38,0.67,3.07,0.61亿,12.66亿,157.63亿,--
3176,2970,688138,清溢光电,24.36,-1.1,-0.27,0.0,0.87,0.93,3.78,0.57亿,2.67亿,64.99亿,40.47
3177,2791,002438,江苏神通,12.37,-1.28,-0.16,0.0,1.56,0.76,2.31,0.91亿,4.69亿,58.00亿,20.67
3178,2792,300207,欣旺达,22.88,-0.69,-0.16,-0.18,1.63,1.14,2.95,6.42亿,17.12亿,391.63亿,26.13
3179,2793,300492,华图山鼎,75.04,-0.21,-0.16,-0.08,0.3,0.78,2.08,0.31亿,1.40亿,105.42亿,61.09
3180,2794,300748,金力永磁,18.92,-0.84,-0.16,-0.47,1.8,0.9,2.73,3.88亿,11.34亿,214.51亿,96.95
3181,2795,300762,上海瀚讯,21.84,-0.73,-0.16,0.09,3.64,0.72,3.27,5.07亿,6.28亿,137.15亿,--
3182,2796,300784,利安科技,61.22,-0.26,-0.16,-0.11,4.87,0.68,2.28,0.42亿,0.14亿,8.61亿,57.12
3183,2797,301198,喜悦智行,11.76,-1.34,-0.16,0.09,4.18,1.04,3.02,0.81亿,1.62亿,19.08亿,243.43
3184,2798,301235,华康医疗,20.19,-0.79,-0.16,0.05,2.41,0.38,1.52,0.25亿,0.51亿,10.29亿,81.44
3185,2799,301378,通达海,30.05,-0.53,-0.16,0.0,3.17,0.72,2.98,0.42亿,0.44亿,13.18亿,--
3186,2800,603527,众源新材,9.84,-1.6,-0.16,0.0,4.69,1.07,2.3,1.47亿,3.17亿,31.19亿,25.52
3187,2931,301112,信邦智能,24.85,-0.96,-0.24,0.12,3.13,0.62,4.11,0.29亿,0.36亿,9.01亿,238.56
3188,2932,301153,中科江南,28.0,-0.85,-0.24,0.0,1.93,0.98,2.9,1.12亿,2.06亿,57.64亿,1084.43
3189,2933,301293,三博脑科,47.86,-0.5,-0.24,0.0,5.92,0.75,3.06,4.59亿,1.61亿,77.03亿,70.72
3190,2934,601633,长城汽车,26.4,-0.9,-0.24,-0.04,0.24,1.13,1.76,3.97亿,61.87亿,1633.34亿,16.23
3191,2935,603103,横店影视,15.51,-1.52,-0.24,-0.06,1.08,1.02,5.91,1.08亿,6.34亿,98.36亿,424.30
3192,2936,603866,桃李面包,6.89,-3.37,-0.24,0.0,2.26,0.96,3.09,2.52亿,16.00亿,110.22亿,19.00
3193,2937,688233,神工股份,24.67,-0.96,-0.24,-0.12,1.45,0.9,3.57,0.62亿,1.70亿,42.01亿,114.64
3194,2938,688244,永信至诚,26.82,-0.89,-0.24,-0.04,1.58,0.58,2.11,0.21亿,0.49亿,13.27亿,--
3195,2939,688268,华特气体,47.98,-0.5,-0.24,-0.02,1.0,0.78,1.91,0.58亿,1.20亿,57.68亿,32.65
3196,2940,688306,均普智能,8.1,-2.88,-0.24,0.0,6.0,0.77,5.04,2.32亿,4.68亿,37.92亿,--
3197,3061,301338,凯格精机,33.37,-0.98,-0.33,-0.12,3.09,0.69,2.37,0.36亿,0.34亿,11.45亿,60.47
3198,3062,600850,电科数字,23.27,-1.4,-0.33,-0.09,1.85,1.21,2.97,2.66亿,6.10亿,141.93亿,39.41
3199,3063,603223,恒通股份,10.4,-3.08,-0.33,0.19,3.51,1.97,4.94,2.06亿,5.53亿,57.53亿,56.47
3200,3064,688062,迈威生物,20.67,-1.57,-0.33,0.0,1.07,0.88,3.52,0.46亿,2.04亿,42.20亿,--
3201,3065,688207,格灵深瞳,15.0,-2.15,-0.33,-0.13,3.76,0.84,5.35,1.03亿,1.79亿,26.80亿,--
3202,3066,688371,菲沃泰,15.68,-2.06,-0.33,-0.06,1.1,0.83,3.94,0.22亿,1.27亿,19.90亿,144.93
3203,3067,688819,天能股份,28.0,-1.17,-0.33,0.11,0.28,0.9,1.84,0.75亿,9.72亿,272.19亿,13.94
3204,3068,835185,贝特瑞,21.16,-1.54,-0.33,0.0,0.31,1.03,1.81,0.74亿,11.09亿,234.70亿,26.65
3205,3069,002262,恩华药业,24.76,-1.35,-0.34,0.0,0.61,1.08,2.23,1.33亿,8.82亿,218.33亿,18.50
3206,3070,301379,天山电子,21.25,-1.57,-0.34,-0.09,6.47,1.19,3.15,1.30亿,0.93亿,19.85亿,21.58
3207,2731,300903,科翔股份,8.61,-1.49,-0.13,0.12,5.79,0.57,4.81,1.68亿,3.30亿,28.38亿,--
3208,2732,301106,骏成科技,29.31,-0.44,-0.13,-0.31,3.22,0.75,2.07,0.28亿,0.29亿,8.55亿,28.60
3209,2733,430564,天润科技,15.59,-0.83,-0.13,0.0,3.5,0.98,4.07,0.19亿,0.34亿,5.27亿,--
3210,2734,600255,鑫科材料,4.15,-3.04,-0.13,0.0,52.86,1.33,14.95,42.55亿,18.06亿,74.96亿,141.23
3211,2735,600600,青岛啤酒,79.75,-0.16,-0.13,-0.03,0.56,0.96,1.92,3.17亿,7.09亿,565.45亿,16.35
3212,2736,600730,中国高科,6.42,-1.99,-0.13,0.0,7.54,2.05,3.97,2.89亿,5.87亿,37.66亿,105.83
3213,2737,603027,千禾味业,12.6,-1.02,-0.13,-0.24,1.1,0.98,1.57,1.34亿,9.61亿,121.12亿,27.63
3214,2738,603043,广州酒家,16.96,-0.76,-0.13,0.06,0.67,0.79,1.52,0.65亿,5.69亿,96.46亿,16.15
3215,2739,603507,振江股份,22.99,-0.56,-0.13,0.13,1.48,0.91,1.69,0.63亿,1.84亿,42.37亿,19.28
3216,2740,603993,洛阳钼业,6.82,-1.87,-0.13,-0.15,1.06,1.45,2.88,12.92亿,176.66亿,1204.81亿,13.35
3217,2991,688689,银河微电,22.62,-1.22,-0.28,-0.09,0.93,0.77,3.76,0.27亿,1.29亿,29.16亿,48.67
3218,2992,688786,悦安新材,25.6,-1.08,-0.28,0.0,1.59,1.66,3.09,0.50亿,1.20亿,30.68亿,40.85
3219,2993,839680,广道数字,15.95,-1.73,-0.28,0.0,6.51,0.9,4.25,0.49亿,0.47亿,7.48亿,--
3220,2994,000818,航锦科技,20.99,-1.36,-0.29,0.0,4.56,0.76,2.49,6.52亿,6.77亿,142.18亿,262.40
3221,2995,000997,新大陆,20.03,-1.43,-0.29,-0.1,1.71,1.14,3.79,3.54亿,10.26亿,205.58亿,18.94
3222,2996,002390,信邦制药,4.56,-5.98,-0.29,0.44,8.13,2.61,8.04,6.97亿,18.52亿,84.44亿,37.65
3223,2997,002643,万润股份,12.62,-2.25,-0.29,-0.08,3.81,0.8,2.71,4.40亿,9.09亿,114.76亿,29.75
3224,2998,300996,普联软件,19.25,-1.48,-0.29,-0.1,2.49,0.65,2.87,0.82亿,1.69亿,32.50亿,195.87
3225,2999,301381,赛维时代,23.37,-1.23,-0.29,0.04,1.56,0.54,2.28,0.70亿,1.92亿,44.94亿,35.89
3226,3000,301418,协昌科技,35.25,-0.82,-0.29,0.11,3.4,0.87,1.83,0.36亿,0.29亿,10.38亿,51.09
3227,2971,688175,高凌信息,18.02,-1.48,-0.27,0.0,2.71,0.45,4.21,0.29亿,0.58亿,10.41亿,--
3228,2972,688252,天德钰,25.36,-1.05,-0.27,0.0,5.3,1.0,5.85,2.50亿,1.82亿,46.24亿,40.52
3229,2973,688255,凯尔达,28.53,-0.94,-0.27,0.0,3.17,0.66,2.74,0.64亿,0.70亿,20.00亿,80.32
3230,2974,688305,科德数控,69.86,-0.39,-0.27,-0.01,0.93,1.04,1.9,0.66亿,1.02亿,71.05亿,74.13
3231,2975,688313,仕佳光子,15.13,-1.75,-0.27,0.07,3.73,0.8,3.18,2.61亿,4.59亿,69.42亿,143.78
3232,2976,688363,华熙生物,53.24,-0.51,-0.27,0.0,0.5,1.07,1.38,1.28亿,4.82亿,256.45亿,53.13
3233,2977,688456,有研粉材,34.68,-0.77,-0.27,0.17,1.45,0.77,2.58,0.53亿,1.04亿,35.95亿,66.80
3234,2978,831152,昆工科技,12.15,-2.17,-0.27,0.0,2.27,1.2,5.31,0.23亿,0.82亿,9.98亿,--
3235,2979,833575,康乐卫士,17.23,-1.54,-0.27,0.0,1.01,1.13,3.66,0.33亿,1.87亿,32.19亿,--
3236,2980,920098,科隆新材,31.5,-0.85,-0.27,0.0,6.91,0.74,4.34,0.32亿,0.14亿,4.51亿,41.63
3237,2891,688108,赛诺医疗,10.24,-2.01,-0.21,0.0,0.87,0.67,2.39,0.37亿,4.13亿,42.34亿,--
3238,2892,688195,腾景科技,41.34,-0.51,-0.21,0.0,4.23,0.89,3.85,2.29亿,1.29亿,53.47亿,72.29
3239,2893,688728,格科微,14.46,-1.43,-0.21,-0.07,1.09,1.06,3.68,2.33亿,14.49亿,209.51亿,3477.02
3240,2894,833523,德瑞锂电,21.09,-0.99,-0.21,0.0,2.05,0.87,2.25,0.34亿,0.78亿,16.52亿,15.09
3241,2895,836414,欧普泰,11.37,-1.81,-0.21,0.0,3.44,0.73,3.8,0.22亿,0.55亿,6.28亿,--
3242,2896,873223,荣亿精密,10.49,-1.96,-0.21,0.0,3.2,0.41,4.21,0.28亿,0.82亿,8.56亿,--
3243,2897,001326,联域股份,35.85,-0.61,-0.22,0.0,5.86,0.67,1.94,0.44亿,0.21亿,7.43亿,20.93
3244,2898,002216,三全食品,12.56,-1.72,-0.22,-0.16,1.59,0.78,2.9,1.27亿,6.30亿,79.16亿,21.01
3245,2899,002568,百润股份,27.95,-0.78,-0.22,0.0,1.14,0.88,3.34,2.29亿,7.16亿,200.23亿,38.30
3246,2900,301088,戎美股份,14.37,-1.51,-0.22,0.14,5.15,0.54,2.81,0.43亿,0.58亿,8.28亿,37.26
3247,3401,301160,翔楼新材,59.7,-1.55,-0.94,0.05,5.76,0.99,4.06,1.51亿,0.43亿,25.78亿,25.82
3248,3402,301538,骏鼎达,83.1,-1.12,-0.94,0.02,7.69,0.76,2.32,0.89亿,0.14亿,11.63亿,30.23
3249,3403,688390,固德威,42.6,-2.16,-0.94,0.07,1.79,1.09,2.5,1.87亿,2.43亿,103.34亿,895.81
3250,3404,002055,得润电子,8.54,-10.01,-0.95,0.0,2.35,0.14,0.0,1.19亿,5.91亿,50.50亿,--
3251,3405,002384,东山精密,30.71,-3.0,-0.95,0.0,6.48,1.04,5.72,28.06亿,13.86亿,425.74亿,36.81
3252,3406,300373,扬杰科技,46.65,-2.0,-0.95,-0.11,2.71,1.11,3.05,6.96亿,5.42亿,252.91亿,28.41
3253,3407,603319,湘油泵,21.25,-4.28,-0.95,-0.05,4.91,0.84,7.39,2.37亿,2.20亿,46.66亿,24.36
3254,3408,301155,海力风电,54.61,-1.73,-0.96,0.06,2.77,0.97,3.06,1.78亿,1.17亿,64.11亿,102.58
3255,3409,301591,肯特股份,40.4,-2.32,-0.96,-0.07,12.08,0.96,2.44,1.04亿,0.21亿,8.50亿,43.04
3256,3410,002475,立讯精密,41.35,-2.29,-0.97,-0.05,1.15,1.31,2.5,34.45亿,72.20亿,2985.36亿,24.73
3257,2951,831396,许昌智能,10.18,-2.4,-0.25,0.0,6.83,0.9,4.51,0.66亿,0.94亿,9.58亿,53.01
3258,2952,000408,藏格矿业,27.73,-0.93,-0.26,0.18,0.48,1.15,1.93,2.11亿,15.80亿,438.25亿,17.60
3259,2953,001287,中电港,21.84,-1.18,-0.26,-0.14,3.21,0.85,2.67,3.10亿,4.37亿,95.53亿,83.63
3260,2954,002240,盛新锂能,14.3,-1.79,-0.26,-0.14,1.28,1.62,3.02,1.61亿,8.67亿,123.93亿,--
3261,2955,300479,神思电子,19.38,-1.32,-0.26,0.0,4.63,0.64,3.62,1.80亿,1.97亿,38.19亿,--
3262,2956,300908,仲景食品,31.82,-0.81,-0.26,-0.03,1.5,0.93,2.12,0.59亿,1.24亿,39.32亿,23.37
3263,2957,300946,恒而达,28.36,-0.91,-0.26,0.14,1.39,0.58,2.24,0.23亿,0.57亿,16.15亿,32.31
3264,2958,301487,盟固利,23.86,-1.08,-0.26,-0.04,3.62,0.86,3.19,2.40亿,2.73亿,65.09亿,910.70
3265,2959,601858,中国科传,21.91,-1.17,-0.26,0.05,0.8,0.89,2.71,1.39亿,7.91亿,173.20亿,59.60
3266,2960,603310,巍华新材,19.4,-1.32,-0.26,0.0,6.91,0.67,2.14,0.92亿,0.68亿,13.13亿,27.33
3267,2881,000755,山西高速,5.34,-3.78,-0.21,0.0,3.14,1.11,4.14,2.47亿,14.67亿,78.35亿,15.39
3268,2882,000837,秦川机床,9.51,-2.16,-0.21,-0.11,2.56,1.12,2.57,2.38亿,9.68亿,92.10亿,127.91
3269,2883,002419,天虹股份,6.08,-3.34,-0.21,-0.16,5.31,0.81,4.13,3.82亿,11.69亿,71.06亿,45.04
3270,2884,300433,蓝思科技,21.96,-0.95,-0.21,-0.05,0.61,1.17,2.98,6.73亿,49.65亿,1090.34亿,34.61
3271,2885,300487,蓝晓科技,48.94,-0.43,-0.21,0.0,1.51,1.54,1.38,2.27亿,3.06亿,149.91亿,31.22
3272,2886,300769,德方纳米,39.84,-0.52,-0.21,0.0,2.93,0.82,2.67,2.96亿,2.52亿,100.30亿,--
3273,2887,300850,新强联,19.64,-1.06,-0.21,0.0,2.32,0.96,2.62,1.13亿,2.45亿,48.21亿,--
3274,2888,600588,用友网络,11.63,-1.77,-0.21,0.17,0.92,1.0,4.22,3.70亿,34.17亿,397.40亿,--
3275,2889,600877,电科芯片,13.82,-1.5,-0.21,-0.07,1.46,0.68,2.57,2.42亿,11.84亿,163.64亿,208.17
3276,2890,603218,日月股份,12.37,-1.67,-0.21,0.0,1.49,1.2,2.15,1.91亿,10.27亿,127.02亿,18.88
3277,3051,836422,润普食品,10.51,-2.96,-0.32,0.0,5.18,0.85,5.91,0.37亿,0.66亿,6.96亿,95.73
3278,3052,838701,豪声电子,26.75,-1.18,-0.32,0.0,4.29,0.96,3.95,0.29亿,0.25亿,6.55亿,12.56
3279,3053,000921,海信家电,29.67,-1.1,-0.33,0.0,0.81,0.74,2.9,2.19亿,9.12亿,270.54亿,11.04
3280,3054,000933,神火股份,16.12,-2.01,-0.33,-0.06,1.44,1.09,3.16,5.24亿,22.43亿,361.60亿,7.69
3281,3055,002182,宝武镁业,11.8,-2.72,-0.33,0.0,3.95,0.89,3.05,3.68亿,7.79亿,91.89亿,57.09
3282,3056,002913,奥士康,25.89,-1.26,-0.33,0.12,2.0,0.81,2.63,1.34亿,2.56亿,66.20亿,22.10
3283,3057,300068,南都电源,17.53,-1.85,-0.33,0.0,4.9,0.91,3.19,7.22亿,8.30亿,145.48亿,46.47
3284,3058,300136,信维通信,26.45,-1.23,-0.33,0.0,3.68,1.36,2.91,8.11亿,8.25亿,218.10亿,35.99
3285,3059,300579,数字认证,28.97,-1.13,-0.33,0.04,1.7,0.84,3.65,1.31亿,2.62亿,75.98亿,--
3286,3060,301128,强瑞技术,58.45,-0.56,-0.33,-0.07,13.31,1.48,3.54,2.24亿,0.29亿,16.73亿,40.81
3287,3131,605305,中际联合,28.65,-1.41,-0.41,-0.04,1.22,0.62,2.37,0.75亿,2.13亿,60.89亿,19.16
3288,3132,688359,三孚新科,40.47,-1.0,-0.41,-0.03,1.09,1.25,2.54,0.42亿,0.94亿,37.87亿,--
3289,3133,835892,中科美菱,14.61,-2.73,-0.41,0.0,10.79,0.58,4.93,0.44亿,0.28亿,4.08亿,89.90
3290,3134,301127,天源环保,14.51,-2.81,-0.42,0.0,3.02,0.9,5.63,1.84亿,4.11亿,59.58亿,37.63
3291,3135,600183,生益科技,25.4,-1.63,-0.42,0.0,1.06,0.95,2.79,6.46亿,23.71亿,602.32亿,33.73
3292,3136,688048,长光华芯,39.31,-1.06,-0.42,0.03,3.56,1.08,4.33,1.42亿,1.00亿,39.16亿,--
3293,3137,688400,凌云光,23.16,-1.78,-0.42,0.0,3.05,1.02,4.41,1.72亿,2.40亿,55.52亿,71.89
3294,3138,688419,耐科装备,32.18,-1.29,-0.42,-0.03,5.42,1.03,3.71,0.39亿,0.22亿,7.13亿,34.27
3295,3139,001306,夏厦精密,59.31,-0.72,-0.43,0.02,6.39,0.77,2.02,0.59亿,0.15亿,9.19亿,57.78
3296,3140,002050,三花智控,24.57,-1.72,-0.43,0.04,1.56,1.0,2.4,14.18亿,36.70亿,901.83亿,29.88
3297,3201,301330,熵基科技,28.45,-1.76,-0.51,0.0,3.96,0.86,2.94,0.87亿,0.77亿,21.78亿,34.70
3298,3202,688372,伟测科技,60.15,-0.84,-0.51,-0.18,2.28,0.85,4.29,1.10亿,0.79亿,47.33亿,82.81
3299,3203,873167,新赣江,14.9,-3.31,-0.51,0.0,5.35,0.67,4.48,0.34亿,0.42亿,6.23亿,39.06
3300,3204,001696,宗申动力,26.16,-1.95,-0.52,0.0,7.19,0.82,3.75,17.01亿,8.91亿,233.17亿,57.43
3301,3205,002080,中材科技,13.87,-3.61,-0.52,-0.07,2.88,0.94,4.52,6.80亿,16.78亿,232.76亿,28.69
3302,3206,300661,圣邦股份,86.6,-0.6,-0.52,-0.08,1.07,1.02,3.09,4.26亿,4.53亿,391.89亿,107.60
3303,3207,300691,联合光电,21.6,-2.35,-0.52,-0.14,9.35,1.03,4.57,4.32亿,2.11亿,45.49亿,121.87
3304,3208,300949,奥雅股份,43.79,-1.17,-0.52,0.0,13.24,0.97,10.27,2.06亿,0.34亿,15.02亿,--
3305,3209,300957,贝泰妮,44.64,-1.15,-0.52,-0.11,1.13,1.13,1.86,2.15亿,4.24亿,189.09亿,34.19
3306,3210,300964,本川智能,38.08,-1.35,-0.52,0.0,2.5,0.53,2.44,0.52亿,0.54亿,20.59亿,104.28
3307,3091,600529,山东药玻,25.85,-1.37,-0.36,-0.08,1.77,0.53,2.21,3.04亿,6.64亿,171.54亿,17.86
3308,3092,600838,上海九百,9.51,-3.65,-0.36,0.0,7.33,0.94,5.78,2.86亿,4.01亿,38.12亿,103.52
3309,3093,603042,华脉科技,15.52,-2.27,-0.36,0.0,39.99,2.14,12.41,10.69亿,1.61亿,24.92亿,--
3310,3094,603505,金石资源,24.56,-1.45,-0.36,-0.04,0.43,1.15,2.01,0.65亿,6.05亿,148.53亿,44.50
3311,3095,603915,国茂股份,12.53,-2.79,-0.36,0.0,2.63,1.05,3.96,2.19亿,6.57亿,82.28亿,29.70
3312,3096,688351,微电生理,20.39,-1.74,-0.36,0.0,1.7,0.85,2.51,0.44亿,1.25亿,25.46亿,172.47
3313,3097,830896,旺成科技,15.4,-2.28,-0.36,0.0,4.37,0.78,5.58,0.31亿,0.44亿,6.84亿,53.94
3314,3098,834058,华洋赛车,28.32,-1.25,-0.36,0.0,7.83,0.57,3.66,0.31亿,0.14亿,3.97亿,24.39
3315,3099,871857,泓禧科技,15.1,-2.33,-0.36,0.0,0.53,0.64,3.95,0.06亿,0.74亿,11.18亿,62.70
3316,3100,873001,纬达光电,19.11,-1.85,-0.36,0.0,8.2,0.74,11.71,1.44亿,0.89亿,16.95亿,92.22
3317,3211,301041,金百泽,26.83,-1.9,-0.52,0.0,3.99,0.77,3.11,0.86亿,0.79亿,21.17亿,100.22
3318,3212,301571,国科天成,45.18,-1.14,-0.52,-0.07,6.4,1.0,3.3,1.00亿,0.34亿,15.40亿,56.79
3319,3213,430510,丰光精密,17.7,-2.85,-0.52,0.0,2.88,1.05,4.5,0.45亿,0.88亿,15.51亿,111.31
3320,3214,688114,华大智造,47.78,-1.08,-0.52,-0.08,1.02,1.02,2.84,1.04亿,2.13亿,101.74亿,--
3321,3215,300898,熊猫乳品,26.9,-1.93,-0.53,-0.04,6.89,0.74,3.39,2.13亿,1.15亿,30.86亿,32.04
3322,3216,301390,经纬股份,35.61,-1.47,-0.53,-0.06,10.63,0.59,3.98,1.11亿,0.29亿,10.35亿,60.38
3323,3217,301512,智信精密,41.35,-1.27,-0.53,-0.07,2.69,0.67,2.82,0.28亿,0.25亿,10.26亿,--
3324,3218,605376,博迁新材,29.52,-1.76,-0.53,0.0,1.34,0.81,3.36,1.04亿,2.62亿,77.22亿,68.08
3325,3219,688213,思特威,83.28,-0.63,-0.53,-0.17,2.06,0.82,4.84,5.62亿,3.21亿,267.26亿,91.37
3326,3220,688257,新锐股份,17.98,-2.86,-0.53,0.0,4.6,1.3,6.0,1.12亿,1.33亿,23.86亿,18.10
3327,3011,688202,美迪西,31.84,-0.93,-0.3,0.0,1.92,1.37,2.96,0.83亿,1.35亿,42.88亿,--
3328,3012,688530,欧莱新材,20.59,-1.44,-0.3,-0.19,6.71,0.82,3.54,0.45亿,0.32亿,6.59亿,250.29
3329,3013,688677,海泰新光,36.5,-0.81,-0.3,-0.14,0.32,0.54,2.58,0.14亿,1.21亿,44.02亿,33.90
3330,3014,833429,康比特,16.3,-1.81,-0.3,0.0,1.82,0.78,3.37,0.34亿,1.11亿,18.15亿,23.22
3331,3015,001282,三联锻造,21.75,-1.41,-0.31,-0.23,4.78,1.0,2.45,0.58亿,0.56亿,12.14亿,25.13
3332,3016,002946,新乳业,14.4,-2.11,-0.31,-0.21,0.86,0.88,4.49,1.06亿,8.52亿,122.63亿,19.62
3333,3017,300432,富临精工,14.95,-2.03,-0.31,-0.27,2.65,0.98,3.28,4.82亿,12.05亿,180.19亿,44.08
3334,3018,300593,新雷能,11.96,-2.53,-0.31,-0.08,3.31,1.25,5.38,1.80亿,4.50亿,53.85亿,--
3335,3019,300725,药石科技,34.9,-0.88,-0.31,-0.03,2.6,1.1,2.33,1.53亿,1.68亿,58.77亿,39.67
3336,3020,301015,百洋医药,25.5,-1.2,-0.31,0.0,0.53,1.69,2.09,0.71亿,5.26亿,134.03亿,15.68
3337,3081,600368,五洲交通,5.2,-6.31,-0.35,0.0,6.68,0.81,7.39,5.68亿,16.10亿,83.70亿,11.08
3338,3082,603369,今世缘,45.15,-0.77,-0.35,0.0,0.52,1.02,1.74,2.93亿,12.54亿,566.41亿,13.77
3339,3083,688270,臻镭科技,38.12,-0.91,-0.35,-0.05,2.34,0.75,4.63,1.31亿,1.44亿,54.98亿,423.14
3340,3084,688620,安凯微,11.35,-2.99,-0.35,0.09,8.01,0.63,6.5,2.13亿,2.29亿,25.95亿,--
3341,3085,300179,四方达,11.86,-2.95,-0.36,0.08,9.15,0.65,5.16,4.13亿,3.76亿,44.60亿,45.99
3342,3086,300403,汉宇集团,11.52,-3.03,-0.36,-0.09,10.21,0.77,3.12,5.04亿,4.23亿,48.72亿,29.21
3343,3087,300855,图南股份,24.0,-1.48,-0.36,-0.04,3.3,1.64,5.09,2.35亿,2.93亿,70.31亿,27.58
3344,3088,301036,双乐股份,40.52,-0.88,-0.36,-0.07,3.3,0.86,2.98,0.95亿,0.70亿,28.54亿,31.32
3345,3089,301045,天禄科技,23.69,-1.5,-0.36,-0.34,4.26,0.59,4.28,0.70亿,0.68亿,16.09亿,98.17
3346,3090,600460,士兰微,28.16,-1.26,-0.36,0.0,2.4,0.87,2.52,11.38亿,16.64亿,468.60亿,1217.01
3347,3071,600185,格力地产,7.42,-4.38,-0.34,-0.14,3.56,1.05,6.06,5.03亿,18.85亿,139.87亿,--
3348,3072,600438,通威股份,22.05,-1.52,-0.34,-0.09,1.19,0.83,2.72,11.94亿,45.02亿,992.69亿,--
3349,3073,600602,云赛智联,14.25,-2.33,-0.34,0.0,2.53,0.95,3.98,3.93亿,10.74亿,153.09亿,92.55
3350,3074,688639,华恒生物,32.61,-1.03,-0.34,-0.09,1.07,0.72,2.64,0.80亿,2.28亿,74.46亿,35.95
3351,3075,688733,壹石通,22.46,-1.49,-0.34,0.0,2.62,0.85,5.88,1.19亿,2.00亿,44.87亿,228.00
3352,3076,834475,三友科技,17.07,-1.95,-0.34,0.0,4.27,0.91,3.85,0.31亿,0.42亿,7.09亿,150.71
3353,3077,002405,四维图新,10.41,-3.25,-0.35,-0.1,5.99,1.02,6.51,15.04亿,23.56亿,245.21亿,--
3354,3078,300351,永贵电器,19.4,-1.77,-0.35,0.0,11.32,0.83,4.41,5.82亿,2.62亿,50.81亿,56.08
3355,3079,301069,凯盛新材,16.27,-2.11,-0.35,0.0,1.99,0.88,3.31,1.27亿,3.92亿,63.77亿,98.25
3356,3080,301551,无线传媒,58.18,-0.6,-0.35,0.05,7.69,1.12,4.07,1.61亿,0.35亿,20.65亿,92.35
3357,3241,000333,美的集团,75.42,-0.74,-0.56,0.09,0.29,0.79,1.65,14.94亿,68.90亿,5196.40亿,13.66
3358,3242,300860,锋尚文化,29.59,-1.86,-0.56,0.0,5.07,0.67,3.95,1.71亿,1.12亿,33.11亿,192.27
3359,3243,835368,连城数控,31.56,-1.74,-0.56,0.0,1.22,1.2,2.43,0.86亿,2.22亿,70.06亿,14.66
3360,3244,002085,万丰奥威,20.72,-2.68,-0.57,-0.05,8.62,0.92,4.79,38.41亿,21.23亿,439.95亿,58.55
3361,3245,300738,奥飞数据,14.57,-3.77,-0.57,0.0,12.32,1.18,5.02,17.78亿,9.68亿,141.04亿,99.87
3362,3246,301310,鑫宏业,27.2,-2.05,-0.57,0.07,5.41,1.16,3.85,1.03亿,0.69亿,18.83亿,29.02
3363,3247,301312,智立方,51.71,-1.09,-0.57,0.1,12.49,1.19,4.15,1.68亿,0.26亿,13.35亿,76.18
3364,3248,603719,良品铺子,15.07,-3.65,-0.57,0.0,6.34,0.79,4.48,3.87亿,4.01亿,60.43亿,233.74
3365,3249,603826,坤彩科技,20.24,-2.74,-0.57,0.0,1.55,2.2,3.75,2.05亿,6.55亿,132.61亿,164.7
3366,3250,836208,青矩技术,32.29,-1.74,-0.57,0.0,1.68,1.17,4.57,0.30亿,0.55亿,17.88亿,23.28
3367,3171,300598,诚迈科技,51.08,-0.91,-0.47,0.02,2.71,0.98,3.34,3.03亿,2.17亿,110.80亿,--
3368,3172,603882,金域医学,28.99,-1.59,-0.47,-0.03,1.39,1.28,2.27,1.87亿,4.60亿,133.39亿,107.34
3369,3173,688248,南网科技,33.4,-1.39,-0.47,0.0,1.15,0.63,3.25,0.88亿,2.28亿,76.29亿,50.58
3370,3174,830779,武汉蓝电,36.64,-1.27,-0.47,0.0,6.58,0.66,3.15,0.35亿,0.14亿,5.24亿,28.27
3371,3175,002222,福晶科技,33.87,-1.4,-0.48,0.0,3.36,0.91,3.49,5.42亿,4.68亿,158.56亿,71.11
3372,3176,603220,中贝通信,23.52,-2.0,-0.48,0.0,5.23,0.64,3.46,5.41亿,4.34亿,102.07亿,52.99
3373,3177,688186,广大特材,15.95,-2.92,-0.48,-0.13,2.15,0.79,3.9,0.74亿,2.14亿,34.17亿,32.31
3374,3178,000681,视觉中国,22.37,-2.14,-0.49,-0.09,18.47,0.73,5.73,28.47亿,6.76亿,151.26亿,143.88
3375,3179,301029,怡合达,25.89,-1.86,-0.49,0.0,1.04,1.03,2.35,1.10亿,4.04亿,104.66亿,37.52
3376,3180,301285,鸿日达,30.02,-1.61,-0.49,-0.17,5.06,0.75,3.28,1.21亿,0.79亿,23.63亿,157.38
3377,3001,601698,中国卫通,21.43,-1.33,-0.29,0.0,0.8,1.23,2.9,7.32亿,42.24亿,905.29亿,141.20
3378,3002,688020,方邦股份,37.67,-0.76,-0.29,-0.05,1.26,1.08,4.0,0.39亿,0.81亿,30.39亿,--
3379,3003,688158,优刻得,14.84,-1.92,-0.29,-0.07,5.22,0.85,5.75,3.19亿,4.02亿,59.70亿,--
3380,3004,688206,概伦电子,20.29,-1.41,-0.29,0.05,2.62,1.17,5.2,0.96亿,1.77亿,35.93亿,--
3381,3005,300041,回天新材,9.89,-2.94,-0.3,0.1,7.94,0.99,3.04,4.33亿,5.44亿,53.84亿,25.44
3382,3006,300224,正海磁材,13.45,-2.18,-0.3,0.0,4.38,1.17,2.62,4.94亿,8.32亿,111.96亿,44.66
3383,3007,300735,光弘科技,29.06,-1.02,-0.3,-0.07,2.33,1.1,3.2,5.19亿,7.57亿,220.07亿,112.44
3384,3008,300770,新媒股份,41.93,-0.71,-0.3,0.0,0.82,0.65,1.59,0.79亿,2.29亿,96.07亿,16.85
3385,3009,603193,润本股份,24.12,-1.23,-0.3,0.13,2.46,0.61,2.38,0.61亿,1.03亿,24.92亿,28.05
3386,3010,688135,利扬芯片,18.84,-1.57,-0.3,-0.05,1.58,0.82,3.45,0.61亿,2.00亿,37.74亿,--
3387,3311,300612,宣亚国际,16.88,-4.04,-0.71,-0.12,8.18,0.67,4.72,2.53亿,1.80亿,30.36亿,--
3388,3312,301200,大族数控,37.93,-1.84,-0.71,0.0,2.34,1.07,2.38,0.52亿,0.58亿,22.15亿,58.85
3389,3313,301358,湖南裕能,45.6,-1.53,-0.71,0.04,1.85,0.91,3.33,3.24亿,3.83亿,174.85亿,52.79
3390,3314,600487,亨通光电,17.97,-3.8,-0.71,-0.22,3.06,1.91,4.01,13.55亿,24.45亿,439.40亿,14.36
3391,3315,603197,保隆科技,38.7,-1.8,-0.71,-0.13,1.35,1.03,2.36,1.10亿,2.11亿,81.74亿,24.76
3392,3316,688629,华丰科技,38.89,-1.79,-0.71,-0.18,10.02,0.8,4.92,6.50亿,1.65亿,64.07亿,--
3393,3317,301568,思泰克,37.45,-1.89,-0.72,0.0,10.63,1.01,3.72,1.93亿,0.48亿,17.84亿,55.37
3394,3318,600060,海信视像,20.16,-3.45,-0.72,-0.1,1.2,1.25,3.98,3.14亿,12.95亿,261.09亿,15.06
3395,3319,601138,工业富联,22.61,-3.09,-0.72,0.0,0.9,1.08,2.79,41.05亿,198.64亿,4491.24亿,22.25
3396,3320,601869,长飞光纤,31.57,-2.23,-0.72,0.03,3.33,1.02,3.16,4.30亿,4.06亿,128.28亿,31.32
3397,3191,300724,捷佳伟创,64.9,-0.77,-0.5,-0.02,2.57,0.98,1.7,4.80亿,2.87亿,186.19亿,8.37
3398,3192,301317,鑫磊股份,21.16,-2.31,-0.5,0.0,2.06,0.63,2.72,0.20亿,0.45亿,9.48亿,69.9
3399,3193,301377,鼎泰高科,21.95,-2.23,-0.5,0.09,10.09,1.74,3.25,1.58亿,0.71亿,15.59亿,39.2
3400,3194,603486,科沃斯,48.73,-1.02,-0.5,-0.04,0.6,0.98,3.13,1.67亿,5.69亿,277.37亿,34.19
3401,3195,688200,华峰测控,102.55,-0.48,-0.5,-0.2,1.74,1.2,2.65,2.43亿,1.35亿,138.89亿,48.88
3402,3196,688259,创耀科技,37.73,-1.31,-0.5,-0.03,2.09,1.07,3.45,0.65亿,0.81亿,30.46亿,67.42
3403,3197,688522,纳睿雷达,58.37,-0.85,-0.5,0.5,2.65,0.86,4.26,1.33亿,0.85亿,49.47亿,364.47
3404,3198,831627,力王股份,20.69,-2.36,-0.5,0.0,5.14,0.94,5.33,0.51亿,0.47亿,9.69亿,76.78
3405,3199,837242,建邦科技,24.97,-1.96,-0.5,0.0,2.45,1.08,3.77,0.23亿,0.36亿,9.06亿,16.15
3406,3200,870199,倍益康,21.18,-2.31,-0.5,0.0,3.45,0.73,3.27,0.27亿,0.37亿,7.88亿,52.16
3407,3141,002997,瑞鹄模具,36.04,-1.18,-0.43,0.0,1.93,0.65,2.39,1.47亿,2.09亿,75.44亿,22.40
3408,3142,300872,天阳科技,17.66,-2.38,-0.43,0.0,8.6,1.04,4.81,6.15亿,3.96亿,69.92亿,71.76
3409,3143,301012,扬电科技,27.25,-1.55,-0.43,-0.11,11.46,1.12,6.29,3.64亿,1.14亿,31.02亿,54.33
3410,3144,301348,蓝箭电子,27.59,-1.53,-0.43,-0.04,4.72,0.64,4.42,1.77亿,1.33亿,36.81亿,43928.60
3411,3145,301617,博苑股份,52.2,-0.82,-0.43,-0.04,12.17,0.81,1.88,1.56亿,0.24亿,12.72亿,23.54
3412,3146,603298,杭叉集团,18.26,-2.3,-0.43,-0.11,0.77,0.94,2.62,1.86亿,13.10亿,239.17亿,11.40
3413,3147,603688,石英股份,30.12,-1.41,-0.43,-0.03,1.22,0.87,1.74,2.00亿,5.42亿,163.15亿,39.11
3414,3148,688418,震有科技,29.21,-1.45,-0.43,0.0,2.53,0.82,4.45,1.46亿,1.94亿,56.55亿,255.42
3415,3149,688606,奥泰生物,63.14,-0.68,-0.43,0.06,0.52,0.78,1.43,0.26亿,0.79亿,50.06亿,19.01
3416,3150,835207,众诚科技,18.68,-2.25,-0.43,0.0,5.12,0.82,4.19,0.54亿,0.56亿,10.37亿,--
3417,3161,002472,双环传动,31.41,-1.41,-0.45,-0.06,3.34,1.1,3.23,7.98亿,7.52亿,236.27亿,27.04
3418,3162,430300,辰光医疗,12.63,-3.44,-0.45,0.0,6.65,0.81,4.66,0.51亿,0.60亿,7.59亿,--
3419,3163,600223,福瑞达,8.04,-5.3,-0.45,0.13,6.91,1.57,6.48,5.68亿,10.17亿,81.73亿,35.81
3420,3164,688271,联影医疗,126.91,-0.35,-0.45,-0.25,0.46,0.78,2.17,3.43亿,5.93亿,752.96亿,116.88
3421,3165,688337,普源精电,40.55,-1.1,-0.45,-0.3,2.69,0.99,3.9,0.72亿,0.66亿,26.66亿,98.17
3422,3166,832000,安徽凤凰,19.65,-2.24,-0.45,0.0,2.99,0.64,3.73,0.29亿,0.48亿,9.49亿,25.69
3423,3167,870357,雅葆轩,20.15,-2.19,-0.45,0.0,4.51,0.95,5.49,0.41亿,0.45亿,8.97亿,33.93
3424,3168,603305,旭升集团,13.67,-3.26,-0.46,0.0,2.8,1.26,4.74,3.60亿,9.33亿,127.57亿,29.62
3425,3169,688146,中船特气,29.88,-1.52,-0.46,0.1,2.5,1.26,2.67,1.08亿,1.43亿,42.61亿,50.68
3426,3170,300212,易华录,24.12,-1.91,-0.47,0.0,2.08,0.92,3.62,3.57亿,6.98亿,168.37亿,--
3427,3541,603341,龙旗科技,49.99,-3.66,-1.9,0.06,25.43,1.87,5.57,6.27亿,0.48亿,24.00亿,40.47
3428,3542,871478,巨能股份,29.1,-6.13,-1.9,0.0,21.29,0.91,8.26,1.47亿,0.23亿,6.69亿,--
3429,3543,301252,同星科技,35.17,-5.15,-1.91,0.0,37.0,1.54,4.56,4.25亿,0.33亿,11.47亿,30.35
3430,3544,603236,移远通信,71.27,-2.61,-1.91,0.0,8.88,1.06,5.78,16.79亿,2.62亿,186.48亿,39.22
3431,3545,300604,长川科技,47.17,-3.95,-1.94,-0.04,6.51,1.09,4.13,14.79亿,4.71亿,222.01亿,62.04
3432,3546,688286,敏芯股份,66.91,-2.85,-1.96,-0.13,3.3,0.71,5.95,1.27亿,0.56亿,37.46亿,--
3433,3547,301580,爱迪特,61.8,-3.09,-1.97,-0.1,10.15,1.2,3.07,1.20亿,0.19亿,11.76亿,31.76
3434,3548,300782,卓胜微,93.29,-2.08,-1.98,-0.03,1.76,0.97,3.02,7.43亿,4.48亿,417.54亿,87.91
3435,3549,688031,星环科技,47.52,-4.0,-1.98,-0.04,4.85,0.91,5.37,2.20亿,0.94亿,44.52亿,--
3436,3550,300811,铂科新材,57.29,-3.36,-1.99,-0.02,4.54,1.02,3.71,6.04亿,2.29亿,131.08亿,42.14
3437,3251,002929,润建股份,34.3,-1.66,-0.58,0.15,8.56,0.65,2.47,6.28亿,2.13亿,73.16亿,25.03
3438,3252,301446,福事特,24.46,-2.32,-0.58,0.87,14.64,0.66,3.59,0.94亿,0.26亿,6.36亿,37.13
3439,3253,688484,南芯科技,38.33,-1.49,-0.58,-0.03,3.2,1.03,4.09,3.59亿,2.91亿,111.56亿,45.0
3440,3254,688618,三旺通信,22.52,-2.51,-0.58,-0.31,0.97,0.83,4.63,0.24亿,1.10亿,24.78亿,56.01
3441,3255,000034,神州数码,35.53,-1.63,-0.59,0.0,5.25,1.22,3.13,10.41亿,5.53亿,196.39亿,19.97
3442,3256,300893,松原股份,30.45,-1.9,-0.59,0.1,0.81,0.88,3.29,0.28亿,1.13亿,34.45亿,27.1
3443,3257,301365,矩阵股份,15.28,-3.72,-0.59,0.2,12.16,0.66,5.48,0.88亿,0.46亿,7.08亿,46.14
3444,3258,301548,崇德科技,44.4,-1.31,-0.59,-0.02,3.0,0.84,1.78,0.32亿,0.24亿,10.52亿,33.97
3445,3259,603126,中材节能,7.44,-7.35,-0.59,0.0,11.14,0.79,5.98,5.19亿,6.11亿,45.42亿,126.54
3446,3260,688080,映翰通,35.22,-1.65,-0.59,-0.06,1.6,0.76,2.93,0.42亿,0.74亿,26.01亿,23.4
3447,3321,603259,药明康德,54.79,-1.3,-0.72,0.0,1.28,1.15,2.09,17.57亿,25.01亿,1370.25亿,18.17
3448,3322,002180,纳思达,29.08,-2.45,-0.73,-0.31,1.24,0.47,3.72,4.98亿,13.65亿,397.02亿,28.70
3449,3323,301613,新铝时代,60.82,-1.19,-0.73,-0.15,4.37,0.82,1.89,0.61亿,0.23亿,13.83亿,28.24
3450,3324,873726,卓兆点胶,22.94,-3.08,-0.73,0.0,6.44,0.68,4.22,0.26亿,0.17亿,4.00亿,--
3451,3325,002906,华阳集团,31.41,-2.3,-0.74,-0.03,1.39,1.01,2.8,2.32亿,5.25亿,164.79亿,26.61
3452,3326,603207,小方制药,28.93,-2.49,-0.74,-0.04,30.09,1.01,4.35,3.44亿,0.39亿,11.34亿,21.47
3453,3327,688680,海优新材,35.6,-2.04,-0.74,0.0,1.11,0.6,3.19,0.34亿,0.84亿,29.91亿,--
3454,3328,834770,艾能聚,16.92,-4.19,-0.74,0.0,7.14,0.73,5.21,1.01亿,0.82亿,13.86亿,40.18
3455,3329,002075,沙钢股份,6.71,-10.05,-0.75,0.0,5.55,1.7,10.99,8.59亿,21.94亿,147.21亿,104.77
3456,3330,300638,广和通,21.63,-3.35,-0.75,-0.19,9.2,0.78,4.87,10.73亿,5.32亿,115.16亿,19.05
3457,3631,688498,源杰科技,139.7,-3.19,-4.6,0.0,4.21,0.83,4.02,3.62亿,0.60亿,84.03亿,--
3458,3632,301269,华大九天,130.42,-3.46,-4.68,0.02,2.73,0.97,4.65,9.52亿,2.62亿,342.12亿,907.12
3459,3633,688615,合合信息,209.17,-2.28,-4.88,0.0,5.28,0.76,3.15,2.11亿,0.19亿,39.32亿,51.18
3460,3634,688017,绿的谐波,113.99,-4.12,-4.9,0.01,3.12,0.92,5.55,6.16亿,1.69亿,192.37亿,245.24
3461,3635,002920,德赛西威,113.5,-4.3,-5.1,-0.12,1.55,1.59,3.7,9.79亿,5.52亿,625.97亿,33.58
3462,3636,300959,线上线下,52.64,-9.27,-5.38,0.17,26.14,0.96,6.34,7.35亿,0.52亿,27.52亿,252.92
3463,3637,688084,晶品特装,59.8,-8.28,-5.4,0.67,4.67,1.93,11.37,1.07亿,0.37亿,22.04亿,--
3464,3638,688279,峰岹科技,166.05,-3.28,-5.63,0.04,2.61,0.79,4.36,2.44亿,0.56亿,92.75亿,62.58
3465,3639,920082,方正阀门,16.07,-25.95,-5.63,0.0,68.01,0.73,15.35,3.76亿,0.32亿,5.08亿,30.56
3466,3640,838227,美登科技,51.33,-9.9,-5.64,0.0,18.54,0.92,7.72,1.74亿,0.18亿,9.05亿,48.02
3467,3301,430418,苏轴股份,25.25,-2.62,-0.68,0.0,3.51,0.91,2.7,0.64亿,0.72亿,18.08亿,21.81
3468,3302,600710,苏美达,10.1,-6.31,-0.68,0.0,7.14,2.64,6.12,9.54亿,13.07亿,131.98亿,9.89
3469,3303,688071,华依科技,28.95,-2.29,-0.68,0.0,2.26,0.99,4.76,0.56亿,0.85亿,24.55亿,--
3470,3304,831906,舜宇精工,18.11,-3.62,-0.68,0.0,7.39,1.04,5.11,0.45亿,0.33亿,6.01亿,625.02
3471,3305,300124,汇川技术,59.39,-1.15,-0.69,-0.05,1.04,1.43,2.1,14.18亿,22.81亿,1354.59亿,35.76
3472,3306,301213,观想科技,44.28,-1.53,-0.69,0.0,7.07,0.8,8.41,1.69亿,0.52亿,22.90亿,482.42
3473,3307,688378,奥来德,22.85,-2.93,-0.69,-0.04,1.73,0.81,3.19,0.81亿,2.01亿,45.98亿,35.23
3474,3308,603306,华懋科技,33.2,-2.06,-0.7,-0.06,5.69,0.68,5.75,6.35亿,3.29亿,109.22亿,41.76
3475,3309,688275,万润新能,51.6,-1.34,-0.7,0.04,1.64,0.56,3.92,0.72亿,0.85亿,43.65亿,--
3476,3310,688599,天合光能,20.38,-3.32,-0.7,0.0,1.09,1.62,3.42,4.91亿,21.79亿,444.15亿,--
3477,3281,688531,日联科技,50.01,-1.23,-0.62,0.0,1.22,0.83,2.43,0.45亿,0.73亿,36.61亿,40.89
3478,3282,835640,富士达,29.72,-2.04,-0.62,0.0,5.48,0.87,6.66,2.88亿,1.76亿,52.17亿,116.26
3479,3283,300962,中金辐照,17.24,-3.53,-0.63,0.0,2.55,0.83,4.48,1.17亿,2.64亿,45.51亿,35.60
3480,3284,688116,天奈科技,40.35,-1.54,-0.63,-0.12,2.4,0.79,3.71,3.40亿,3.45亿,139.10亿,57.13
3481,3285,688333,铂力特,40.66,-1.53,-0.63,0.0,1.87,0.85,3.05,2.09亿,2.72亿,110.50亿,310.51
3482,3286,835579,机科股份,19.42,-3.14,-0.63,0.0,5.34,0.77,4.34,0.47亿,0.45亿,8.66亿,233.48
3483,3287,002009,天奇股份,15.85,-3.88,-0.64,0.19,17.92,1.32,3.88,11.49亿,4.01亿,63.48亿,--
3484,3288,301099,雅创电子,44.34,-1.42,-0.64,-0.09,1.82,0.8,2.96,0.86亿,1.05亿,46.66亿,34.12
3485,3289,301169,零点有数,41.14,-1.53,-0.64,-0.02,2.21,0.67,3.61,0.66亿,0.72亿,29.56亿,--
3486,3290,688023,安恒信息,43.28,-1.46,-0.64,0.0,1.99,0.8,3.58,0.89亿,1.02亿,44.17亿,--
3487,3331,600132,重庆啤酒,63.45,-1.17,-0.75,0.02,0.54,0.99,1.68,1.65亿,4.84亿,307.08亿,17.29
3488,3332,688152,麒麟信安,55.9,-1.32,-0.75,0.02,4.61,0.79,3.51,0.81亿,0.31亿,17.36亿,--
3489,3333,688348,昱能科技,51.07,-1.45,-0.75,-0.06,2.07,1.06,2.62,0.86亿,0.81亿,41.16亿,40.05
3490,3334,000999,华润三九,45.09,-1.66,-0.76,-0.16,0.69,1.23,2.07,3.99亿,12.76亿,575.20亿,14.67
3491,3335,002843,泰嘉股份,23.17,-3.18,-0.76,0.0,9.62,0.98,4.22,5.66亿,2.51亿,58.22亿,66.88
3492,3336,002895,川恒股份,24.14,-3.05,-0.76,0.08,2.11,0.94,3.13,2.78亿,5.40亿,130.40亿,14.60
3493,3337,300042,朗科科技,23.04,-3.19,-0.76,0.0,10.15,1.17,6.01,4.79亿,2.00亿,46.17亿,--
3494,3338,300620,光库科技,49.43,-1.51,-0.76,0.04,4.62,0.88,2.81,5.69亿,2.47亿,122.05亿,165.53
3495,3339,300879,大叶股份,16.79,-4.33,-0.76,-0.06,6.23,0.76,4.1,2.14亿,2.01亿,33.75亿,120.13
3496,3340,301248,杰创智能,17.2,-4.23,-0.76,-0.06,8.52,0.85,4.84,1.52亿,1.02亿,17.51亿,--
3497,3271,002821,凯莱英,77.0,-0.79,-0.61,-0.22,0.77,1.19,1.71,1.95亿,3.29亿,253.06亿,29.90
3498,3272,301119,正强股份,30.99,-1.93,-0.61,0.39,1.91,0.82,5.38,0.50亿,0.83亿,25.77亿,36.49
3499,3273,301137,哈焊华通,19.08,-3.1,-0.61,0.16,5.15,0.82,3.0,1.01亿,1.02亿,19.40亿,153.46
3500,3274,301419,阿莱德,30.79,-1.94,-0.61,-0.03,5.01,0.9,3.22,0.55亿,0.35亿,10.88亿,83.55
3501,3275,688059,华锐精密,46.8,-1.29,-0.61,-0.02,1.35,0.75,2.64,0.40亿,0.62亿,29.14亿,28.36
3502,3276,688129,东来技术,16.95,-3.47,-0.61,0.12,2.0,1.02,3.3,0.41亿,1.20亿,20.42亿,23.55
3503,3277,688232,新点软件,29.82,-2.0,-0.61,-0.03,0.88,0.82,3.19,0.46亿,1.73亿,51.73亿,--
3504,3278,301233,盛帮股份,47.01,-1.3,-0.62,-0.21,11.55,1.99,5.65,1.04亿,0.19亿,8.78亿,26.85
3505,3279,301316,慧博云通,24.88,-2.43,-0.62,0.12,17.16,0.83,5.49,10.50亿,2.43亿,60.42亿,195.50
3506,3280,688366,昊海生科,61.67,-0.99,-0.62,-0.18,0.25,0.98,1.33,0.30亿,1.94亿,119.67亿,31.77
3507,3341,600160,巨化股份,23.4,-3.15,-0.76,-0.17,1.24,1.12,3.85,7.96亿,27.00亿,631.74亿,37.68
3508,3342,688162,巨一科技,27.04,-2.73,-0.76,0.15,3.12,0.43,5.22,0.53亿,0.63亿,16.91亿,--
3509,3343,688383,新益昌,47.64,-1.57,-0.76,-0.08,0.9,0.76,3.62,0.44亿,1.02亿,48.66亿,52.53
3510,3344,688392,骄成超声,40.57,-1.84,-0.76,0.05,1.29,1.14,3.6,0.37亿,0.70亿,28.33亿,170.82
3511,3345,301123,奕东电子,22.31,-3.34,-0.77,-0.05,17.91,1.12,3.55,3.09亿,0.76亿,17.05亿,229.48
3512,3346,301369,联动科技,56.21,-1.35,-0.77,0.0,4.84,0.77,3.3,0.67亿,0.24亿,13.64亿,193.68
3513,3347,603039,泛微网络,49.21,-1.54,-0.77,-0.16,1.44,1.73,6.3,1.88亿,2.61亿,128.24亿,111.55
3514,3348,688130,晶华微,28.91,-2.59,-0.77,0.14,13.34,0.56,5.66,1.18亿,0.30亿,8.67亿,--
3515,3349,301236,软通动力,61.62,-1.25,-0.78,0.02,5.07,0.99,4.49,21.63亿,6.80亿,419.21亿,579.90
3516,3350,688060,云涌科技,37.09,-2.06,-0.78,0.11,0.39,0.72,3.72,0.09亿,0.60亿,22.32亿,403.53
3517,3371,002230,科大讯飞,49.96,-1.65,-0.84,0.0,2.12,1.02,2.83,23.53亿,21.89亿,1093.73亿,--
3518,3372,688489,三未信安,37.2,-2.21,-0.84,0.14,1.29,0.76,3.13,0.25亿,0.51亿,18.80亿,225.24
3519,3373,837023,芭薇股份,15.02,-5.3,-0.84,0.0,8.26,0.7,7.0,0.44亿,0.34亿,5.15亿,33.27
3520,3374,002557,洽洽食品,30.53,-2.71,-0.85,-0.03,1.77,0.82,2.29,2.75亿,5.06亿,154.46亿,18.54
3521,3375,300408,三环集团,39.1,-2.13,-0.85,-0.1,0.81,0.91,2.58,5.96亿,18.70亿,731.10亿,35.05
3522,3376,300666,江丰电子,73.0,-1.15,-0.85,0.0,3.02,1.03,3.49,4.93亿,2.21亿,160.97亿,50.65
3523,3377,300763,锦浪科技,63.55,-1.32,-0.85,-0.09,1.57,0.78,2.48,3.23亿,3.22亿,204.34亿,28.46
3524,3378,300660,江苏雷利,41.2,-2.04,-0.86,0.07,4.91,0.86,4.18,6.50亿,3.19亿,131.49亿,40.97
3525,3379,603667,五洲新春,27.07,-3.08,-0.86,-0.37,13.4,0.86,6.8,13.64亿,3.66亿,99.13亿,75.71
3526,3380,000810,创维数字,16.24,-5.08,-0.87,-0.06,17.19,1.53,11.16,32.28亿,11.18亿,181.50亿,59.24
3527,3361,300418,昆仑万维,40.22,-1.97,-0.81,-0.05,2.98,1.02,3.46,15.02亿,12.31亿,495.31亿,--
3528,3362,300699,光威复材,36.43,-2.17,-0.81,0.08,5.79,2.54,5.02,17.55亿,8.21亿,299.25亿,36.93
3529,3363,603260,合盛硅业,56.36,-1.42,-0.81,-0.6,0.23,0.86,2.5,1.55亿,11.82亿,666.29亿,34.36
3530,3364,688010,福光股份,28.55,-2.76,-0.81,0.0,2.15,0.7,6.98,1.01亿,1.61亿,45.84亿,--
3531,3365,688216,气派科技,23.4,-3.35,-0.81,-0.26,2.06,0.79,4.54,0.53亿,1.06亿,24.87亿,--
3532,3366,688721,龙图光罩,61.89,-1.29,-0.81,-0.02,6.52,0.94,4.64,1.03亿,0.25亿,15.53亿,86.58
3533,3367,301413,安培龙,59.92,-1.35,-0.82,-0.05,5.74,1.07,4.03,2.00亿,0.58亿,34.47亿,70.87
3534,3368,301510,固高科技,27.18,-2.93,-0.82,-0.04,2.15,0.73,3.54,1.67亿,2.80亿,76.21亿,279.03
3535,3369,301607,富特科技,39.72,-2.02,-0.82,0.0,7.25,0.88,2.69,0.65亿,0.22亿,8.88亿,40.07
3536,3370,688316,青云科技,34.81,-2.33,-0.83,-0.49,3.16,0.69,3.65,0.40亿,0.36亿,12.51亿,--
3537,3381,002049,紫光国微,68.12,-1.26,-0.87,0.0,3.29,0.99,3.03,19.32亿,8.49亿,578.66亿,42.98
3538,3382,002747,埃斯顿,19.34,-4.3,-0.87,0.0,5.22,0.99,3.86,8.10亿,7.87亿,152.20亿,--
3539,3383,688225,亚信安全,19.35,-4.3,-0.87,0.0,1.99,0.93,4.9,0.73亿,1.91亿,36.97亿,--
3540,3384,835237,力佳科技,24.73,-3.4,-0.87,0.0,2.27,0.71,3.56,0.37亿,0.65亿,16.09亿,24.81
3541,3385,002916,深南电路,127.68,-0.69,-0.88,0.13,1.47,0.7,3.43,9.64亿,5.11亿,652.21亿,33.01
3542,3386,301280,珠城科技,44.52,-1.94,-0.88,0.0,4.84,0.81,2.89,0.58亿,0.26亿,11.76亿,24.15
3543,3387,688695,中创股份,32.71,-2.62,-0.88,-0.15,5.92,0.98,2.83,0.38亿,0.19亿,6.26亿,214.99
3544,3388,002965,祥鑫科技,35.44,-2.45,-0.89,-0.17,15.96,1.36,4.96,8.78亿,1.53亿,54.13亿,20.16
3545,3389,300499,高澜股份,22.16,-3.86,-0.89,0.27,24.29,0.75,10.67,14.93亿,2.71亿,60.14亿,--
3546,3390,300895,铜牛信息,33.8,-2.57,-0.89,0.0,3.22,0.85,4.73,1.53亿,1.38亿,46.70亿,--
3547,3391,688028,沃尔德,22.21,-3.85,-0.89,-0.05,2.59,0.63,4.76,0.84亿,1.43亿,31.80亿,33.09
3548,3392,301488,豪恩汽电,59.28,-1.5,-0.9,-0.2,3.82,0.81,2.44,0.54亿,0.23亿,13.88亿,58.40
3549,3393,000063,中兴通讯,40.08,-2.22,-0.91,0.0,6.11,0.76,2.88,99.25亿,40.27亿,1614.17亿,18.19
3550,3394,002865,钧达股份,52.42,-1.71,-0.91,-0.02,3.64,0.68,3.34,4.33亿,2.25亿,117.88亿,--
3551,3395,300007,汉威科技,22.91,-3.82,-0.91,-0.31,12.58,0.88,4.79,8.28亿,2.83亿,64.83亿,70.51
3552,3396,605168,三人行,38.4,-2.31,-0.91,0.0,4.14,0.87,3.89,3.39亿,2.11亿,80.95亿,33.42
3553,3397,300781,因赛集团,62.78,-1.44,-0.92,0.11,6.04,0.74,3.33,3.11亿,0.81亿,50.92亿,142.76
3554,3398,601127,赛力斯,135.08,-0.68,-0.92,0.0,1.91,1.06,1.91,38.73亿,15.10亿,2039.41亿,37.88
3555,3399,300939,秋田微,35.32,-2.57,-0.93,-0.06,5.45,0.99,4.3,2.36亿,1.20亿,42.38亿,43.48
3556,3400,301366,一博科技,47.5,-1.92,-0.93,0.0,9.45,0.96,4.23,2.48亿,0.55亿,25.99亿,63.90
3557,1951,688117,圣诺生物,26.09,0.15,0.04,0.15,1.17,0.85,1.88,0.34亿,1.12亿,29.33亿,38.63
3558,1952,688121,卓然股份,11.08,0.36,0.04,0.18,1.68,0.94,1.45,0.26亿,1.42亿,15.69亿,56.90
3559,1953,688148,芳源股份,5.17,0.78,0.04,-0.39,1.08,0.89,3.7,0.29亿,5.10亿,26.38亿,--
3560,1954,688469,芯联集成,5.29,0.76,0.04,-0.19,1.67,0.9,3.62,3.91亿,43.96亿,232.55亿,--
3561,1955,688505,复旦张江,7.97,0.5,0.04,-0.13,0.23,0.66,2.14,0.13亿,7.11亿,56.63亿,71.66
3562,1956,688520,神州细胞,37.14,0.11,0.04,-0.05,0.25,0.93,2.35,0.41亿,4.45亿,165.40亿,82.72
3563,1957,688556,高测股份,11.55,0.35,0.04,0.0,0.78,0.9,2.35,0.50亿,5.47亿,63.15亿,23.07
3564,1958,688573,信宇人,16.42,0.24,0.04,0.74,2.68,0.71,2.5,0.21亿,0.47亿,7.66亿,--
3565,1959,688707,振华新材,11.44,0.35,0.04,0.0,0.89,0.95,2.98,0.52亿,5.09亿,58.20亿,--
3566,1960,839946,华阳变速,6.8,0.59,0.04,0.0,2.73,0.75,3.7,0.19亿,1.00亿,6.77亿,--
3567,1971,000795,英洛华,10.35,0.29,0.03,-0.29,3.78,1.1,3.2,4.46亿,11.34亿,117.34亿,42.62
3568,1972,000830,鲁西化工,11.79,0.26,0.03,0.0,0.61,1.01,1.1,1.36亿,19.04亿,224.43亿,10.73
3569,1973,000838,财信发展,2.83,1.07,0.03,0.0,1.3,0.65,2.86,0.39亿,10.54亿,29.82亿,--
3570,1974,000858,五粮液,142.52,0.02,0.03,0.01,0.35,1.02,0.97,19.12亿,38.82亿,5531.95亿,16.64
3571,1975,000868,安凯客车,5.39,0.56,0.03,0.0,3.43,0.51,4.11,1.35亿,7.33亿,39.53亿,--
3572,1976,000903,云内动力,3.6,0.84,0.03,-0.28,4.15,0.63,3.36,2.91亿,19.20亿,69.13亿,--
3573,1977,000923,河钢资源,14.2,0.21,0.03,-0.07,0.78,0.71,0.92,0.69亿,6.28亿,89.16亿,12.04
3574,1978,000980,众泰汽车,2.63,1.15,0.03,-0.38,3.24,0.59,4.23,4.19亿,48.92亿,128.65亿,--
3575,1979,001387,雪祺电气,14.68,0.2,0.03,0.21,5.28,0.61,2.87,0.34亿,0.44亿,6.52亿,35.87
3576,1980,001872,招商港口,20.59,0.15,0.03,-0.05,0.21,0.64,1.22,0.75亿,17.44亿,359.15亿,10.34
3577,1,300757,罗博特科,227.44,12.59,25.44,0.04,7.73,1.65,19.11,25.50亿,1.48亿,337.00亿,371.55
3578,2,301315,威士顿,65.82,20.0,10.97,0.0,58.59,2.88,21.4,13.45亿,0.37亿,24.35亿,144.96
3579,3,688506,百利天恒,194.97,5.9,10.86,0.01,1.86,1.83,7.15,3.26亿,0.90亿,176.35亿,14.42
3580,4,688617,惠泰医疗,360.91,2.7,9.5,-0.08,0.76,1.41,4.89,2.67亿,0.97亿,351.50亿,49.92
3581,5,002371,北方华创,412.3,1.73,7.02,0.0,1.92,1.38,4.86,42.27亿,5.33亿,2196.16亿,36.94
3582,6,300561,汇金科技,52.6,14.3,6.58,-0.13,37.62,1.44,21.1,33.72亿,1.80亿,94.86亿,--
3583,7,832982,锦波生物,216.0,2.86,6.0,0.0,0.71,1.74,5.27,0.69亿,0.46亿,99.12亿,27.58
3584,8,688052,纳芯微,129.77,4.49,5.57,-0.12,3.78,1.66,6.89,4.56亿,0.93亿,121.13亿,--
3585,9,688111,金山办公,304.16,1.83,5.46,-0.2,1.6,1.45,4.72,22.59亿,4.63亿,1406.82亿,101.47
3586,10,301598,博科测试,80.53,6.8,5.13,-0.01,43.84,0.88,12.45,5.16亿,0.15亿,11.86亿,54.56
3587,3351,873693,阿为特,37.83,-2.02,-0.78,0.0,2.78,0.65,3.94,0.39亿,0.37亿,13.85亿,131.11
3588,3352,301061,匠心家居,60.3,-1.29,-0.79,0.0,0.99,0.32,2.19,0.26亿,0.43亿,25.67亿,17.57
3589,3353,301191,菲菱科思,97.78,-0.8,-0.79,0.02,12.29,0.62,6.16,3.19亿,0.26亿,25.62亿,48.73
3590,3354,603392,万泰生物,72.2,-1.08,-0.79,0.0,0.19,0.89,1.74,1.76亿,12.65亿,913.42亿,256.92
3591,3355,688361,中科飞测,89.0,-0.88,-0.79,-0.08,1.42,0.83,4.18,3.14亿,2.44亿,217.30亿,--
3592,3356,688621,阳光诺和,39.5,-1.96,-0.79,-0.4,1.63,0.9,2.23,0.72亿,1.12亿,44.24亿,15.98
3593,3357,831832,科达自控,22.94,-3.33,-0.79,0.0,4.25,1.22,4.42,0.62亿,0.62亿,14.26亿,55.02
3594,3358,832491,奥迪威,23.05,-3.31,-0.79,0.0,4.29,0.89,4.32,1.15亿,1.14亿,26.31亿,36.16
3595,3359,300327,中颖电子,26.06,-2.98,-0.8,-0.08,5.74,1.13,4.02,5.17亿,3.39亿,88.41亿,74.17
3596,3360,688699,明微电子,38.72,-2.02,-0.8,-0.03,1.42,0.93,4.02,0.62亿,1.10亿,42.62亿,575.65
3597,51,603350,安乃达,39.46,4.5,1.7,-0.25,34.4,1.99,10.12,3.82亿,0.28亿,11.21亿,40.41
3598,52,002190,成飞集成,18.01,10.02,1.64,0.0,1.15,1.39,0.0,0.74亿,3.59亿,64.61亿,--
3599,53,300302,同有科技,17.16,10.35,1.61,0.0,18.57,4.65,20.71,12.08亿,3.69亿,63.30亿,196.75
3600,54,002518,科士达,24.38,7.02,1.6,0.0,13.42,4.21,5.27,18.46亿,5.65亿,137.79亿,29.83
3601,55,688235,百济神州,164.0,0.98,1.6,0.12,1.54,1.33,2.94,2.92亿,1.15亿,188.69亿,--
3602,56,301129,瑞纳智能,30.53,5.38,1.56,0.0,19.57,1.31,10.53,2.14亿,0.36亿,10.96亿,--
3603,57,839273,一致魔芋,21.42,7.86,1.56,0.0,3.84,1.79,8.01,0.39亿,0.48亿,10.38亿,19.09
3604,58,002959,小熊电器,49.91,3.14,1.52,0.02,3.83,1.44,6.63,2.90亿,1.54亿,77.05亿,32.63
3605,59,301387,光大同创,34.41,4.59,1.51,0.03,11.78,2.71,10.03,1.73亿,0.42亿,14.59亿,370.75
3606,60,688603,天承科技,120.0,1.27,1.51,0.0,2.43,0.72,4.95,0.61亿,0.21亿,25.28亿,91.53
3607,91,002985,北摩高科,24.67,4.89,1.15,0.0,2.8,3.06,4.12,1.42亿,2.07亿,51.14亿,73.75
3608,92,301398,星源卓镁,50.36,2.34,1.15,0.0,8.39,1.28,5.0,1.01亿,0.24亿,12.04亿,53.88
3609,93,600764,中国海防,29.16,4.07,1.14,-0.03,1.77,0.93,6.46,3.62亿,7.11亿,207.22亿,104.26
3610,94,300991,创益通,25.1,4.71,1.13,0.84,36.18,1.62,11.89,7.95亿,0.90亿,22.56亿,--
3611,95,002449,国星光电,12.28,10.04,1.12,0.0,39.74,1.39,10.04,29.35亿,6.16亿,75.71亿,85.39
3612,96,600580,卧龙电驱,18.9,6.3,1.12,1.12,20.73,2.37,12.21,50.77亿,13.03亿,246.20亿,28.93
3613,97,837006,晟楠科技,23.29,5.05,1.12,0.0,17.12,2.24,11.14,1.41亿,0.34亿,7.99亿,124.95
3614,98,000661,长春高新,101.31,1.11,1.11,0.01,0.96,1.16,2.48,3.88亿,4.00亿,404.76亿,11.12
3615,99,002891,中宠股份,33.89,3.39,1.11,0.0,2.04,1.5,5.12,2.02亿,2.94亿,99.68亿,26.51
3616,100,300333,兆日科技,17.17,6.78,1.09,0.12,27.38,1.0,11.19,15.24亿,3.35亿,57.48亿,--
3617,171,688750,金天钛业,22.26,3.49,0.75,0.0,13.42,2.63,4.7,2.31亿,0.77亿,17.23亿,66.08
3618,172,301121,紫建电子,55.88,1.34,0.74,0.09,11.57,1.1,5.17,2.34亿,0.36亿,20.16亿,54.99
3619,173,688103,国力股份,41.82,1.8,0.74,-0.02,1.75,1.86,5.38,0.71亿,0.95亿,39.86亿,113.33
3620,174,002395,双象股份,17.63,4.32,0.73,-0.11,6.32,1.39,10.0,3.03亿,2.68亿,47.29亿,43.04
3621,175,300888,稳健医疗,42.68,1.74,0.73,0.0,3.36,1.16,5.1,2.54亿,1.76亿,74.91亿,33.71
3622,176,301033,迈普医学,43.35,1.71,0.73,-0.05,0.85,0.89,3.35,0.21亿,0.56亿,24.30亿,40.96
3623,177,301082,久盛电气,14.58,5.27,0.73,0.07,14.82,1.78,7.94,1.98亿,0.91亿,13.34亿,122.35
3624,178,688192,迪哲医药,42.78,1.74,0.73,0.14,1.33,0.95,4.76,0.74亿,1.29亿,55.30亿,--
3625,179,833394,民士达,19.83,3.82,0.73,0.0,6.5,1.65,5.71,0.62亿,0.48亿,9.51亿,30.75
3626,180,002272,川润股份,12.16,6.29,0.72,0.0,40.16,1.33,9.88,18.59亿,3.80亿,46.16亿,--
3627,11,603444,吉比特,224.6,2.14,4.71,-0.01,2.22,1.32,5.46,3.60亿,0.72亿,161.80亿,18.46
3628,12,603297,永新光学,94.98,5.21,4.7,0.18,3.82,1.79,7.71,3.99亿,1.11亿,105.17亿,56.45
3629,13,301336,趣睡科技,56.6,8.85,4.6,-1.05,29.07,2.16,18.85,4.43亿,0.26亿,14.57亿,89.07
3630,14,600612,老凤祥,56.77,8.59,4.49,0.0,3.32,2.93,9.18,5.86亿,3.17亿,180.02亿,12.54
3631,15,300114,中航电测,77.4,5.91,4.32,0.0,7.03,1.95,9.71,33.04亿,5.91亿,457.25亿,332.22
3632,16,871245,威博液压,40.55,11.1,4.05,0.0,5.62,1.61,19.84,0.52亿,0.24亿,9.88亿,76.09
3633,17,300760,迈瑞医疗,258.23,1.56,3.96,0.0,0.42,1.41,3.16,13.23亿,12.12亿,3130.88亿,22.07
3634,18,301498,乖宝宠物,77.7,5.18,3.83,0.03,1.7,1.7,8.69,2.33亿,1.79亿,139.10亿,49.56
3635,19,837403,康农种业,22.69,19.86,3.76,0.0,26.38,3.94,28.37,1.71亿,0.30亿,6.77亿,126.59
3636,20,688682,霍莱沃,37.87,9.77,3.37,-0.21,3.64,4.11,10.99,0.99亿,0.73亿,27.55亿,199.61
3637,21,301050,雷电微力,55.54,6.42,3.35,0.0,8.5,3.6,7.4,9.81亿,2.09亿,116.06亿,27.28
3638,22,300972,万辰集团,76.95,4.37,3.22,0.01,1.44,1.2,7.39,1.72亿,1.56亿,119.86亿,123.57
3639,23,301067,显盈科技,36.37,9.61,3.19,0.0,37.65,1.36,18.29,7.37亿,0.56亿,20.37亿,471.82
3640,24,688073,毕得医药,49.43,6.53,3.03,0.0,3.95,1.65,9.55,0.84亿,0.43亿,21.37亿,40.18
3641,25,688281,华秦科技,95.95,3.15,2.93,0.0,12.31,4.02,5.08,5.88亿,0.49亿,46.70亿,45.27
3642,26,300976,达瑞电子,75.2,4.03,2.91,0.07,8.35,1.28,6.99,3.81亿,0.61亿,45.98亿,29.53
3643,27,002625,光启技术,48.05,6.3,2.85,0.0,4.48,1.65,5.8,38.18亿,17.78亿,854.56亿,144.66
3644,28,300935,盈建科,25.14,12.18,2.73,-0.04,8.93,2.01,16.96,1.33亿,0.60亿,15.15亿,--
3645,29,839790,联迪信息,33.94,8.68,2.71,0.0,11.5,1.89,16.23,2.11亿,0.54亿,18.45亿,197.53
3646,30,688050,爱博医疗,92.55,2.82,2.54,0.16,0.93,1.15,4.41,1.62亿,1.90亿,175.42亿,41.43
3647,1681,600179,安通控股,2.97,2.06,0.06,0.0,0.79,1.26,3.78,0.87亿,37.34亿,110.91亿,58.46
3648,1682,600229,城市传媒,7.29,0.83,0.06,-0.14,0.94,0.64,3.04,0.46亿,6.71亿,48.93亿,27.83
3649,1683,600284,浦东建设,6.46,0.94,0.06,0.0,1.26,1.04,1.88,0.79亿,9.70亿,62.68亿,10.18
3650,1684,600335,国机汽车,6.63,0.91,0.06,0.0,1.71,0.56,2.44,1.70亿,14.96亿,99.17亿,24.25
3651,1685,600339,中油工程,3.7,1.65,0.06,0.54,0.76,1.01,2.75,1.56亿,55.83亿,206.58亿,24.50
3652,1686,600410,华胜天成,7.56,0.8,0.06,-0.13,7.46,0.7,4.13,6.24亿,10.96亿,82.89亿,--
3653,1687,600433,冠豪高新,3.27,1.87,0.06,-0.31,0.84,0.71,3.43,0.48亿,17.50亿,57.23亿,61.68
3654,1688,600500,中化国际,4.15,1.47,0.06,-0.24,0.49,0.84,2.69,0.73亿,35.87亿,148.85亿,--
3655,1689,600510,黑牡丹,4.88,1.25,0.06,0.0,0.86,0.89,2.9,0.43亿,10.32亿,50.36亿,47.59
3656,1690,600517,国网英大,5.74,1.06,0.06,0.0,0.33,1.08,2.11,1.08亿,57.18亿,328.24亿,16.95
